SolidWorks IGES file using analytic representation for surfaces         S      1
1H,,1H;,6HAssem1,67HE:\Solidworks Models\Solid work 2016\Replacement hipG      1
\hip\Assem1.IGS,15HSolidWorks 2016,15HSolidWorks 2016,32,308,15,308,15, G      2
6HAssem1,1.,2,2HMM,50,0.125,13H210601.202236,1E-008,499990.,4Hdell,,11, G      3
0,13H210601.202236;                                                     G      4
     314       1       0       0       0                        00000200D      1
     314       0       6       1       0                               0D      2
     128       2       0       0       0                        01010000D      3
     128       0       0     178       0                               0D      4
     126     180       0       0       0                        01010500D      5
     126       0       0       2       0                               0D      6
     124     182       0       0       0                        00000000D      7
     124       0       0       4       0                               0D      8
     100     186       0       0       0               7        01010000D      9
     100       0       0       2       0                               0D     10
     126     188       0       0       0                        01010500D     11
     126       0       0       2       0                               0D     12
     126     190       0       0       0                        01010000D     13
     126       0       0       9       0                               0D     14
     126     199       0       0       0                        01010500D     15
     126       0       0       2       0                               0D     16
     126     201       0       0       0                        01010000D     17
     126       0       0       5       0                               0D     18
     126     206       0       0       0                        01010500D     19
     126       0       0       2       0                               0D     20
     126     208       0       0       0                        01010000D     21
     126       0       0       8       0                               0D     22
     102     216       0       0       0                        01010500D     23
     102       0       0       1       0                               0D     24
     102     217       0       0       0                        01010000D     25
     102       0       0       1       0                               0D     26
     142     218       0       0       0                        00010500D     27
     142       0       0       1       0                               0D     28
     144     219       0       0       1                        00010000D     29
     144       0      -1       1       0                               0D     30
     128     220       0       0       0                        01010000D     31
     128       0       0      85       0                               0D     32
     126     305       0       0       0                        01010500D     33
     126       0       0       2       0                               0D     34
     126     307       0       0       0                        01010000D     35
     126       0       0      23       0                               0D     36
     126     330       0       0       0                        01010500D     37
     126       0       0       2       0                               0D     38
     126     332       0       0       0                        01010000D     39
     126       0       0       4       0                               0D     40
     126     336       0       0       0                        01010500D     41
     126       0       0       2       0                               0D     42
     126     338       0       0       0                        01010000D     43
     126       0       0       8       0                               0D     44
     126     346       0       0       0                        01010500D     45
     126       0       0       2       0                               0D     46
     126     348       0       0       0                        01010000D     47
     126       0       0       4       0                               0D     48
     102     352       0       0       0                        01010500D     49
     102       0       0       1       0                               0D     50
     102     353       0       0       0                        01010000D     51
     102       0       0       1       0                               0D     52
     142     354       0       0       0                        00010500D     53
     142       0       0       1       0                               0D     54
     144     355       0       0       1                        00010000D     55
     144       0      -1       1       0                               0D     56
     128     356       0       0       0                        01010000D     57
     128       0       0      14       0                               0D     58
     126     370       0       0       0                        01010500D     59
     126       0       0       2       0                               0D     60
     124     372       0       0       0                        00000000D     61
     124       0       0       4       0                               0D     62
     100     376       0       0       0              61        01010000D     63
     100       0       0       2       0                               0D     64
     126     378       0       0       0                        01010500D     65
     126       0       0       2       0                               0D     66
     100     380       0       0       0                        01010000D     67
     100       0       0       2       0                               0D     68
     126     382       0       0       0                        01010500D     69
     126       0       0       2       0                               0D     70
     124     384       0       0       0                        00000000D     71
     124       0       0       4       0                               0D     72
     100     388       0       0       0              71        01010000D     73
     100       0       0       2       0                               0D     74
     126     390       0       0       0                        01010500D     75
     126       0       0       2       0                               0D     76
     100     392       0       0       0                        01010000D     77
     100       0       0       2       0                               0D     78
     102     394       0       0       0                        01010500D     79
     102       0       0       1       0                               0D     80
     102     395       0       0       0                        01010000D     81
     102       0       0       1       0                               0D     82
     142     396       0       0       0                        00010500D     83
     142       0       0       1       0                               0D     84
     144     397       0       0       1                        00010000D     85
     144       0      -1       1       0                               0D     86
     314     398       0       0       0                        00000200D     87
     314       0       8       1       0                               0D     88
     110     399       0       0       0                        01010000D     89
     110       0       0       2       0                               0D     90
     110     401       0       0       0                        01010000D     91
     110       0       0       1       0                               0D     92
     120     402       0       0       0                        01010000D     93
     120       0       0       1       0                               0D     94
     126     403       0       0       0                        01010500D     95
     126       0       0       2       0                               0D     96
     124     405       0       0       0                        00000000D     97
     124       0       0       4       0                               0D     98
     100     409       0       0       0              97        01010000D     99
     100       0       0       2       0                               0D    100
     126     411       0       0       0                        01010500D    101
     126       0       0       2       0                               0D    102
     110     413       0       0       0                        01010000D    103
     110       0       0       1       0                               0D    104
     126     414       0       0       0                        01010500D    105
     126       0       0       2       0                               0D    106
     124     416       0       0       0                        00000000D    107
     124       0       0       3       0                               0D    108
     100     419       0       0       0             107        01010000D    109
     100       0       0       1       0                               0D    110
     126     420       0       0       0                        01010500D    111
     126       0       0       2       0                               0D    112
     110     422       0       0       0                        01010000D    113
     110       0       0       1       0                               0D    114
     102     423       0       0       0                        01010500D    115
     102       0       0       1       0                               0D    116
     102     424       0       0       0                        01010000D    117
     102       0       0       1       0                               0D    118
     142     425       0       0       0                        00010500D    119
     142       0       0       1       0                               0D    120
     144     426       0       0       1                        00010000D    121
     144       0     -87       1       0                               0D    122
     314     427       0       0       0                        00000200D    123
     314       0       8       1       0                               0D    124
     110     428       0       0       0                        01010000D    125
     110       0       0       1       0                               0D    126
     100     429       0       0       0                        01010000D    127
     100       0       0       2       0                               0D    128
     120     431       0       0       0                        01010000D    129
     120       0       0       1       0                               0D    130
     126     432       0       0       0                        01010500D    131
     126       0       0       2       0                               0D    132
     124     434       0       0       0                        00000000D    133
     124       0       0       4       0                               0D    134
     100     438       0       0       0             133        01010000D    135
     100       0       0       1       0                               0D    136
     126     439       0       0       0                        01010500D    137
     126       0       0       2       0                               0D    138
     124     441       0       0       0                        00000000D    139
     124       0       0       3       0                               0D    140
     100     444       0       0       0             139        01010000D    141
     100       0       0       1       0                               0D    142
     126     445       0       0       0                        01010500D    143
     126       0       0       2       0                               0D    144
     124     447       0       0       0                        00000000D    145
     124       0       0       3       0                               0D    146
     100     450       0       0       0             145        01010000D    147
     100       0       0       1       0                               0D    148
     102     451       0       0       0                        01010500D    149
     102       0       0       1       0                               0D    150
     102     452       0       0       0                        01010000D    151
     102       0       0       1       0                               0D    152
     142     453       0       0       0                        00010500D    153
     142       0       0       1       0                               0D    154
     144     454       0       0       1                        00010000D    155
     144       0    -123       1       0                               0D    156
     128     455       0       0       0                        01010000D    157
     128       0       0       4       0                               0D    158
     126     459       0       0       0                        01010500D    159
     126       0       0      22       0                               0D    160
     124     481       0       0       0                        00000000D    161
     124       0       0       4       0                               0D    162
     100     485       0       0       0             161        01010000D    163
     100       0       0       2       0                               0D    164
     126     487       0       0       0                        01010500D    165
     126       0       0      22       0                               0D    166
     124     509       0       0       0                        00000000D    167
     124       0       0       4       0                               0D    168
     100     513       0       0       0             167        01010000D    169
     100       0       0       2       0                               0D    170
     102     515       0       0       0                        01010500D    171
     102       0       0       1       0                               0D    172
     102     516       0       0       0                        01010000D    173
     102       0       0       1       0                               0D    174
     142     517       0       0       0                        00010500D    175
     142       0       0       1       0                               0D    176
     126     518       0       0       0                        01010500D    177
     126       0       0      22       0                               0D    178
     126     540       0       0       0                        01010000D    179
     126       0       0      24       0                               0D    180
     126     564       0       0       0                        01010500D    181
     126       0       0      22       0                               0D    182
     126     586       0       0       0                        01010000D    183
     126       0       0      22       0                               0D    184
     102     608       0       0       0                        01010500D    185
     102       0       0       1       0                               0D    186
     102     609       0       0       0                        01010000D    187
     102       0       0       1       0                               0D    188
     142     610       0       0       0                        00010500D    189
     142       0       0       1       0                               0D    190
     144     611       0       0       1                        00010000D    191
     144       0      -1       1       0                               0D    192
     314     612       0       0       0                        00000200D    193
     314       0       8       1       0                               0D    194
     110     613       0       0       0                        01010000D    195
     110       0       0       1       0                               0D    196
     100     614       0       0       0                        01010000D    197
     100       0       0       2       0                               0D    198
     120     616       0       0       0                        01010000D    199
     120       0       0       1       0                               0D    200
     126     617       0       0       0                        01010500D    201
     126       0       0       2       0                               0D    202
     100     619       0       0       0                        01010000D    203
     100       0       0       2       0                               0D    204
     126     621       0       0       0                        01010500D    205
     126       0       0       2       0                               0D    206
     126     623       0       0       0                        01010500D    207
     126       0       0       2       0                               0D    208
     100     625       0       0       0                        01010000D    209
     100       0       0       2       0                               0D    210
     126     627       0       0       0                        01010500D    211
     126       0       0       2       0                               0D    212
     124     629       0       0       0                        00000000D    213
     124       0       0       3       0                               0D    214
     100     632       0       0       0             213        01010000D    215
     100       0       0       1       0                               0D    216
     102     633       0       0       0                        01010500D    217
     102       0       0       1       0                               0D    218
     102     634       0       0       0                        01010000D    219
     102       0       0       1       0                               0D    220
     142     635       0       0       0                        00010500D    221
     142       0       0       1       0                               0D    222
     144     636       0       0       1                        00010000D    223
     144       0    -193       1       0                               0D    224
     314     637       0       0       0                        00000200D    225
     314       0       8       1       0                               0D    226
     110     638       0       0       0                        01010000D    227
     110       0       0       2       0                               0D    228
     110     640       0       0       0                        01010000D    229
     110       0       0       1       0                               0D    230
     120     641       0       0       0                        01010000D    231
     120       0       0       1       0                               0D    232
     126     642       0       0       0                        01010500D    233
     126       0       0       2       0                               0D    234
     110     644       0       0       0                        01010000D    235
     110       0       0       1       0                               0D    236
     126     645       0       0       0                        01010500D    237
     126       0       0       2       0                               0D    238
     124     647       0       0       0                        00000000D    239
     124       0       0       5       0                               0D    240
     100     652       0       0       0             239        01010000D    241
     100       0       0       2       0                               0D    242
     126     654       0       0       0                        01010500D    243
     126       0       0       2       0                               0D    244
     110     656       0       0       0                        01010000D    245
     110       0       0       1       0                               0D    246
     126     657       0       0       0                        01010500D    247
     126       0       0       2       0                               0D    248
     124     659       0       0       0                        00000000D    249
     124       0       0       3       0                               0D    250
     100     662       0       0       0             249        01010000D    251
     100       0       0       1       0                               0D    252
     102     663       0       0       0                        01010500D    253
     102       0       0       1       0                               0D    254
     102     664       0       0       0                        01010000D    255
     102       0       0       1       0                               0D    256
     142     665       0       0       0                        00010500D    257
     142       0       0       1       0                               0D    258
     144     666       0       0       1                        00010000D    259
     144       0    -225       1       0                               0D    260
     128     667       0       0       0                        01010000D    261
     128       0       0      14       0                               0D    262
     126     681       0       0       0                        01010500D    263
     126       0       0       2       0                               0D    264
     124     683       0       0       0                        00000000D    265
     124       0       0       4       0                               0D    266
     100     687       0       0       0             265        01010000D    267
     100       0       0       1       0                               0D    268
     126     688       0       0       0                        01010500D    269
     126       0       0       2       0                               0D    270
     124     690       0       0       0                        00000000D    271
     124       0       0       4       0                               0D    272
     100     694       0       0       0             271        01010000D    273
     100       0       0       2       0                               0D    274
     126     696       0       0       0                        01010500D    275
     126       0       0       2       0                               0D    276
     124     698       0       0       0                        00000000D    277
     124       0       0       4       0                               0D    278
     100     702       0       0       0             277        01010000D    279
     100       0       0       1       0                               0D    280
     126     703       0       0       0                        01010500D    281
     126       0       0       2       0                               0D    282
     124     705       0       0       0                        00000000D    283
     124       0       0       5       0                               0D    284
     100     710       0       0       0             283        01010000D    285
     100       0       0       2       0                               0D    286
     102     712       0       0       0                        01010500D    287
     102       0       0       1       0                               0D    288
     102     713       0       0       0                        01010000D    289
     102       0       0       1       0                               0D    290
     142     714       0       0       0                        00010500D    291
     142       0       0       1       0                               0D    292
     144     715       0       0       1                        00010000D    293
     144       0      -1       1       0                               0D    294
     128     716       0       0       0                        01010000D    295
     128       0       0      77       0                               0D    296
     126     793       0       0       0                        01010500D    297
     126       0       0       2       0                               0D    298
     126     795       0       0       0                        01010000D    299
     126       0       0       4       0                               0D    300
     126     799       0       0       0                        01010500D    301
     126       0       0       2       0                               0D    302
     126     801       0       0       0                        01010000D    303
     126       0       0      23       0                               0D    304
     126     824       0       0       0                        01010500D    305
     126       0       0       2       0                               0D    306
     126     826       0       0       0                        01010000D    307
     126       0       0       4       0                               0D    308
     126     830       0       0       0                        01010500D    309
     126       0       0       2       0                               0D    310
     126     832       0       0       0                        01010000D    311
     126       0       0       5       0                               0D    312
     102     837       0       0       0                        01010500D    313
     102       0       0       1       0                               0D    314
     102     838       0       0       0                        01010000D    315
     102       0       0       1       0                               0D    316
     142     839       0       0       0                        00010500D    317
     142       0       0       1       0                               0D    318
     144     840       0       0       1                        00010000D    319
     144       0      -1       1       0                               0D    320
     128     841       0       0       0                        01010000D    321
     128       0       0       4       0                               0D    322
     126     845       0       0       0                        01010500D    323
     126       0       0      22       0                               0D    324
     124     867       0       0       0                        00000000D    325
     124       0       0       4       0                               0D    326
     100     871       0       0       0             325        01010000D    327
     100       0       0       2       0                               0D    328
     126     873       0       0       0                        01010500D    329
     126       0       0      22       0                               0D    330
     124     895       0       0       0                        00000000D    331
     124       0       0       4       0                               0D    332
     100     899       0       0       0             331        01010000D    333
     100       0       0       2       0                               0D    334
     102     901       0       0       0                        01010500D    335
     102       0       0       1       0                               0D    336
     102     902       0       0       0                        01010000D    337
     102       0       0       1       0                               0D    338
     142     903       0       0       0                        00010500D    339
     142       0       0       1       0                               0D    340
     144     904       0       0       1                        00010000D    341
     144       0      -1       1       0                               0D    342
     128     905       0       0       0                        01010000D    343
     128       0       0     193       0                               0D    344
     126    1098       0       0       0                        01010500D    345
     126       0       0       2       0                               0D    346
     126    1100       0       0       0                        01010000D    347
     126       0       0       9       0                               0D    348
     126    1109       0       0       0                        01010500D    349
     126       0       0       2       0                               0D    350
     124    1111       0       0       0                        00000000D    351
     124       0       0       4       0                               0D    352
     100    1115       0       0       0             351        01010000D    353
     100       0       0       2       0                               0D    354
     126    1117       0       0       0                        01010500D    355
     126       0       0       2       0                               0D    356
     126    1119       0       0       0                        01010000D    357
     126       0       0       7       0                               0D    358
     126    1126       0       0       0                        01010500D    359
     126       0       0       2       0                               0D    360
     126    1128       0       0       0                        01010000D    361
     126       0       0       8       0                               0D    362
     102    1136       0       0       0                        01010500D    363
     102       0       0       1       0                               0D    364
     102    1137       0       0       0                        01010000D    365
     102       0       0       1       0                               0D    366
     142    1138       0       0       0                        00010500D    367
     142       0       0       1       0                               0D    368
     144    1139       0       0       1                        00010000D    369
     144       0      -1       1       0                               0D    370
     308    1140       0       0       1                        00010201D    371
     308       0       0       2       0                               0D    372
     124    1142       0       0       0                        00000000D    373
     124       0       0       2       0                               0D    374
     408    1144       0       0       2             373        00000001D    375
     408       0       0       1       0                               0D    376
     314    1145       0       0       0                        00000200D    377
     314       0       8       1       0                               0D    378
     110    1146       0       0       0                        01010000D    379
     110       0       0       1       0                               0D    380
     110    1147       0       0       0                        01010000D    381
     110       0       0       1       0                               0D    382
     120    1148       0       0       0                        01010000D    383
     120       0       0       1       0                               0D    384
     126    1149       0       0       0                        01010500D    385
     126       0       0       2       0                               0D    386
     124    1151       0       0       0                        00000000D    387
     124       0       0       3       0                               0D    388
     100    1154       0       0       0             387        01010000D    389
     100       0       0       1       0                               0D    390
     126    1155       0       0       0                        01010500D    391
     126       0       0       2       0                               0D    392
     110    1157       0       0       0                        01010000D    393
     110       0       0       1       0                               0D    394
     126    1158       0       0       0                        01010500D    395
     126       0       0       2       0                               0D    396
     124    1160       0       0       0                        00000000D    397
     124       0       0       3       0                               0D    398
     100    1163       0       0       0             397        01010000D    399
     100       0       0       1       0                               0D    400
     126    1164       0       0       0                        01010500D    401
     126       0       0       2       0                               0D    402
     110    1166       0       0       0                        01010000D    403
     110       0       0       1       0                               0D    404
     102    1167       0       0       0                        01010500D    405
     102       0       0       1       0                               0D    406
     102    1168       0       0       0                        01010000D    407
     102       0       0       1       0                               0D    408
     142    1169       0       0       0                        00010500D    409
     142       0       0       1       0                               0D    410
     144    1170       0       0       3                        00010000D    411
     144       0    -377       1       0                               0D    412
     110    1171       0       0       0                        01010000D    413
     110       0       0       1       0                               0D    414
     100    1172       0       0       0                        01010000D    415
     100       0       0       1       0                               0D    416
     120    1173       0       0       0                        01010000D    417
     120       0       0       1       0                               0D    418
     126    1174       0       0       0                        01010500D    419
     126       0       0       2       0                               0D    420
     124    1176       0       0       0                        00000000D    421
     124       0       0       3       0                               0D    422
     100    1179       0       0       0             421        01010000D    423
     100       0       0       1       0                               0D    424
     126    1180       0       0       0                        01010500D    425
     126       0       0       2       0                               0D    426
     124    1182       0       0       0                        00000000D    427
     124       0       0       3       0                               0D    428
     100    1185       0       0       0             427        01010000D    429
     100       0       0       1       0                               0D    430
     126    1186       0       0       0                        01010500D    431
     126       0       0       2       0                               0D    432
     124    1188       0       0       0                        00000000D    433
     124       0       0       2       0                               0D    434
     100    1190       0       0       0             433        01010000D    435
     100       0       0       1       0                               0D    436
     102    1191       0       0       0                        01010500D    437
     102       0       0       1       0                               0D    438
     102    1192       0       0       0                        01010000D    439
     102       0       0       1       0                               0D    440
     142    1193       0       0       0                        00010500D    441
     142       0       0       1       0                               0D    442
     144    1194       0       0       3                        00010000D    443
     144       0    -377       1       0                               0D    444
     110    1195       0       0       0                        01010000D    445
     110       0       0       1       0                               0D    446
     100    1196       0       0       0                        01010000D    447
     100       0       0       1       0                               0D    448
     120    1197       0       0       0                        01010000D    449
     120       0       0       1       0                               0D    450
     126    1198       0       0       0                        01010500D    451
     126       0       0       2       0                               0D    452
     124    1200       0       0       0                        00000000D    453
     124       0       0       3       0                               0D    454
     100    1203       0       0       0             453        01010000D    455
     100       0       0       1       0                               0D    456
     126    1204       0       0       0                        01010500D    457
     126       0       0       2       0                               0D    458
     124    1206       0       0       0                        00000000D    459
     124       0       0       3       0                               0D    460
     100    1209       0       0       0             459        01010000D    461
     100       0       0       1       0                               0D    462
     126    1210       0       0       0                        01010500D    463
     126       0       0       2       0                               0D    464
     100    1212       0       0       0                        01010000D    465
     100       0       0       1       0                               0D    466
     126    1213       0       0       0                        01010500D    467
     126       0       0       2       0                               0D    468
     126    1215       0       0       0                        01010500D    469
     126       0       0       2       0                               0D    470
     100    1217       0       0       0                        01010000D    471
     100       0       0       1       0                               0D    472
     102    1218       0       0       0                        01010500D    473
     102       0       0       1       0                               0D    474
     102    1219       0       0       0                        01010000D    475
     102       0       0       1       0                               0D    476
     142    1220       0       0       0                        00010500D    477
     142       0       0       1       0                               0D    478
     144    1221       0       0       3                        00010000D    479
     144       0    -377       1       0                               0D    480
     128    1222       0       0       0                        01010000D    481
     128       0       0      16       0                               0D    482
     126    1238       0       0       0                        01010500D    483
     126       0       0       2       0                               0D    484
     124    1240       0       0       0                        00000000D    485
     124       0       0       3       0                               0D    486
     100    1243       0       0       0             485        01010000D    487
     100       0       0       1       0                               0D    488
     126    1244       0       0       0                        01010500D    489
     126       0       0       2       0                               0D    490
     124    1246       0       0       0                        00000000D    491
     124       0       0       4       0                               0D    492
     100    1250       0       0       0             491        01010000D    493
     100       0       0       1       0                               0D    494
     126    1251       0       0       0                        01010500D    495
     126       0       0       2       0                               0D    496
     124    1253       0       0       0                        00000000D    497
     124       0       0       3       0                               0D    498
     100    1256       0       0       0             497        01010000D    499
     100       0       0       1       0                               0D    500
     126    1257       0       0       0                        01010500D    501
     126       0       0       2       0                               0D    502
     124    1259       0       0       0                        00000000D    503
     124       0       0       2       0                               0D    504
     100    1261       0       0       0             503        01010000D    505
     100       0       0       1       0                               0D    506
     126    1262       0       0       0                        01010500D    507
     126       0       0       2       0                               0D    508
     124    1264       0       0       0                        00000000D    509
     124       0       0       3       0                               0D    510
     100    1267       0       0       0             509        01010000D    511
     100       0       0       1       0                               0D    512
     102    1268       0       0       0                        01010500D    513
     102       0       0       1       0                               0D    514
     102    1269       0       0       0                        01010000D    515
     102       0       0       1       0                               0D    516
     142    1270       0       0       0                        00010500D    517
     142       0       0       1       0                               0D    518
     144    1271       0       0       3                        00010000D    519
     144       0    -377       1       0                               0D    520
     128    1272       0       0       0                        01010000D    521
     128       0       0       3       0                               0D    522
     126    1275       0       0       0                        01010500D    523
     126       0       0      44       0                               0D    524
     124    1319       0       0       0                        00000000D    525
     124       0       0       3       0                               0D    526
     100    1322       0       0       0             525        01010000D    527
     100       0       0       1       0                               0D    528
     126    1323       0       0       0                        01010500D    529
     126       0       0      44       0                               0D    530
     124    1367       0       0       0                        00000000D    531
     124       0       0       3       0                               0D    532
     100    1370       0       0       0             531        01010000D    533
     100       0       0       1       0                               0D    534
     102    1371       0       0       0                        01010500D    535
     102       0       0       1       0                               0D    536
     102    1372       0       0       0                        01010000D    537
     102       0       0       1       0                               0D    538
     142    1373       0       0       0                        00010500D    539
     142       0       0       1       0                               0D    540
     126    1374       0       0       0                        01010500D    541
     126       0       0      44       0                               0D    542
     124    1418       0       0       0                        00000000D    543
     124       0       0       3       0                               0D    544
     100    1421       0       0       0             543        01010000D    545
     100       0       0       1       0                               0D    546
     126    1422       0       0       0                        01010500D    547
     126       0       0      44       0                               0D    548
     124    1466       0       0       0                        00000000D    549
     124       0       0       3       0                               0D    550
     100    1469       0       0       0             549        01010000D    551
     100       0       0       1       0                               0D    552
     102    1470       0       0       0                        01010500D    553
     102       0       0       1       0                               0D    554
     102    1471       0       0       0                        01010000D    555
     102       0       0       1       0                               0D    556
     142    1472       0       0       0                        00010500D    557
     142       0       0       1       0                               0D    558
     144    1473       0       0       3                        00010000D    559
     144       0    -377       1       0                               0D    560
     128    1474       0       0       0                        01010000D    561
     128       0       0      16       0                               0D    562
     126    1490       0       0       0                        01010500D    563
     126       0       0       2       0                               0D    564
     124    1492       0       0       0                        00000000D    565
     124       0       0       3       0                               0D    566
     100    1495       0       0       0             565        01010000D    567
     100       0       0       1       0                               0D    568
     126    1496       0       0       0                        01010500D    569
     126       0       0       2       0                               0D    570
     124    1498       0       0       0                        00000000D    571
     124       0       0       3       0                               0D    572
     100    1501       0       0       0             571        01010000D    573
     100       0       0       1       0                               0D    574
     126    1502       0       0       0                        01010500D    575
     126       0       0       2       0                               0D    576
     124    1504       0       0       0                        00000000D    577
     124       0       0       3       0                               0D    578
     100    1507       0       0       0             577        01010000D    579
     100       0       0       1       0                               0D    580
     126    1508       0       0       0                        01010500D    581
     126       0       0       2       0                               0D    582
     124    1510       0       0       0                        00000000D    583
     124       0       0       3       0                               0D    584
     100    1513       0       0       0             583        01010000D    585
     100       0       0       1       0                               0D    586
     126    1514       0       0       0                        01010500D    587
     126       0       0       2       0                               0D    588
     124    1516       0       0       0                        00000000D    589
     124       0       0       3       0                               0D    590
     100    1519       0       0       0             589        01010000D    591
     100       0       0       1       0                               0D    592
     102    1520       0       0       0                        01010500D    593
     102       0       0       1       0                               0D    594
     102    1521       0       0       0                        01010000D    595
     102       0       0       1       0                               0D    596
     142    1522       0       0       0                        00010500D    597
     142       0       0       1       0                               0D    598
     144    1523       0       0       3                        00010000D    599
     144       0    -377       1       0                               0D    600
     110    1524       0       0       0                        01010000D    601
     110       0       0       1       0                               0D    602
     100    1525       0       0       0                        01010000D    603
     100       0       0       1       0                               0D    604
     120    1526       0       0       0                        01010000D    605
     120       0       0       1       0                               0D    606
     126    1527       0       0       0                        01010500D    607
     126       0       0       2       0                               0D    608
     124    1529       0       0       0                        00000000D    609
     124       0       0       2       0                               0D    610
     100    1531       0       0       0             609        01010000D    611
     100       0       0       1       0                               0D    612
     126    1532       0       0       0                        01010500D    613
     126       0       0       2       0                               0D    614
     124    1534       0       0       0                        00000000D    615
     124       0       0       3       0                               0D    616
     100    1537       0       0       0             615        01010000D    617
     100       0       0       1       0                               0D    618
     126    1538       0       0       0                        01010500D    619
     126       0       0       2       0                               0D    620
     124    1540       0       0       0                        00000000D    621
     124       0       0       3       0                               0D    622
     100    1543       0       0       0             621        01010000D    623
     100       0       0       1       0                               0D    624
     126    1544       0       0       0                        01010500D    625
     126       0       0       2       0                               0D    626
     126    1546       0       0       0                        01010500D    627
     126       0       0       2       0                               0D    628
     124    1548       0       0       0                        00000000D    629
     124       0       0       3       0                               0D    630
     100    1551       0       0       0             629        01010000D    631
     100       0       0       1       0                               0D    632
     102    1552       0       0       0                        01010500D    633
     102       0       0       1       0                               0D    634
     102    1553       0       0       0                        01010000D    635
     102       0       0       1       0                               0D    636
     142    1554       0       0       0                        00010500D    637
     142       0       0       1       0                               0D    638
     144    1555       0       0       3                        00010000D    639
     144       0    -377       1       0                               0D    640
     110    1556       0       0       0                        01010000D    641
     110       0       0       1       0                               0D    642
     100    1557       0       0       0                        01010000D    643
     100       0       0       1       0                               0D    644
     120    1558       0       0       0                        01010000D    645
     120       0       0       1       0                               0D    646
     126    1559       0       0       0                        01010500D    647
     126       0       0       2       0                               0D    648
     100    1561       0       0       0                        01010000D    649
     100       0       0       1       0                               0D    650
     126    1562       0       0       0                        01010500D    651
     126       0       0       2       0                               0D    652
     126    1564       0       0       0                        01010500D    653
     126       0       0       2       0                               0D    654
     100    1566       0       0       0                        01010000D    655
     100       0       0       1       0                               0D    656
     126    1567       0       0       0                        01010500D    657
     126       0       0       2       0                               0D    658
     124    1569       0       0       0                        00000000D    659
     124       0       0       3       0                               0D    660
     100    1572       0       0       0             659        01010000D    661
     100       0       0       1       0                               0D    662
     102    1573       0       0       0                        01010500D    663
     102       0       0       1       0                               0D    664
     102    1574       0       0       0                        01010000D    665
     102       0       0       1       0                               0D    666
     142    1575       0       0       0                        00010500D    667
     142       0       0       1       0                               0D    668
     144    1576       0       0       3                        00010000D    669
     144       0    -377       1       0                               0D    670
     128    1577       0       0       0                        01010000D    671
     128       0       0       3       0                               0D    672
     126    1580       0       0       0                        01010500D    673
     126       0       0      44       0                               0D    674
     124    1624       0       0       0                        00000000D    675
     124       0       0       3       0                               0D    676
     100    1627       0       0       0             675        01010000D    677
     100       0       0       1       0                               0D    678
     126    1628       0       0       0                        01010500D    679
     126       0       0      44       0                               0D    680
     124    1672       0       0       0                        00000000D    681
     124       0       0       3       0                               0D    682
     100    1675       0       0       0             681        01010000D    683
     100       0       0       1       0                               0D    684
     102    1676       0       0       0                        01010500D    685
     102       0       0       1       0                               0D    686
     102    1677       0       0       0                        01010000D    687
     102       0       0       1       0                               0D    688
     142    1678       0       0       0                        00010500D    689
     142       0       0       1       0                               0D    690
     126    1679       0       0       0                        01010500D    691
     126       0       0      44       0                               0D    692
     124    1723       0       0       0                        00000000D    693
     124       0       0       3       0                               0D    694
     100    1726       0       0       0             693        01010000D    695
     100       0       0       1       0                               0D    696
     126    1727       0       0       0                        01010500D    697
     126       0       0      44       0                               0D    698
     124    1771       0       0       0                        00000000D    699
     124       0       0       2       0                               0D    700
     100    1773       0       0       0             699        01010000D    701
     100       0       0       1       0                               0D    702
     102    1774       0       0       0                        01010500D    703
     102       0       0       1       0                               0D    704
     102    1775       0       0       0                        01010000D    705
     102       0       0       1       0                               0D    706
     142    1776       0       0       0                        00010500D    707
     142       0       0       1       0                               0D    708
     144    1777       0       0       3                        00010000D    709
     144       0    -377       1       0                               0D    710
     110    1778       0       0       0                        01010000D    711
     110       0       0       1       0                               0D    712
     110    1779       0       0       0                        01010000D    713
     110       0       0       1       0                               0D    714
     120    1780       0       0       0                        01010000D    715
     120       0       0       1       0                               0D    716
     126    1781       0       0       0                        01010500D    717
     126       0       0       2       0                               0D    718
     110    1783       0       0       0                        01010000D    719
     110       0       0       1       0                               0D    720
     126    1784       0       0       0                        01010500D    721
     126       0       0       2       0                               0D    722
     124    1786       0       0       0                        00000000D    723
     124       0       0       3       0                               0D    724
     100    1789       0       0       0             723        01010000D    725
     100       0       0       1       0                               0D    726
     126    1790       0       0       0                        01010500D    727
     126       0       0       2       0                               0D    728
     110    1792       0       0       0                        01010000D    729
     110       0       0       1       0                               0D    730
     126    1793       0       0       0                        01010500D    731
     126       0       0       2       0                               0D    732
     124    1795       0       0       0                        00000000D    733
     124       0       0       3       0                               0D    734
     100    1798       0       0       0             733        01010000D    735
     100       0       0       1       0                               0D    736
     102    1799       0       0       0                        01010500D    737
     102       0       0       1       0                               0D    738
     102    1800       0       0       0                        01010000D    739
     102       0       0       1       0                               0D    740
     142    1801       0       0       0                        00010500D    741
     142       0       0       1       0                               0D    742
     144    1802       0       0       3                        00010000D    743
     144       0    -377       1       0                               0D    744
     308    1803       0       0       3                        00010201D    745
     308       0       0       2       0                               0D    746
     124    1805       0       0       0                        00000000D    747
     124       0       0       4       0                               0D    748
     408    1809       0       0       4             747        00000001D    749
     408       0       0       1       0                               0D    750
     314    1810       0       0       0                        00000200D    751
     314       0       6       1       0                               0D    752
     110    1811       0       0       0                        01010000D    753
     110       0       0       1       0                               0D    754
     110    1812       0       0       0                        01010000D    755
     110       0       0       2       0                               0D    756
     120    1814       0       0       0                        01010000D    757
     120       0       0       1       0                               0D    758
     126    1815       0       0       0                        01010500D    759
     126       0       0       2       0                               0D    760
     110    1817       0       0       0                        01010000D    761
     110       0       0       2       0                               0D    762
     126    1819       0       0       0                        01010500D    763
     126       0       0       2       0                               0D    764
     124    1821       0       0       0                        00000000D    765
     124       0       0       4       0                               0D    766
     100    1825       0       0       0             765        01010000D    767
     100       0       0       2       0                               0D    768
     126    1827       0       0       0                        01010500D    769
     126       0       0       2       0                               0D    770
     110    1829       0       0       0                        01010000D    771
     110       0       0       2       0                               0D    772
     126    1831       0       0       0                        01010500D    773
     126       0       0       2       0                               0D    774
     124    1833       0       0       0                        00000000D    775
     124       0       0       4       0                               0D    776
     100    1837       0       0       0             775        01010000D    777
     100       0       0       2       0                               0D    778
     102    1839       0       0       0                        01010500D    779
     102       0       0       1       0                               0D    780
     102    1840       0       0       0                        01010000D    781
     102       0       0       1       0                               0D    782
     142    1841       0       0       0                        00010500D    783
     142       0       0       1       0                               0D    784
     144    1842       0       0       5                        00010000D    785
     144       0    -751       1       0                               0D    786
     110    1843       0       0       0                        01010000D    787
     110       0       0       1       0                               0D    788
     110    1844       0       0       0                        01010000D    789
     110       0       0       1       0                               0D    790
     120    1845       0       0       0                        01010000D    791
     120       0       0       1       0                               0D    792
     126    1846       0       0       0                        01010500D    793
     126       0       0       2       0                               0D    794
     110    1848       0       0       0                        01010000D    795
     110       0       0       1       0                               0D    796
     126    1849       0       0       0                        01010500D    797
     126       0       0       2       0                               0D    798
     124    1851       0       0       0                        00000000D    799
     124       0       0       4       0                               0D    800
     100    1855       0       0       0             799        01010000D    801
     100       0       0       2       0                               0D    802
     126    1857       0       0       0                        01010500D    803
     126       0       0       2       0                               0D    804
     110    1859       0       0       0                        01010000D    805
     110       0       0       1       0                               0D    806
     126    1860       0       0       0                        01010500D    807
     126       0       0       2       0                               0D    808
     124    1862       0       0       0                        00000000D    809
     124       0       0       4       0                               0D    810
     100    1866       0       0       0             809        01010000D    811
     100       0       0       2       0                               0D    812
     102    1868       0       0       0                        01010500D    813
     102       0       0       1       0                               0D    814
     102    1869       0       0       0                        01010000D    815
     102       0       0       1       0                               0D    816
     142    1870       0       0       0                        00010500D    817
     142       0       0       1       0                               0D    818
     144    1871       0       0       5                        00010000D    819
     144       0    -751       1       0                               0D    820
     110    1872       0       0       0                        01010000D    821
     110       0       0       1       0                               0D    822
     110    1873       0       0       0                        01010000D    823
     110       0       0       2       0                               0D    824
     120    1875       0       0       0                        01010000D    825
     120       0       0       1       0                               0D    826
     126    1876       0       0       0                        01010500D    827
     126       0       0       2       0                               0D    828
     110    1878       0       0       0                        01010000D    829
     110       0       0       2       0                               0D    830
     126    1880       0       0       0                        01010500D    831
     126       0       0       2       0                               0D    832
     124    1882       0       0       0                        00000000D    833
     124       0       0       4       0                               0D    834
     100    1886       0       0       0             833        01010000D    835
     100       0       0       2       0                               0D    836
     126    1888       0       0       0                        01010500D    837
     126       0       0       2       0                               0D    838
     110    1890       0       0       0                        01010000D    839
     110       0       0       2       0                               0D    840
     126    1892       0       0       0                        01010500D    841
     126       0       0       2       0                               0D    842
     124    1894       0       0       0                        00000000D    843
     124       0       0       4       0                               0D    844
     100    1898       0       0       0             843        01010000D    845
     100       0       0       2       0                               0D    846
     102    1900       0       0       0                        01010500D    847
     102       0       0       1       0                               0D    848
     102    1901       0       0       0                        01010000D    849
     102       0       0       1       0                               0D    850
     142    1902       0       0       0                        00010500D    851
     142       0       0       1       0                               0D    852
     144    1903       0       0       5                        00010000D    853
     144       0    -751       1       0                               0D    854
     110    1904       0       0       0                        01010000D    855
     110       0       0       1       0                               0D    856
     110    1905       0       0       0                        01010000D    857
     110       0       0       1       0                               0D    858
     120    1906       0       0       0                        01010000D    859
     120       0       0       1       0                               0D    860
     126    1907       0       0       0                        01010500D    861
     126       0       0       2       0                               0D    862
     110    1909       0       0       0                        01010000D    863
     110       0       0       1       0                               0D    864
     126    1910       0       0       0                        01010500D    865
     126       0       0       2       0                               0D    866
     124    1912       0       0       0                        00000000D    867
     124       0       0       5       0                               0D    868
     100    1917       0       0       0             867        01010000D    869
     100       0       0       2       0                               0D    870
     126    1919       0       0       0                        01010500D    871
     126       0       0       2       0                               0D    872
     110    1921       0       0       0                        01010000D    873
     110       0       0       1       0                               0D    874
     126    1922       0       0       0                        01010500D    875
     126       0       0       2       0                               0D    876
     124    1924       0       0       0                        00000000D    877
     124       0       0       5       0                               0D    878
     100    1929       0       0       0             877        01010000D    879
     100       0       0       2       0                               0D    880
     102    1931       0       0       0                        01010500D    881
     102       0       0       1       0                               0D    882
     102    1932       0       0       0                        01010000D    883
     102       0       0       1       0                               0D    884
     142    1933       0       0       0                        00010500D    885
     142       0       0       1       0                               0D    886
     144    1934       0       0       5                        00010000D    887
     144       0    -751       1       0                               0D    888
     110    1935       0       0       0                        01010000D    889
     110       0       0       1       0                               0D    890
     110    1936       0       0       0                        01010000D    891
     110       0       0       2       0                               0D    892
     120    1938       0       0       0                        01010000D    893
     120       0       0       1       0                               0D    894
     126    1939       0       0       0                        01010500D    895
     126       0       0       2       0                               0D    896
     110    1941       0       0       0                        01010000D    897
     110       0       0       2       0                               0D    898
     126    1943       0       0       0                        01010500D    899
     126       0       0       2       0                               0D    900
     124    1945       0       0       0                        00000000D    901
     124       0       0       4       0                               0D    902
     100    1949       0       0       0             901        01010000D    903
     100       0       0       2       0                               0D    904
     126    1951       0       0       0                        01010500D    905
     126       0       0       2       0                               0D    906
     110    1953       0       0       0                        01010000D    907
     110       0       0       2       0                               0D    908
     126    1955       0       0       0                        01010500D    909
     126       0       0       2       0                               0D    910
     124    1957       0       0       0                        00000000D    911
     124       0       0       4       0                               0D    912
     100    1961       0       0       0             911        01010000D    913
     100       0       0       2       0                               0D    914
     102    1963       0       0       0                        01010500D    915
     102       0       0       1       0                               0D    916
     102    1964       0       0       0                        01010000D    917
     102       0       0       1       0                               0D    918
     142    1965       0       0       0                        00010500D    919
     142       0       0       1       0                               0D    920
     144    1966       0       0       5                        00010000D    921
     144       0    -751       1       0                               0D    922
     110    1967       0       0       0                        01010000D    923
     110       0       0       1       0                               0D    924
     110    1968       0       0       0                        01010000D    925
     110       0       0       2       0                               0D    926
     120    1970       0       0       0                        01010000D    927
     120       0       0       1       0                               0D    928
     126    1971       0       0       0                        01010500D    929
     126       0       0       2       0                               0D    930
     110    1973       0       0       0                        01010000D    931
     110       0       0       2       0                               0D    932
     126    1975       0       0       0                        01010500D    933
     126       0       0       2       0                               0D    934
     124    1977       0       0       0                        00000000D    935
     124       0       0       4       0                               0D    936
     100    1981       0       0       0             935        01010000D    937
     100       0       0       2       0                               0D    938
     126    1983       0       0       0                        01010500D    939
     126       0       0       2       0                               0D    940
     110    1985       0       0       0                        01010000D    941
     110       0       0       2       0                               0D    942
     126    1987       0       0       0                        01010500D    943
     126       0       0       2       0                               0D    944
     124    1989       0       0       0                        00000000D    945
     124       0       0       4       0                               0D    946
     100    1993       0       0       0             945        01010000D    947
     100       0       0       2       0                               0D    948
     102    1995       0       0       0                        01010500D    949
     102       0       0       1       0                               0D    950
     102    1996       0       0       0                        01010000D    951
     102       0       0       1       0                               0D    952
     142    1997       0       0       0                        00010500D    953
     142       0       0       1       0                               0D    954
     144    1998       0       0       5                        00010000D    955
     144       0    -751       1       0                               0D    956
     110    1999       0       0       0                        01010000D    957
     110       0       0       1       0                               0D    958
     110    2000       0       0       0                        01010000D    959
     110       0       0       2       0                               0D    960
     120    2002       0       0       0                        01010000D    961
     120       0       0       1       0                               0D    962
     126    2003       0       0       0                        01010500D    963
     126       0       0       2       0                               0D    964
     110    2005       0       0       0                        01010000D    965
     110       0       0       2       0                               0D    966
     126    2007       0       0       0                        01010500D    967
     126       0       0       2       0                               0D    968
     124    2009       0       0       0                        00000000D    969
     124       0       0       4       0                               0D    970
     100    2013       0       0       0             969        01010000D    971
     100       0       0       2       0                               0D    972
     126    2015       0       0       0                        01010500D    973
     126       0       0       2       0                               0D    974
     110    2017       0       0       0                        01010000D    975
     110       0       0       2       0                               0D    976
     126    2019       0       0       0                        01010500D    977
     126       0       0       2       0                               0D    978
     124    2021       0       0       0                        00000000D    979
     124       0       0       4       0                               0D    980
     100    2025       0       0       0             979        01010000D    981
     100       0       0       2       0                               0D    982
     102    2027       0       0       0                        01010500D    983
     102       0       0       1       0                               0D    984
     102    2028       0       0       0                        01010000D    985
     102       0       0       1       0                               0D    986
     142    2029       0       0       0                        00010500D    987
     142       0       0       1       0                               0D    988
     144    2030       0       0       5                        00010000D    989
     144       0    -751       1       0                               0D    990
     110    2031       0       0       0                        01010000D    991
     110       0       0       1       0                               0D    992
     110    2032       0       0       0                        01010000D    993
     110       0       0       2       0                               0D    994
     120    2034       0       0       0                        01010000D    995
     120       0       0       1       0                               0D    996
     126    2035       0       0       0                        01010500D    997
     126       0       0       2       0                               0D    998
     110    2037       0       0       0                        01010000D    999
     110       0       0       2       0                               0D   1000
     126    2039       0       0       0                        01010500D   1001
     126       0       0       2       0                               0D   1002
     124    2041       0       0       0                        00000000D   1003
     124       0       0       5       0                               0D   1004
     100    2046       0       0       0            1003        01010000D   1005
     100       0       0       2       0                               0D   1006
     126    2048       0       0       0                        01010500D   1007
     126       0       0       2       0                               0D   1008
     110    2050       0       0       0                        01010000D   1009
     110       0       0       2       0                               0D   1010
     126    2052       0       0       0                        01010500D   1011
     126       0       0       2       0                               0D   1012
     124    2054       0       0       0                        00000000D   1013
     124       0       0       4       0                               0D   1014
     100    2058       0       0       0            1013        01010000D   1015
     100       0       0       2       0                               0D   1016
     102    2060       0       0       0                        01010500D   1017
     102       0       0       1       0                               0D   1018
     102    2061       0       0       0                        01010000D   1019
     102       0       0       1       0                               0D   1020
     142    2062       0       0       0                        00010500D   1021
     142       0       0       1       0                               0D   1022
     144    2063       0       0       5                        00010000D   1023
     144       0    -751       1       0                               0D   1024
     110    2064       0       0       0                        01010000D   1025
     110       0       0       1       0                               0D   1026
     124    2065       0       0       0                        00000000D   1027
     124       0       0       3       0                               0D   1028
     100    2068       0       0       0            1027        01010000D   1029
     100       0       0       1       0                               0D   1030
     120    2069       0       0       0                        01010000D   1031
     120       0       0       1       0                               0D   1032
     126    2070       0       0       0                        01010500D   1033
     126       0       0      22       0                               0D   1034
     124    2092       0       0       0                        00000000D   1035
     124       0       0       4       0                               0D   1036
     100    2096       0       0       0            1035        01010000D   1037
     100       0       0       2       0                               0D   1038
     126    2098       0       0       0                        01010500D   1039
     126       0       0      22       0                               0D   1040
     124    2120       0       0       0                        00000000D   1041
     124       0       0       4       0                               0D   1042
     100    2124       0       0       0            1041        01010000D   1043
     100       0       0       2       0                               0D   1044
     102    2126       0       0       0                        01010500D   1045
     102       0       0       1       0                               0D   1046
     102    2127       0       0       0                        01010000D   1047
     102       0       0       1       0                               0D   1048
     142    2128       0       0       0                        00010500D   1049
     142       0       0       1       0                               0D   1050
     126    2129       0       0       0                        01010500D   1051
     126       0       0      22       0                               0D   1052
     124    2151       0       0       0                        00000000D   1053
     124       0       0       4       0                               0D   1054
     100    2155       0       0       0            1053        01010000D   1055
     100       0       0       2       0                               0D   1056
     126    2157       0       0       0                        01010500D   1057
     126       0       0      22       0                               0D   1058
     124    2179       0       0       0                        00000000D   1059
     124       0       0       4       0                               0D   1060
     100    2183       0       0       0            1059        01010000D   1061
     100       0       0       2       0                               0D   1062
     102    2185       0       0       0                        01010500D   1063
     102       0       0       1       0                               0D   1064
     102    2186       0       0       0                        01010000D   1065
     102       0       0       1       0                               0D   1066
     142    2187       0       0       0                        00010500D   1067
     142       0       0       1       0                               0D   1068
     126    2188       0       0       0                        01010500D   1069
     126       0       0      22       0                               0D   1070
     124    2210       0       0       0                        00000000D   1071
     124       0       0       4       0                               0D   1072
     100    2214       0       0       0            1071        01010000D   1073
     100       0       0       2       0                               0D   1074
     126    2216       0       0       0                        01010500D   1075
     126       0       0      22       0                               0D   1076
     124    2238       0       0       0                        00000000D   1077
     124       0       0       4       0                               0D   1078
     100    2242       0       0       0            1077        01010000D   1079
     100       0       0       2       0                               0D   1080
     102    2244       0       0       0                        01010500D   1081
     102       0       0       1       0                               0D   1082
     102    2245       0       0       0                        01010000D   1083
     102       0       0       1       0                               0D   1084
     142    2246       0       0       0                        00010500D   1085
     142       0       0       1       0                               0D   1086
     126    2247       0       0       0                        01010500D   1087
     126       0       0       2       0                               0D   1088
     100    2249       0       0       0                        01010000D   1089
     100       0       0       1       0                               0D   1090
     126    2250       0       0       0                        01010500D   1091
     126       0       0       2       0                               0D   1092
     100    2252       0       0       0                        01010000D   1093
     100       0       0       1       0                               0D   1094
     126    2253       0       0       0                        01010500D   1095
     126       0       0      22       0                               0D   1096
     124    2275       0       0       0                        00000000D   1097
     124       0       0       4       0                               0D   1098
     100    2279       0       0       0            1097        01010000D   1099
     100       0       0       2       0                               0D   1100
     126    2281       0       0       0                        01010500D   1101
     126       0       0       2       0                               0D   1102
     100    2283       0       0       0                        01010000D   1103
     100       0       0       1       0                               0D   1104
     126    2284       0       0       0                        01010500D   1105
     126       0       0       2       0                               0D   1106
     124    2286       0       0       0                        00000000D   1107
     124       0       0       3       0                               0D   1108
     100    2289       0       0       0            1107        01010000D   1109
     100       0       0       1       0                               0D   1110
     126    2290       0       0       0                        01010500D   1111
     126       0       0       2       0                               0D   1112
     100    2292       0       0       0                        01010000D   1113
     100       0       0       1       0                               0D   1114
     126    2293       0       0       0                        01010500D   1115
     126       0       0      22       0                               0D   1116
     124    2315       0       0       0                        00000000D   1117
     124       0       0       5       0                               0D   1118
     100    2320       0       0       0            1117        01010000D   1119
     100       0       0       2       0                               0D   1120
     102    2322       0       0       0                        01010500D   1121
     102       0       0       1       0                               0D   1122
     102    2323       0       0       0                        01010000D   1123
     102       0       0       1       0                               0D   1124
     142    2324       0       0       0                        00010500D   1125
     142       0       0       1       0                               0D   1126
     144    2325       0       0       5                        00010000D   1127
     144       0    -751       1       0                               0D   1128
     110    2326       0       0       0                        01010000D   1129
     110       0       0       1       0                               0D   1130
     100    2327       0       0       0                        01010000D   1131
     100       0       0       1       0                               0D   1132
     120    2328       0       0       0                        01010000D   1133
     120       0       0       1       0                               0D   1134
     126    2329       0       0       0                        01010500D   1135
     126       0       0      22       0                               0D   1136
     124    2351       0       0       0                        00000000D   1137
     124       0       0       4       0                               0D   1138
     100    2355       0       0       0            1137        01010000D   1139
     100       0       0       2       0                               0D   1140
     126    2357       0       0       0                        01010500D   1141
     126       0       0      22       0                               0D   1142
     124    2379       0       0       0                        00000000D   1143
     124       0       0       4       0                               0D   1144
     100    2383       0       0       0            1143        01010000D   1145
     100       0       0       2       0                               0D   1146
     102    2385       0       0       0                        01010500D   1147
     102       0       0       1       0                               0D   1148
     102    2386       0       0       0                        01010000D   1149
     102       0       0       1       0                               0D   1150
     142    2387       0       0       0                        00010500D   1151
     142       0       0       1       0                               0D   1152
     126    2388       0       0       0                        01010500D   1153
     126       0       0      22       0                               0D   1154
     124    2410       0       0       0                        00000000D   1155
     124       0       0       4       0                               0D   1156
     100    2414       0       0       0            1155        01010000D   1157
     100       0       0       2       0                               0D   1158
     126    2416       0       0       0                        01010500D   1159
     126       0       0      22       0                               0D   1160
     124    2438       0       0       0                        00000000D   1161
     124       0       0       4       0                               0D   1162
     100    2442       0       0       0            1161        01010000D   1163
     100       0       0       2       0                               0D   1164
     102    2444       0       0       0                        01010500D   1165
     102       0       0       1       0                               0D   1166
     102    2445       0       0       0                        01010000D   1167
     102       0       0       1       0                               0D   1168
     142    2446       0       0       0                        00010500D   1169
     142       0       0       1       0                               0D   1170
     126    2447       0       0       0                        01010500D   1171
     126       0       0      22       0                               0D   1172
     124    2469       0       0       0                        00000000D   1173
     124       0       0       4       0                               0D   1174
     100    2473       0       0       0            1173        01010000D   1175
     100       0       0       2       0                               0D   1176
     126    2475       0       0       0                        01010500D   1177
     126       0       0      22       0                               0D   1178
     124    2497       0       0       0                        00000000D   1179
     124       0       0       4       0                               0D   1180
     100    2501       0       0       0            1179        01010000D   1181
     100       0       0       2       0                               0D   1182
     102    2503       0       0       0                        01010500D   1183
     102       0       0       1       0                               0D   1184
     102    2504       0       0       0                        01010000D   1185
     102       0       0       1       0                               0D   1186
     142    2505       0       0       0                        00010500D   1187
     142       0       0       1       0                               0D   1188
     126    2506       0       0       0                        01010500D   1189
     126       0       0      22       0                               0D   1190
     124    2528       0       0       0                        00000000D   1191
     124       0       0       4       0                               0D   1192
     100    2532       0       0       0            1191        01010000D   1193
     100       0       0       2       0                               0D   1194
     126    2534       0       0       0                        01010500D   1195
     126       0       0       2       0                               0D   1196
     100    2536       0       0       0                        01010000D   1197
     100       0       0       1       0                               0D   1198
     126    2537       0       0       0                        01010500D   1199
     126       0       0       2       0                               0D   1200
     124    2539       0       0       0                        00000000D   1201
     124       0       0       3       0                               0D   1202
     100    2542       0       0       0            1201        01010000D   1203
     100       0       0       1       0                               0D   1204
     126    2543       0       0       0                        01010500D   1205
     126       0       0       2       0                               0D   1206
     100    2545       0       0       0                        01010000D   1207
     100       0       0       1       0                               0D   1208
     126    2546       0       0       0                        01010500D   1209
     126       0       0      22       0                               0D   1210
     124    2568       0       0       0                        00000000D   1211
     124       0       0       5       0                               0D   1212
     100    2573       0       0       0            1211        01010000D   1213
     100       0       0       2       0                               0D   1214
     126    2575       0       0       0                        01010500D   1215
     126       0       0       2       0                               0D   1216
     100    2577       0       0       0                        01010000D   1217
     100       0       0       1       0                               0D   1218
     126    2578       0       0       0                        01010500D   1219
     126       0       0       2       0                               0D   1220
     126    2580       0       0       0                        01010500D   1221
     126       0       0       2       0                               0D   1222
     100    2582       0       0       0                        01010000D   1223
     100       0       0       1       0                               0D   1224
     102    2583       0       0       0                        01010500D   1225
     102       0       0       1       0                               0D   1226
     102    2584       0       0       0                        01010000D   1227
     102       0       0       1       0                               0D   1228
     142    2585       0       0       0                        00010500D   1229
     142       0       0       1       0                               0D   1230
     144    2586       0       0       5                        00010000D   1231
     144       0    -751       1       0                               0D   1232
     110    2587       0       0       0                        01010000D   1233
     110       0       0       1       0                               0D   1234
     100    2588       0       0       0                        01010000D   1235
     100       0       0       1       0                               0D   1236
     120    2589       0       0       0                        01010000D   1237
     120       0       0       1       0                               0D   1238
     126    2590       0       0       0                        01010500D   1239
     126       0       0      22       0                               0D   1240
     124    2612       0       0       0                        00000000D   1241
     124       0       0       5       0                               0D   1242
     100    2617       0       0       0            1241        01010000D   1243
     100       0       0       2       0                               0D   1244
     126    2619       0       0       0                        01010500D   1245
     126       0       0       2       0                               0D   1246
     124    2621       0       0       0                        00000000D   1247
     124       0       0       3       0                               0D   1248
     100    2624       0       0       0            1247        01010000D   1249
     100       0       0       1       0                               0D   1250
     126    2625       0       0       0                        01010500D   1251
     126       0       0       2       0                               0D   1252
     124    2627       0       0       0                        00000000D   1253
     124       0       0       2       0                               0D   1254
     100    2629       0       0       0            1253        01010000D   1255
     100       0       0       1       0                               0D   1256
     126    2630       0       0       0                        01010500D   1257
     126       0       0       2       0                               0D   1258
     124    2632       0       0       0                        00000000D   1259
     124       0       0       4       0                               0D   1260
     100    2636       0       0       0            1259        01010000D   1261
     100       0       0       1       0                               0D   1262
     126    2637       0       0       0                        01010500D   1263
     126       0       0      22       0                               0D   1264
     124    2659       0       0       0                        00000000D   1265
     124       0       0       4       0                               0D   1266
     100    2663       0       0       0            1265        01010000D   1267
     100       0       0       2       0                               0D   1268
     126    2665       0       0       0                        01010500D   1269
     126       0       0       2       0                               0D   1270
     124    2667       0       0       0                        00000000D   1271
     124       0       0       3       0                               0D   1272
     100    2670       0       0       0            1271        01010000D   1273
     100       0       0       1       0                               0D   1274
     126    2671       0       0       0                        01010500D   1275
     126       0       0       2       0                               0D   1276
     126    2673       0       0       0                        01010500D   1277
     126       0       0       2       0                               0D   1278
     124    2675       0       0       0                        00000000D   1279
     124       0       0       3       0                               0D   1280
     100    2678       0       0       0            1279        01010000D   1281
     100       0       0       1       0                               0D   1282
     102    2679       0       0       0                        01010500D   1283
     102       0       0       1       0                               0D   1284
     102    2680       0       0       0                        01010000D   1285
     102       0       0       1       0                               0D   1286
     142    2681       0       0       0                        00010500D   1287
     142       0       0       1       0                               0D   1288
     126    2682       0       0       0                        01010500D   1289
     126       0       0      22       0                               0D   1290
     124    2704       0       0       0                        00000000D   1291
     124       0       0       4       0                               0D   1292
     100    2708       0       0       0            1291        01010000D   1293
     100       0       0       2       0                               0D   1294
     126    2710       0       0       0                        01010500D   1295
     126       0       0      22       0                               0D   1296
     124    2732       0       0       0                        00000000D   1297
     124       0       0       4       0                               0D   1298
     100    2736       0       0       0            1297        01010000D   1299
     100       0       0       2       0                               0D   1300
     102    2738       0       0       0                        01010500D   1301
     102       0       0       1       0                               0D   1302
     102    2739       0       0       0                        01010000D   1303
     102       0       0       1       0                               0D   1304
     142    2740       0       0       0                        00010500D   1305
     142       0       0       1       0                               0D   1306
     126    2741       0       0       0                        01010500D   1307
     126       0       0      22       0                               0D   1308
     124    2763       0       0       0                        00000000D   1309
     124       0       0       4       0                               0D   1310
     100    2767       0       0       0            1309        01010000D   1311
     100       0       0       2       0                               0D   1312
     126    2769       0       0       0                        01010500D   1313
     126       0       0      22       0                               0D   1314
     124    2791       0       0       0                        00000000D   1315
     124       0       0       4       0                               0D   1316
     100    2795       0       0       0            1315        01010000D   1317
     100       0       0       2       0                               0D   1318
     102    2797       0       0       0                        01010500D   1319
     102       0       0       1       0                               0D   1320
     102    2798       0       0       0                        01010000D   1321
     102       0       0       1       0                               0D   1322
     142    2799       0       0       0                        00010500D   1323
     142       0       0       1       0                               0D   1324
     126    2800       0       0       0                        01010500D   1325
     126       0       0      22       0                               0D   1326
     124    2822       0       0       0                        00000000D   1327
     124       0       0       4       0                               0D   1328
     100    2826       0       0       0            1327        01010000D   1329
     100       0       0       2       0                               0D   1330
     126    2828       0       0       0                        01010500D   1331
     126       0       0      22       0                               0D   1332
     124    2850       0       0       0                        00000000D   1333
     124       0       0       4       0                               0D   1334
     100    2854       0       0       0            1333        01010000D   1335
     100       0       0       2       0                               0D   1336
     102    2856       0       0       0                        01010500D   1337
     102       0       0       1       0                               0D   1338
     102    2857       0       0       0                        01010000D   1339
     102       0       0       1       0                               0D   1340
     142    2858       0       0       0                        00010500D   1341
     142       0       0       1       0                               0D   1342
     144    2859       0       0       5                        00010000D   1343
     144       0    -751       1       0                               0D   1344
     110    2860       0       0       0                        01010000D   1345
     110       0       0       1       0                               0D   1346
     124    2861       0       0       0                        00000000D   1347
     124       0       0       3       0                               0D   1348
     100    2864       0       0       0            1347        01010000D   1349
     100       0       0       1       0                               0D   1350
     120    2865       0       0       0                        01010000D   1351
     120       0       0       1       0                               0D   1352
     126    2866       0       0       0                        01010500D   1353
     126       0       0       2       0                               0D   1354
     124    2868       0       0       0                        00000000D   1355
     124       0       0       3       0                               0D   1356
     100    2871       0       0       0            1355        01010000D   1357
     100       0       0       1       0                               0D   1358
     126    2872       0       0       0                        01010500D   1359
     126       0       0       2       0                               0D   1360
     126    2874       0       0       0                        01010500D   1361
     126       0       0       2       0                               0D   1362
     124    2876       0       0       0                        00000000D   1363
     124       0       0       3       0                               0D   1364
     100    2879       0       0       0            1363        01010000D   1365
     100       0       0       1       0                               0D   1366
     126    2880       0       0       0                        01010500D   1367
     126       0       0      22       0                               0D   1368
     124    2902       0       0       0                        00000000D   1369
     124       0       0       5       0                               0D   1370
     100    2907       0       0       0            1369        01010000D   1371
     100       0       0       2       0                               0D   1372
     126    2909       0       0       0                        01010500D   1373
     126       0       0       2       0                               0D   1374
     124    2911       0       0       0                        00000000D   1375
     124       0       0       3       0                               0D   1376
     100    2914       0       0       0            1375        01010000D   1377
     100       0       0       1       0                               0D   1378
     126    2915       0       0       0                        01010500D   1379
     126       0       0       2       0                               0D   1380
     124    2917       0       0       0                        00000000D   1381
     124       0       0       2       0                               0D   1382
     100    2919       0       0       0            1381        01010000D   1383
     100       0       0       1       0                               0D   1384
     126    2920       0       0       0                        01010500D   1385
     126       0       0       2       0                               0D   1386
     124    2922       0       0       0                        00000000D   1387
     124       0       0       4       0                               0D   1388
     100    2926       0       0       0            1387        01010000D   1389
     100       0       0       1       0                               0D   1390
     126    2927       0       0       0                        01010500D   1391
     126       0       0      22       0                               0D   1392
     124    2949       0       0       0                        00000000D   1393
     124       0       0       4       0                               0D   1394
     100    2953       0       0       0            1393        01010000D   1395
     100       0       0       2       0                               0D   1396
     102    2955       0       0       0                        01010500D   1397
     102       0       0       1       0                               0D   1398
     102    2956       0       0       0                        01010000D   1399
     102       0       0       1       0                               0D   1400
     142    2957       0       0       0                        00010500D   1401
     142       0       0       1       0                               0D   1402
     126    2958       0       0       0                        01010500D   1403
     126       0       0      22       0                               0D   1404
     124    2980       0       0       0                        00000000D   1405
     124       0       0       4       0                               0D   1406
     100    2984       0       0       0            1405        01010000D   1407
     100       0       0       2       0                               0D   1408
     126    2986       0       0       0                        01010500D   1409
     126       0       0      22       0                               0D   1410
     124    3008       0       0       0                        00000000D   1411
     124       0       0       4       0                               0D   1412
     100    3012       0       0       0            1411        01010000D   1413
     100       0       0       2       0                               0D   1414
     102    3014       0       0       0                        01010500D   1415
     102       0       0       1       0                               0D   1416
     102    3015       0       0       0                        01010000D   1417
     102       0       0       1       0                               0D   1418
     142    3016       0       0       0                        00010500D   1419
     142       0       0       1       0                               0D   1420
     126    3017       0       0       0                        01010500D   1421
     126       0       0      22       0                               0D   1422
     124    3039       0       0       0                        00000000D   1423
     124       0       0       4       0                               0D   1424
     100    3043       0       0       0            1423        01010000D   1425
     100       0       0       2       0                               0D   1426
     126    3045       0       0       0                        01010500D   1427
     126       0       0      22       0                               0D   1428
     124    3067       0       0       0                        00000000D   1429
     124       0       0       4       0                               0D   1430
     100    3071       0       0       0            1429        01010000D   1431
     100       0       0       2       0                               0D   1432
     102    3073       0       0       0                        01010500D   1433
     102       0       0       1       0                               0D   1434
     102    3074       0       0       0                        01010000D   1435
     102       0       0       1       0                               0D   1436
     142    3075       0       0       0                        00010500D   1437
     142       0       0       1       0                               0D   1438
     126    3076       0       0       0                        01010500D   1439
     126       0       0      22       0                               0D   1440
     124    3098       0       0       0                        00000000D   1441
     124       0       0       4       0                               0D   1442
     100    3102       0       0       0            1441        01010000D   1443
     100       0       0       2       0                               0D   1444
     126    3104       0       0       0                        01010500D   1445
     126       0       0      22       0                               0D   1446
     124    3126       0       0       0                        00000000D   1447
     124       0       0       4       0                               0D   1448
     100    3130       0       0       0            1447        01010000D   1449
     100       0       0       2       0                               0D   1450
     102    3132       0       0       0                        01010500D   1451
     102       0       0       1       0                               0D   1452
     102    3133       0       0       0                        01010000D   1453
     102       0       0       1       0                               0D   1454
     142    3134       0       0       0                        00010500D   1455
     142       0       0       1       0                               0D   1456
     144    3135       0       0       5                        00010000D   1457
     144       0    -751       1       0                               0D   1458
     110    3136       0       0       0                        01010000D   1459
     110       0       0       1       0                               0D   1460
     110    3137       0       0       0                        01010000D   1461
     110       0       0       2       0                               0D   1462
     120    3139       0       0       0                        01010000D   1463
     120       0       0       1       0                               0D   1464
     126    3140       0       0       0                        01010500D   1465
     126       0       0       2       0                               0D   1466
     124    3142       0       0       0                        00000000D   1467
     124       0       0       5       0                               0D   1468
     100    3147       0       0       0            1467        01010000D   1469
     100       0       0       2       0                               0D   1470
     126    3149       0       0       0                        01010500D   1471
     126       0       0       2       0                               0D   1472
     110    3151       0       0       0                        01010000D   1473
     110       0       0       2       0                               0D   1474
     126    3153       0       0       0                        01010500D   1475
     126       0       0       2       0                               0D   1476
     124    3155       0       0       0                        00000000D   1477
     124       0       0       4       0                               0D   1478
     100    3159       0       0       0            1477        01010000D   1479
     100       0       0       2       0                               0D   1480
     126    3161       0       0       0                        01010500D   1481
     126       0       0       2       0                               0D   1482
     110    3163       0       0       0                        01010000D   1483
     110       0       0       2       0                               0D   1484
     102    3165       0       0       0                        01010500D   1485
     102       0       0       1       0                               0D   1486
     102    3166       0       0       0                        01010000D   1487
     102       0       0       1       0                               0D   1488
     142    3167       0       0       0                        00010500D   1489
     142       0       0       1       0                               0D   1490
     144    3168       0       0       5                        00010000D   1491
     144       0    -751       1       0                               0D   1492
     110    3169       0       0       0                        01010000D   1493
     110       0       0       1       0                               0D   1494
     110    3170       0       0       0                        01010000D   1495
     110       0       0       2       0                               0D   1496
     120    3172       0       0       0                        01010000D   1497
     120       0       0       1       0                               0D   1498
     126    3173       0       0       0                        01010500D   1499
     126       0       0       2       0                               0D   1500
     124    3175       0       0       0                        00000000D   1501
     124       0       0       4       0                               0D   1502
     100    3179       0       0       0            1501        01010000D   1503
     100       0       0       2       0                               0D   1504
     126    3181       0       0       0                        01010500D   1505
     126       0       0       2       0                               0D   1506
     110    3183       0       0       0                        01010000D   1507
     110       0       0       2       0                               0D   1508
     126    3185       0       0       0                        01010500D   1509
     126       0       0       2       0                               0D   1510
     124    3187       0       0       0                        00000000D   1511
     124       0       0       4       0                               0D   1512
     100    3191       0       0       0            1511        01010000D   1513
     100       0       0       2       0                               0D   1514
     126    3193       0       0       0                        01010500D   1515
     126       0       0       2       0                               0D   1516
     110    3195       0       0       0                        01010000D   1517
     110       0       0       2       0                               0D   1518
     102    3197       0       0       0                        01010500D   1519
     102       0       0       1       0                               0D   1520
     102    3198       0       0       0                        01010000D   1521
     102       0       0       1       0                               0D   1522
     142    3199       0       0       0                        00010500D   1523
     142       0       0       1       0                               0D   1524
     144    3200       0       0       5                        00010000D   1525
     144       0    -751       1       0                               0D   1526
     110    3201       0       0       0                        01010000D   1527
     110       0       0       1       0                               0D   1528
     110    3202       0       0       0                        01010000D   1529
     110       0       0       2       0                               0D   1530
     120    3204       0       0       0                        01010000D   1531
     120       0       0       1       0                               0D   1532
     126    3205       0       0       0                        01010500D   1533
     126       0       0       2       0                               0D   1534
     124    3207       0       0       0                        00000000D   1535
     124       0       0       4       0                               0D   1536
     100    3211       0       0       0            1535        01010000D   1537
     100       0       0       2       0                               0D   1538
     126    3213       0       0       0                        01010500D   1539
     126       0       0       2       0                               0D   1540
     110    3215       0       0       0                        01010000D   1541
     110       0       0       2       0                               0D   1542
     126    3217       0       0       0                        01010500D   1543
     126       0       0       2       0                               0D   1544
     124    3219       0       0       0                        00000000D   1545
     124       0       0       4       0                               0D   1546
     100    3223       0       0       0            1545        01010000D   1547
     100       0       0       2       0                               0D   1548
     126    3225       0       0       0                        01010500D   1549
     126       0       0       2       0                               0D   1550
     110    3227       0       0       0                        01010000D   1551
     110       0       0       2       0                               0D   1552
     102    3229       0       0       0                        01010500D   1553
     102       0       0       1       0                               0D   1554
     102    3230       0       0       0                        01010000D   1555
     102       0       0       1       0                               0D   1556
     142    3231       0       0       0                        00010500D   1557
     142       0       0       1       0                               0D   1558
     144    3232       0       0       5                        00010000D   1559
     144       0    -751       1       0                               0D   1560
     110    3233       0       0       0                        01010000D   1561
     110       0       0       1       0                               0D   1562
     110    3234       0       0       0                        01010000D   1563
     110       0       0       2       0                               0D   1564
     120    3236       0       0       0                        01010000D   1565
     120       0       0       1       0                               0D   1566
     126    3237       0       0       0                        01010500D   1567
     126       0       0       2       0                               0D   1568
     124    3239       0       0       0                        00000000D   1569
     124       0       0       4       0                               0D   1570
     100    3243       0       0       0            1569        01010000D   1571
     100       0       0       2       0                               0D   1572
     126    3245       0       0       0                        01010500D   1573
     126       0       0       2       0                               0D   1574
     110    3247       0       0       0                        01010000D   1575
     110       0       0       2       0                               0D   1576
     126    3249       0       0       0                        01010500D   1577
     126       0       0       2       0                               0D   1578
     124    3251       0       0       0                        00000000D   1579
     124       0       0       4       0                               0D   1580
     100    3255       0       0       0            1579        01010000D   1581
     100       0       0       2       0                               0D   1582
     126    3257       0       0       0                        01010500D   1583
     126       0       0       2       0                               0D   1584
     110    3259       0       0       0                        01010000D   1585
     110       0       0       2       0                               0D   1586
     102    3261       0       0       0                        01010500D   1587
     102       0       0       1       0                               0D   1588
     102    3262       0       0       0                        01010000D   1589
     102       0       0       1       0                               0D   1590
     142    3263       0       0       0                        00010500D   1591
     142       0       0       1       0                               0D   1592
     144    3264       0       0       5                        00010000D   1593
     144       0    -751       1       0                               0D   1594
     110    3265       0       0       0                        01010000D   1595
     110       0       0       1       0                               0D   1596
     110    3266       0       0       0                        01010000D   1597
     110       0       0       1       0                               0D   1598
     120    3267       0       0       0                        01010000D   1599
     120       0       0       1       0                               0D   1600
     126    3268       0       0       0                        01010500D   1601
     126       0       0       2       0                               0D   1602
     124    3270       0       0       0                        00000000D   1603
     124       0       0       4       0                               0D   1604
     100    3274       0       0       0            1603        01010000D   1605
     100       0       0       2       0                               0D   1606
     126    3276       0       0       0                        01010500D   1607
     126       0       0       2       0                               0D   1608
     110    3278       0       0       0                        01010000D   1609
     110       0       0       1       0                               0D   1610
     126    3279       0       0       0                        01010500D   1611
     126       0       0       2       0                               0D   1612
     124    3281       0       0       0                        00000000D   1613
     124       0       0       5       0                               0D   1614
     100    3286       0       0       0            1613        01010000D   1615
     100       0       0       2       0                               0D   1616
     126    3288       0       0       0                        01010500D   1617
     126       0       0       2       0                               0D   1618
     110    3290       0       0       0                        01010000D   1619
     110       0       0       1       0                               0D   1620
     102    3291       0       0       0                        01010500D   1621
     102       0       0       1       0                               0D   1622
     102    3292       0       0       0                        01010000D   1623
     102       0       0       1       0                               0D   1624
     142    3293       0       0       0                        00010500D   1625
     142       0       0       1       0                               0D   1626
     144    3294       0       0       5                        00010000D   1627
     144       0    -751       1       0                               0D   1628
     110    3295       0       0       0                        01010000D   1629
     110       0       0       1       0                               0D   1630
     110    3296       0       0       0                        01010000D   1631
     110       0       0       2       0                               0D   1632
     120    3298       0       0       0                        01010000D   1633
     120       0       0       1       0                               0D   1634
     126    3299       0       0       0                        01010500D   1635
     126       0       0       2       0                               0D   1636
     124    3301       0       0       0                        00000000D   1637
     124       0       0       4       0                               0D   1638
     100    3305       0       0       0            1637        01010000D   1639
     100       0       0       2       0                               0D   1640
     126    3307       0       0       0                        01010500D   1641
     126       0       0       2       0                               0D   1642
     110    3309       0       0       0                        01010000D   1643
     110       0       0       2       0                               0D   1644
     126    3311       0       0       0                        01010500D   1645
     126       0       0       2       0                               0D   1646
     124    3313       0       0       0                        00000000D   1647
     124       0       0       4       0                               0D   1648
     100    3317       0       0       0            1647        01010000D   1649
     100       0       0       2       0                               0D   1650
     126    3319       0       0       0                        01010500D   1651
     126       0       0       2       0                               0D   1652
     110    3321       0       0       0                        01010000D   1653
     110       0       0       2       0                               0D   1654
     102    3323       0       0       0                        01010500D   1655
     102       0       0       1       0                               0D   1656
     102    3324       0       0       0                        01010000D   1657
     102       0       0       1       0                               0D   1658
     142    3325       0       0       0                        00010500D   1659
     142       0       0       1       0                               0D   1660
     144    3326       0       0       5                        00010000D   1661
     144       0    -751       1       0                               0D   1662
     110    3327       0       0       0                        01010000D   1663
     110       0       0       1       0                               0D   1664
     110    3328       0       0       0                        01010000D   1665
     110       0       0       1       0                               0D   1666
     120    3329       0       0       0                        01010000D   1667
     120       0       0       1       0                               0D   1668
     126    3330       0       0       0                        01010500D   1669
     126       0       0       2       0                               0D   1670
     124    3332       0       0       0                        00000000D   1671
     124       0       0       4       0                               0D   1672
     100    3336       0       0       0            1671        01010000D   1673
     100       0       0       2       0                               0D   1674
     126    3338       0       0       0                        01010500D   1675
     126       0       0       2       0                               0D   1676
     110    3340       0       0       0                        01010000D   1677
     110       0       0       1       0                               0D   1678
     126    3341       0       0       0                        01010500D   1679
     126       0       0       2       0                               0D   1680
     124    3343       0       0       0                        00000000D   1681
     124       0       0       4       0                               0D   1682
     100    3347       0       0       0            1681        01010000D   1683
     100       0       0       2       0                               0D   1684
     126    3349       0       0       0                        01010500D   1685
     126       0       0       2       0                               0D   1686
     110    3351       0       0       0                        01010000D   1687
     110       0       0       1       0                               0D   1688
     102    3352       0       0       0                        01010500D   1689
     102       0       0       1       0                               0D   1690
     102    3353       0       0       0                        01010000D   1691
     102       0       0       1       0                               0D   1692
     142    3354       0       0       0                        00010500D   1693
     142       0       0       1       0                               0D   1694
     144    3355       0       0       5                        00010000D   1695
     144       0    -751       1       0                               0D   1696
     110    3356       0       0       0                        01010000D   1697
     110       0       0       1       0                               0D   1698
     110    3357       0       0       0                        01010000D   1699
     110       0       0       2       0                               0D   1700
     120    3359       0       0       0                        01010000D   1701
     120       0       0       1       0                               0D   1702
     126    3360       0       0       0                        01010500D   1703
     126       0       0       2       0                               0D   1704
     124    3362       0       0       0                        00000000D   1705
     124       0       0       4       0                               0D   1706
     100    3366       0       0       0            1705        01010000D   1707
     100       0       0       2       0                               0D   1708
     126    3368       0       0       0                        01010500D   1709
     126       0       0       2       0                               0D   1710
     110    3370       0       0       0                        01010000D   1711
     110       0       0       2       0                               0D   1712
     126    3372       0       0       0                        01010500D   1713
     126       0       0       2       0                               0D   1714
     124    3374       0       0       0                        00000000D   1715
     124       0       0       4       0                               0D   1716
     100    3378       0       0       0            1715        01010000D   1717
     100       0       0       2       0                               0D   1718
     126    3380       0       0       0                        01010500D   1719
     126       0       0       2       0                               0D   1720
     110    3382       0       0       0                        01010000D   1721
     110       0       0       2       0                               0D   1722
     102    3384       0       0       0                        01010500D   1723
     102       0       0       1       0                               0D   1724
     102    3385       0       0       0                        01010000D   1725
     102       0       0       1       0                               0D   1726
     142    3386       0       0       0                        00010500D   1727
     142       0       0       1       0                               0D   1728
     144    3387       0       0       5                        00010000D   1729
     144       0    -751       1       0                               0D   1730
     128    3388       0       0       0                        01010000D   1731
     128       0       0       4       0                               0D   1732
     126    3392       0       0       0                        01010500D   1733
     126       0       0      44       0                               0D   1734
     124    3436       0       0       0                        00000000D   1735
     124       0       0       3       0                               0D   1736
     100    3439       0       0       0            1735        01010000D   1737
     100       0       0       1       0                               0D   1738
     126    3440       0       0       0                        01010500D   1739
     126       0       0      44       0                               0D   1740
     124    3484       0       0       0                        00000000D   1741
     124       0       0       2       0                               0D   1742
     100    3486       0       0       0            1741        01010000D   1743
     100       0       0       1       0                               0D   1744
     102    3487       0       0       0                        01010500D   1745
     102       0       0       1       0                               0D   1746
     102    3488       0       0       0                        01010000D   1747
     102       0       0       1       0                               0D   1748
     142    3489       0       0       0                        00010500D   1749
     142       0       0       1       0                               0D   1750
     126    3490       0       0       0                        01010500D   1751
     126       0       0      44       0                               0D   1752
     124    3534       0       0       0                        00000000D   1753
     124       0       0       3       0                               0D   1754
     100    3537       0       0       0            1753        01010000D   1755
     100       0       0       1       0                               0D   1756
     126    3538       0       0       0                        01010500D   1757
     126       0       0      44       0                               0D   1758
     124    3582       0       0       0                        00000000D   1759
     124       0       0       3       0                               0D   1760
     100    3585       0       0       0            1759        01010000D   1761
     100       0       0       1       0                               0D   1762
     102    3586       0       0       0                        01010500D   1763
     102       0       0       1       0                               0D   1764
     102    3587       0       0       0                        01010000D   1765
     102       0       0       1       0                               0D   1766
     142    3588       0       0       0                        00010500D   1767
     142       0       0       1       0                               0D   1768
     144    3589       0       0       5                        00010000D   1769
     144       0    -751       1       0                               0D   1770
     308    3590       0       0       5                        00010201D   1771
     308       0       0       2       0                               0D   1772
     124    3592       0       0       0                        00000000D   1773
     124       0       0       4       0                               0D   1774
     408    3596       0       0       6            1773        00000001D   1775
     408       0       0       1       0                               0D   1776
314,52.9411764705882,54.9019607843137,54.9019607843137,;               1P      1
128,28,7,3,3,0,0,1,0,0,0.,0.,0.,0.,0.00781249850638447,                3P      2
0.0156249970127689,0.0312499940255379,0.0468749910383068,              3P      3
0.0624999880510758,0.0781249850638447,0.0937499820766137,              3P      4
0.124999976102152,0.156249970127689,0.187499964153227,                 3P      5
0.218749958178765,0.249999952204303,0.281249946229841,                 3P      6
0.312499940255379,0.343749934280917,0.374999928306455,                 3P      7
0.406249922331993,0.421874919344762,0.437499916357531,                 3P      8
0.4531249133703,0.468749910383068,0.484374907395837,                   3P      9
0.492187405902222,0.499999904408606,0.499999904408606,                 3P     10
0.500014610414117,0.500014610414117,0.500014610414117,                 3P     11
0.500014610414117,0.,0.,0.,0.,0.705121399429913,                       3P     12
0.705121399429913,0.936080503162434,0.936080503162434,1.,1.,1.,        3P     13
1.,1.,1.,1.,1.,1.,1.,1.,1.,1.,1.,1.,1.,1.,1.,1.,1.,1.,1.,1.,1.,        3P     14
1.,1.,1.,1.,1.,1.,1.,1.,1.,1.,1.,1.,1.,1.,1.,1.,1.,1.,1.,1.,1.,        3P     15
1.,1.,1.,1.,1.,1.,1.,1.,1.,1.,1.,1.,1.,1.,1.,1.,1.,1.,1.,1.,1.,        3P     16
1.,1.,1.,1.,1.,1.,1.,1.,1.,1.,1.,1.,1.,1.,1.,1.,1.,1.,1.,1.,1.,        3P     17
1.,1.,1.,1.,1.,1.,1.,1.,1.,1.,1.,1.,1.,1.,1.,1.,1.,1.,1.,1.,1.,        3P     18
1.,1.,1.,1.,1.,1.,1.,1.,1.,1.,1.,1.,1.,1.,1.,1.,1.,1.,1.,1.,1.,        3P     19
1.,1.,1.,1.,1.,1.,1.,1.,1.,1.,1.,1.,1.,1.,1.,1.,1.,1.,1.,1.,1.,        3P     20
1.,1.,1.,1.,1.,1.,1.,1.,1.,1.,1.,1.,1.,1.,1.,1.,1.,1.,1.,1.,1.,        3P     21
1.,1.,1.,1.,1.,1.,1.,1.,1.,1.,1.,1.,1.,1.,1.,1.,1.,1.,1.,1.,1.,        3P     22
1.,1.,1.,1.,1.,1.,1.,1.,1.,1.,1.,1.,1.,1.,1.,1.,1.,1.,1.,1.,1.,        3P     23
1.,1.,1.,1.,1.,1.,1.,1.,1.,1.,1.,1.,1.,1.,1.,1.,1.,1.,1.,1.,1.,        3P     24
1.,1.,170.65144912,50.612669324,0.,170.65144912,50.612669324,          3P     25
0.069622261,170.65144912,50.616127415,0.20886356,170.65144912,         3P     26
50.636747345,0.486672981,170.65144912,50.687975638,0.831434515,        3P     27
170.65144912,50.789403315,1.23718625,170.65144912,50.930013035,        3P     28
1.63101416,170.65144912,51.109033118,2.00895653,170.65144912,          3P     29
51.395924381,2.487201023,170.65144912,51.839254379,3.02842549,         3P     30
170.65144912,52.488699866,3.560377339,170.65144912,                    3P     31
53.228677444,3.956818135,170.65144912,54.032269711,4.199754338,        3P     32
170.65144912,54.867669324,4.282846291,170.65144912,                    3P     33
55.703068936,4.199754338,170.65144912,56.506661204,3.956818135,        3P     34
170.65144912,57.246638781,3.560377339,170.65144912,                    3P     35
57.896084269,3.02842549,170.65144912,58.339414267,2.487201023,         3P     36
170.65144912,58.62630553,2.00895653,170.65144912,58.805325613,         3P     37
1.63101416,170.65144912,58.945935333,1.23718625,170.65144912,          3P     38
59.04736301,0.831434515,170.65144912,59.098591302,0.486672981,         3P     39
170.65144912,59.119211233,0.20886356,170.65144912,59.122669324,        3P     40
0.069622261,170.65144912,59.122669324,-0.000131055,                    3P     41
170.65144912,59.122669318,-0.00026211,170.65144912,                    3P     42
59.122669305,-0.000393164,140.658371793,47.708690973,0.,               3P     43
140.658371794,47.708690974,0.094342672,140.651804273,                  3P     44
47.722403225,0.282882315,140.616448492,47.797603205,                   3P     45
0.644585429,140.547552693,47.951689541,1.059208179,                    3P     46
140.450715793,48.188447844,1.509900192,140.34751439,                   3P     47
48.463196236,1.924630231,140.2415454,48.769345615,2.307673113,         3P     48
140.098364677,49.214293913,2.778750006,139.918148633,                  3P     49
49.831650302,3.294445512,139.702356599,50.654112874,                   3P     50
3.788635337,139.487576448,51.538526232,4.150780613,                    3P     51
139.273717664,52.46630642,4.370774776,139.060371451,                   3P     52
53.415680154,4.445523919,138.847025239,54.365053887,                   3P     53
4.370774776,138.633166456,55.292834076,4.150780613,                    3P     54
138.418386306,56.177247434,3.788635337,138.202594273,                  3P     55
56.999710007,3.294445512,138.022378229,57.617066396,                   3P     56
2.778750006,137.879197505,58.062014693,2.307673113,                    3P     57
137.773228515,58.368164072,1.924630231,137.670027109,                  3P     58
58.642912463,1.509900192,137.573190207,58.879670765,                   3P     59
1.059208179,137.504294404,59.033757097,0.644585429,                    3P     60
137.468938617,59.108957075,0.282882315,137.462371093,                  3P     61
59.122669324,0.094342672,137.462371093,59.122669324,                   3P     62
-0.000177588,137.462371104,59.1226693,-0.000355175,                    3P     63
137.462371128,59.122669251,-0.000532762,110.665294466,                 3P     64
44.804712623,0.,110.665294468,44.804712624,0.119063084,                3P     65
110.652159427,44.828679036,0.356901071,110.581447866,                  3P     66
44.958459067,0.802497877,110.44365627,45.215403446,1.286981843,        3P     67
110.249982473,45.587492376,1.782614135,110.043579668,                  3P     68
45.996379441,2.218246302,109.831641691,46.429658119,                   3P     69
2.606389695,109.545280246,47.032663451,3.07029899,109.18484816,        3P     70
47.824046233,3.560465533,108.753264094,48.81952589,4.016893336,        3P     71
108.323703793,49.84837503,4.344743092,107.895986228,                   3P     72
50.900343139,4.541795214,107.469293802,51.963690994,                   3P     73
4.608201546,107.042601377,53.027038849,4.541795214,                    3P     74
106.614883811,54.079006958,4.344743092,106.185323508,                  3P     75
55.107856097,4.016893336,105.75373944,56.103335753,3.560465533,        3P     76
105.393307351,56.894718532,3.07029899,105.106945901,                   3P     77
57.497723862,2.606389695,104.895007918,57.931002537,                   3P     78
2.218246302,104.688605106,58.339889597,1.782614135,                    3P     79
104.494931299,58.711978522,1.286981843,104.35713969,                   3P     80
58.968922894,0.802497877,104.286428116,59.098702917,                   3P     81
0.356901071,104.273293068,59.122669325,0.119063084,                    3P     82
104.273293066,59.122669324,-0.000224121,104.273293089,                 3P     83
59.122669281,-0.000448241,104.273293136,59.122669196,                  3P     84
-0.00067236,70.848129737,40.94955021,0.,70.848129741,                  3P     85
40.949550212,0.151880547,70.826276022,40.987129487,0.455164311,        3P     86
70.708628069,41.189367002,1.012133783,70.479374193,41.58286008,        3P     87
1.589361669,70.157145045,42.134606532,2.14465421,69.81373772,          3P     88
42.721568745,2.608034897,69.461121128,43.323617309,3.00294945,         3P     89
68.984680812,44.136450495,3.457343433,68.385003796,                    3P     90
45.158861175,3.913619127,67.666946065,46.384028829,4.319916138,        3P     91
66.952255417,47.604622994,4.602237041,66.240630661,                    3P     92
48.821456177,4.768832569,65.530711503,50.036109826,4.824163445,        3P     93
64.820792344,51.250763473,4.768832569,64.109167583,                    3P     94
52.467596654,4.602237041,63.394476927,53.688190814,4.319916138,        3P     95
62.676419183,54.91335846,3.913619127,62.07674215,55.935769131,         3P     96
3.457343433,61.600301817,56.748602307,3.00294945,61.247685209,         3P     97
57.350650862,2.608034897,60.904277865,57.937613063,2.14465421,         3P     98
60.582048691,58.489359501,1.589361669,60.352794787,                    3P     99
58.882852563,1.012133783,60.235146805,59.085090061,0.455164311,        3P    100
60.21329307,59.122669326,0.151880547,60.213293066,59.122669324,        3P    101
-0.000285895,60.213293105,59.122669257,-0.00057179,                    3P    102
60.213293182,59.122669124,-0.000857683,61.271257075,                   3P    103
38.363463512,0.,61.271257079,38.363463514,0.159977598,                 3P    104
61.247131491,38.405199782,0.479408797,61.117193751,                    3P    105
38.630004697,1.063857241,60.863638181,39.068663882,1.663967831,        3P    106
60.506340864,39.686889839,2.233980343,60.124603784,                    3P    107
40.347724487,2.70420742,59.731664534,41.02853423,3.100792622,          3P    108
59.199514213,41.951413573,3.552838893,58.52753017,43.11863791,         3P    109
4.000752698,57.719959994,44.525010074,4.394680941,56.913915552,        3P    110
45.931816341,4.665768513,56.109790267,47.337809046,4.824849487,        3P    111
55.306814207,48.743066489,4.877447715,54.503838146,                    3P    112
50.148323931,4.824849487,53.699712854,51.554316632,4.665768513,        3P    113
52.893668401,52.961122893,4.394680941,52.086098207,                    3P    114
54.367495047,4.000752698,51.414114144,55.534719372,3.552838893,        3P    115
50.881963802,56.457598702,3.100792622,50.489024532,                    3P    116
57.138408434,2.70420742,50.107287428,57.799243069,2.233980343,         3P    117
49.749990081,58.417469008,1.663967831,49.496434478,                    3P    118
58.856128174,1.063857241,49.366496704,59.080933069,0.479408797,        3P    119
49.342371097,59.122669326,0.159977598,49.342371093,                    3P    120
59.122669324,-0.000301137,49.342371135,59.12266925,                    3P    121
-0.000602273,49.342371221,59.122669102,-0.000903408,                   3P    122
49.859027927,33.133900813,0.,49.859027932,33.133900816,                3P    123
0.170315563,49.831603718,33.181885842,0.510363108,49.683636648,        3P    124
33.441033907,1.129895517,49.393332447,33.950890249,1.759221753,        3P    125
48.980217058,34.680115122,2.348028088,48.534617131,                    3P    126
35.470565224,2.826996342,48.071688565,36.295703755,3.225714554,        3P    127
47.439355978,37.427799339,3.674763367,46.631273239,                    3P    128
38.883457236,4.112001076,45.647329144,40.668024502,4.49013741,         3P    129
44.655395794,42.476362544,4.746882749,43.659141476,                    3P    130
44.298945623,4.896369465,42.66093802,46.128285157,4.945478768,         3P    131
41.662734562,47.957624689,4.896369465,40.666480235,                    3P    132
49.780207763,4.746882749,39.67454687,51.588545797,4.49013741,          3P    133
38.690602753,53.373113049,4.112001076,37.882519987,                    3P    134
54.828770932,3.674763367,37.250187373,55.960866499,3.225714554,        3P    135
36.787258783,56.786005017,2.826996342,36.341658826,                    3P    136
57.576455102,2.348028088,35.9285434,58.305679953,1.759221753,          3P    137
35.638239158,58.815536272,1.129895517,35.490272049,                    3P    138
59.074684314,0.510363108,35.462847812,59.122669327,0.170315563,        3P    139
35.462847807,59.122669324,-0.000320597,35.462847855,                   3P    140
59.122669239,-0.000641192,35.462847952,59.122669069,                   3P    141
-0.000961787,47.434150167,31.884663436,0.,47.434150172,                3P    142
31.884663439,0.172556477,47.406016504,31.933646222,0.517072933,        3P    143
47.254174051,32.198142737,1.144210335,46.955984154,                    3P    144
32.718303754,1.779869514,46.530924035,33.461689298,2.3727497,          3P    145
46.071689904,34.266857094,2.853612739,45.5938493,35.106691832,         3P    146
3.252793315,44.94020762,36.25809487,3.701192383,44.103236613,          3P    147
37.73703172,4.136115882,43.081930415,39.54792423,4.510829076,          3P    148
42.050672788,41.38122444,4.764465514,41.013808447,43.227752765,        3P    149
4.911872527,39.974356798,45.080520935,4.96022555,38.934905147,         3P    150
46.933289105,4.911872527,37.898040797,48.779817423,4.764465514,        3P    151
36.866783153,50.613117625,4.510829076,35.845476931,                    3P    152
52.424010121,4.136115882,35.008505897,53.902946955,3.701192383,        3P    153
34.354864188,55.054349976,3.252793315,33.877023559,                    3P    154
55.894184699,2.853612739,33.417789396,56.699352478,2.3727497,          3P    155
32.992729239,57.442737999,1.779869514,32.6945393,57.962898992,         3P    156
1.144210335,32.542696805,58.227395484,0.517072933,32.514563114,        3P    157
58.276378253,0.172556477,32.514563109,58.276378249,                    3P    158
-0.000324815,32.514563159,58.276378163,-0.000649629,                   3P    159
32.514563258,58.276377989,-0.000974442,45.06646458,                    3P    160
30.522427343,6.7E-008,45.066464586,30.522427346,0.174797457,           3P    161
45.037787742,30.572097123,0.523782826,44.883046789,                    3P    162
30.840116365,1.158525219,44.579361445,31.366114861,1.800517342,        3P    163
44.146970816,32.115037445,2.39747138,43.680337912,32.923269381,        3P    164
2.880229204,43.195317206,33.763349917,3.279872142,42.532504739,        3P    165
34.911374822,3.727621465,41.684936064,36.379406863,4.160230756,        3P    166
40.652207158,38.168145827,4.531520809,39.610557655,39.97233571,        3P    167
4.782048346,38.564011031,41.785007646,4.927375655,37.515236599,        3P    168
43.601538252,4.9749724,36.466462164,45.418068856,4.927375655,          3P    169
35.41991553,47.230740787,4.782048346,34.37826601,49.03493066,          3P    170
4.531520809,33.345537079,50.82366961,4.160230756,32.497968375,         3P    171
52.291701635,3.727621465,31.835155877,53.439726521,3.279872142,        3P    172
31.350135144,54.279807042,2.880229204,30.883502208,                    3P    173
55.088038959,2.39747138,30.451111539,55.83696152,1.800517342,          3P    174
30.147426151,56.362959991,1.158525219,29.992685155,                    3P    175
56.630979208,0.523782826,29.964008289,56.680648972,0.174797457,        3P    176
29.964008283,56.680648968,-0.000328966,29.964008334,                   3P    177
56.68064888,-0.000657998,29.964008435,56.680648704,                    3P    178
-0.000987029,0.,0.500014610414117,0.,1.;                               3P    179
126,1,1,1,0,1,0,0.,0.,1.,1.,1.,1.,0.,0.,0.,0.5,0.,0.,0.,1.,0.,         5P    180
0.,1.;                                                                 5P    181
124,8.58915688636046E-031,6.12323399573677E-017,-1.,                   7P    182
170.651449119535,-1.,1.40271576953299E-014,0.,225.519118443332,        7P    183
1.40271576953299E-014,1.,6.12323399573677E-017,                        7P    184
-54.8676693238003;                                                     7P    185
100,0.,170.65144912,54.867669324,174.90644912,54.867669324,            9P    186
166.39644912,54.867666763;                                             9P    187
126,1,1,1,0,1,0,0.,0.,1.,1.,1.,1.,0.5,0.,0.,0.5,1.,0.,0.,1.,0.,       11P    188
0.,1.;                                                                11P    189
126,7,3,1,0,1,0,0.,0.,0.,0.,0.705121399429913,                        13P    190
0.705121399429913,0.936080503162434,0.936080503162434,1.,1.,1.,       13P    191
1.,1.,1.,1.,1.,1.,1.,1.,1.,170.65144912,59.122669324,                 13P    192
-2.556E-006,137.462371093,59.122669324,-3.463E-006,                   13P    193
104.273293066,59.122669324,-4.37E-006,60.213293066,                   13P    194
59.122669324,-5.575E-006,49.342371093,59.122669324,-5.872E-006,       13P    195
35.462847807,59.122669324,-6.252E-006,32.514563109,                   13P    196
58.276378249,-6.334E-006,29.964008283,56.680648968,-6.349E-006,       13P    197
0.,1.,2.7E-008,2E-009,-1.;                                            13P    198
126,1,1,1,0,1,0,0.,0.,1.,1.,1.,1.,0.499999905,1.,0.,0.,1.,0.,         15P    199
0.,1.,0.,0.,1.;                                                       15P    200
126,3,3,1,0,0,0,0.,0.,0.,0.,1.,1.,1.,1.,1.,0.333333335579584,         17P    201
0.333333335579584,1.,29.964008283,56.680648968,0.,29.964008617,       17P    202
56.680649161,9.918235254,45.066464812,30.522427712,9.918235287,       17P    203
45.06646458,30.522427343,3.3E-008,0.,1.,-0.866025404,-0.5,            17P    204
3.9E-008;                                                             17P    205
126,1,1,1,0,1,0,0.,0.,1.,1.,1.,1.,0.,1.,0.,0.,0.,0.,0.,1.,0.,         19P    206
0.,1.;                                                                19P    207
126,7,3,1,0,1,0,0.,0.,0.,0.,0.0639194968375665,                       21P    208
0.0639194968375665,0.294878600570087,0.294878600570087,1.,1.,         21P    209
1.,1.,1.,1.,1.,1.,1.,1.,1.,1.,45.06646458,30.522427343,               21P    210
6.7E-008,47.434150167,31.884663436,0.,49.859027927,                   21P    211
33.133900813,0.,61.271257075,38.363463512,0.,70.848129737,            21P    212
40.94955021,0.,110.665294466,44.804712623,0.,140.658371793,           21P    213
47.708690973,0.,170.65144912,50.612669324,0.,0.,1.,-2.42E-007,        21P    214
4.69E-007,1.;                                                         21P    215
102,4,5,11,15,19;                                                     23P    216
102,4,9,13,17,21;                                                     25P    217
142,1,3,23,25,1;                                                      27P    218
144,3,1,0,27;                                                         29P    219
128,26,3,3,3,0,0,1,0,0,0.,0.,0.,0.,0.0078125,0.015625,0.03125,        31P    220
0.046875,0.0625,0.078125,0.09375,0.125,0.15625,0.1875,0.21875,        31P    221
0.25,0.28125,0.3125,0.34375,0.375,0.40625,0.421875,0.4375,            31P    222
0.453125,0.46875,0.484375,0.4921875,0.5,0.5,0.5,0.5,0.,0.,0.,         31P    223
0.,1.,1.,1.,1.,1.,1.,1.,1.,1.,1.,1.,1.,1.,1.,1.,1.,1.,1.,1.,1.,       31P    224
1.,1.,1.,1.,1.,1.,1.,1.,1.,1.,1.,1.,1.,1.,1.,1.,1.,1.,1.,1.,1.,       31P    225
1.,1.,1.,1.,1.,1.,1.,1.,1.,1.,1.,1.,1.,1.,1.,1.,1.,1.,1.,1.,1.,       31P    226
1.,1.,1.,1.,1.,1.,1.,1.,1.,1.,1.,1.,1.,1.,1.,1.,1.,1.,1.,1.,1.,       31P    227
1.,1.,1.,1.,1.,1.,1.,1.,1.,1.,1.,1.,1.,1.,1.,1.,1.,1.,1.,1.,1.,       31P    228
1.,1.,1.,1.,1.,1.,1.,1.,16.680648968,8.775195155,0.,                  31P    229
16.680648968,8.775195155,-0.09146616,16.677437132,8.778406991,        31P    230
-0.27439348,16.658285028,8.797559095,-0.639361366,16.610702052,       31P    231
8.84514207,-1.092283404,16.516487408,8.939356715,-1.62532884,         31P    232
16.385871171,9.069972951,-2.142712767,16.219566823,9.2362773,         31P    233
-2.639234684,15.953048819,9.502795304,-3.267534983,                   31P    234
15.541200818,9.914643305,-3.978581913,14.937894078,                   31P    235
10.517950045,-4.677435247,14.250490508,11.205353615,                  31P    236
-5.198257321,13.503982415,11.951861708,-5.517419855,                  31P    237
12.727922061,12.727922061,-5.626586238,11.951861708,                  31P    238
13.503982415,-5.517419855,11.205353615,14.250490508,                  31P    239
-5.198257321,10.517950045,14.937894078,-4.677435247,                  31P    240
9.914643305,15.541200818,-3.978581913,9.502795304,15.953048819,       31P    241
-3.267534983,9.2362773,16.219566823,-2.639234684,9.069972951,         31P    242
16.385871171,-2.142712767,8.939356715,16.516487408,-1.62532884,       31P    243
8.84514207,16.610702052,-1.092283404,8.797559095,16.658285028,        31P    244
-0.639361366,8.778406991,16.677437132,-0.27439348,8.775195155,        31P    245
16.680648968,-0.09146616,8.775195155,16.680648968,0.,                 31P    246
25.145587451,17.240133638,0.,25.14558745,17.240133637,                31P    247
-0.119243248,25.136252396,17.257054348,-0.35752323,                   31P    248
25.085799097,17.348721699,-0.812415924,24.986847286,                  31P    249
17.530230735,-1.32836131,24.845539423,17.793366942,-1.88270961,       31P    250
24.691609663,18.083213999,-2.388551505,24.529044644,                  31P    251
18.391475491,-2.852780435,24.303082295,18.822101207,                  31P    252
-3.420897086,24.006157336,19.390530149,-4.039131485,                  31P    253
23.628668678,20.111754232,-4.628797076,23.234714097,                  31P    254
20.862205491,-5.059520985,22.828105571,21.633561994,                  31P    255
-5.320738453,22.415243656,22.415243667,-5.409381626,                  31P    256
22.002381742,23.19692534,-5.320738453,21.595773216,                   31P    257
23.968281843,-5.059520985,21.201818637,24.718733103,                  31P    258
-4.628797076,20.824329981,25.439957188,-4.039131485,                  31P    259
20.527405024,26.008386132,-3.420897086,20.301442678,                  31P    260
26.439011849,-2.852780435,20.138877663,26.747273343,                  31P    261
-2.388551505,19.984947908,27.037120403,-1.88270961,                   31P    262
19.843640053,27.300256614,-1.32836131,19.74468825,27.481765655,       31P    263
-0.812415924,19.69423496,27.573433011,-0.35752323,19.684899912,       31P    264
27.590353726,-0.119243248,19.684899913,27.590353727,0.,               31P    265
34.690064012,24.552445911,0.,34.690064008,24.552445909,               31P    266
-0.147020336,34.672356206,24.585116006,-0.440652979,                  31P    267
34.577385725,24.761286607,-0.985470482,34.39472809,                   31P    268
25.106054052,-1.564439216,34.143902567,25.594736009,                  31P    269
-2.140090379,33.882301931,26.120333061,-2.634390243,                  31P    270
33.618873125,26.665435471,-3.066326186,33.269250786,                  31P    271
27.409126224,-3.574259189,32.839800636,28.358592354,                  31P    272
-4.099681057,32.33720348,29.516053548,-4.580158905,                   31P    273
31.845279781,30.684601469,-4.920784649,31.360158362,                  31P    274
31.860341491,-5.124057051,30.878585252,33.039422661,                  31P    275
-5.192177015,30.397012144,34.218503831,-5.124057051,                  31P    276
29.911890729,35.394243855,-4.920784649,29.419967037,                  31P    277
36.56279178,-4.580158905,28.91736989,37.72025298,-4.099681057,        31P    278
28.487919753,38.669719116,-3.574259189,28.138297428,                  31P    279
39.413409878,-3.066326186,27.874868634,39.958512295,                  31P    280
-2.634390243,27.613268014,40.484109356,-2.140090379,                  31P    281
27.362442511,40.972791325,-1.564439216,27.1797849,41.317558783,       31P    282
-0.985470482,27.084814443,41.493729398,-0.440652979,                  31P    283
27.067106653,41.526399503,-0.147020336,27.067106656,                  31P    284
41.526399505,0.,45.06646458,30.522427343,0.,45.066464574,             31P    285
30.522427339,-0.174797424,45.037787718,30.572097083,                  31P    286
-0.523782729,44.883046771,30.840116216,-1.15852504,                   31P    287
44.579361451,31.36611457,-1.800517121,44.146970847,                   31P    288
32.115037019,-2.397471149,43.680337959,32.923268851,                  31P    289
-2.880228981,43.19531726,33.763349314,-3.279871937,                   31P    290
42.532504788,34.911374156,-3.727621292,41.684936084,                  31P    291
36.37940618,-4.160230628,40.652207113,38.1681452,-4.531520734,        31P    292
39.610557523,39.972335194,-4.782048313,38.564010799,                  31P    293
41.785007281,-4.927375649,37.515236264,43.601538059,                  31P    294
-4.974972403,36.466461731,45.418068838,-4.927375649,                  31P    295
35.419915017,47.230740931,-4.782048313,34.378265444,                  31P    296
49.034930935,-4.531520734,33.345536498,50.823669969,                  31P    297
-4.160230628,32.497967823,52.29170201,-3.727621292,                   31P    298
31.835155382,53.439726869,-3.279871937,31.350134709,                  31P    299
54.279807348,-2.880228981,30.883501854,55.088039199,                  31P    300
-2.397471149,30.45111129,55.836961671,-1.800517121,                   31P    301
30.147426013,56.36296005,-1.15852504,29.992685109,56.630979207,       31P    302
-0.523782729,29.964008277,56.680648965,-0.174797424,                  31P    303
29.964008283,56.680648968,0.,0.,0.5,0.,1.;                            31P    304
126,1,1,1,0,1,0,0.,0.,1.,1.,1.,1.,0.,0.,0.,0.5,0.,0.,0.,1.,0.,        33P    305
0.,1.;                                                                33P    306
126,26,3,1,0,1,0,0.,0.,0.,0.,0.0078125,0.015625,0.03125,              35P    307
0.046875,0.0625,0.078125,0.09375,0.125,0.15625,0.1875,0.21875,        35P    308
0.25,0.28125,0.3125,0.34375,0.375,0.40625,0.421875,0.4375,            35P    309
0.453125,0.46875,0.484375,0.4921875,0.5,0.5,0.5,0.5,1.,1.,1.,         35P    310
1.,1.,1.,1.,1.,1.,1.,1.,1.,1.,1.,1.,1.,1.,1.,1.,1.,1.,1.,1.,1.,       35P    311
1.,1.,1.,16.680648968,8.775195155,0.,16.680648968,8.775195155,        35P    312
-0.09146616,16.677437132,8.778406991,-0.27439348,16.658285028,        35P    313
8.797559095,-0.639361366,16.610702052,8.84514207,-1.092283404,        35P    314
16.516487408,8.939356715,-1.62532884,16.385871171,9.069972951,        35P    315
-2.142712767,16.219566823,9.2362773,-2.639234684,15.953048819,        35P    316
9.502795304,-3.267534983,15.541200818,9.914643305,-3.978581913,       35P    317
14.937894078,10.517950045,-4.677435247,14.250490508,                  35P    318
11.205353615,-5.198257321,13.503982415,11.951861708,                  35P    319
-5.517419855,12.727922061,12.727922061,-5.626586238,                  35P    320
11.951861708,13.503982415,-5.517419855,11.205353615,                  35P    321
14.250490508,-5.198257321,10.517950045,14.937894078,                  35P    322
-4.677435247,9.914643305,15.541200818,-3.978581913,9.502795304,       35P    323
15.953048819,-3.267534983,9.2362773,16.219566823,-2.639234684,        35P    324
9.069972951,16.385871171,-2.142712767,8.939356715,16.516487408,       35P    325
-1.62532884,8.84514207,16.610702052,-1.092283404,8.797559095,         35P    326
16.658285028,-0.639361366,8.778406991,16.677437132,-0.27439348,       35P    327
8.775195155,16.680648968,-0.09146616,8.775195155,16.680648968,        35P    328
0.,0.,0.5,-0.707106781,-0.707106781,0.;                               35P    329
126,1,1,1,0,1,0,0.,0.,1.,1.,1.,1.,0.5,0.,0.,0.5,1.,0.,0.,1.,0.,       37P    330
0.,1.;                                                                37P    331
126,3,3,1,0,1,0,0.,0.,0.,0.,1.,1.,1.,1.,1.,1.,1.,1.,                  39P    332
8.775195155,16.680648968,0.,19.684899913,27.590353727,0.,             39P    333
27.067106656,41.526399505,0.,29.964008283,56.680648968,0.,0.,         39P    334
1.,0.,0.,-1.;                                                         39P    335
126,1,1,1,0,1,0,0.,0.,1.,1.,1.,1.,0.5,1.,0.,0.,1.,0.,0.,1.,0.,        41P    336
0.,1.;                                                                41P    337
126,6,3,1,0,0,0,0.,0.,0.,0.,0.5,0.5,0.5,1.,1.,1.,1.,1.,               43P    338
0.804737853330196,0.804737853330196,1.,0.804737853330196,             43P    339
0.804737853330196,1.,29.964008283,56.680648968,0.,29.964008185,       43P    340
56.680648912,-2.904983876,33.091829241,51.263103766,                  43P    341
-4.95911767,37.51523629,43.601538015,-4.95911766,41.938643338,        43P    342
35.939972264,-4.959117651,45.066464512,30.522427235,                  43P    343
-2.904983842,45.06646458,30.522427343,3.3E-008,0.,1.,                 43P    344
0.866025404,0.5,-3.9E-008;                                            43P    345
126,1,1,1,0,1,0,0.,0.,1.,1.,1.,1.,0.,1.,0.,0.,0.,0.,0.,1.,0.,         45P    346
0.,1.;                                                                45P    347
126,3,3,1,0,1,0,0.,0.,0.,0.,1.,1.,1.,1.,1.,1.,1.,1.,                  47P    348
45.06646458,30.522427343,0.,34.690064012,24.552445911,0.,             47P    349
25.145587451,17.240133638,0.,16.680648968,8.775195155,0.,0.,1.,       47P    350
0.,0.,-1.;                                                            47P    351
102,4,33,37,41,45;                                                    49P    352
102,4,35,39,43,47;                                                    51P    353
142,1,31,49,51,1;                                                     53P    354
144,31,1,0,53;                                                        55P    355
128,3,3,3,3,0,0,0,0,0,0.,0.,0.,0.,1.,1.,1.,1.,0.,0.,0.,0.,1.,         57P    356
1.,1.,1.,1.,0.804737854124365,0.804737854124365,1.,                   57P    357
0.333333333333333,0.268245951374788,0.268245951374788,                57P    358
0.333333333333333,0.333333333333333,0.268245951374788,                57P    359
0.268245951374788,0.333333333333333,1.,0.804737854124365,             57P    360
0.804737854124365,1.,8.485281374,16.970562748,0.,3.514718626,         57P    361
21.941125497,0.,-3.514718626,21.941125497,0.,-8.485281374,            57P    362
16.970562748,0.,8.485281374,16.970562748,12.,3.514718626,             57P    363
21.941125497,26.058874503,-3.514718626,21.941125497,36.,              57P    364
-8.485281374,16.970562748,36.,16.970562748,8.485281374,12.,           57P    365
21.941125497,3.514718626,26.058874503,21.941125497,                   57P    366
-3.514718626,36.,16.970562748,-8.485281374,36.,16.970562748,          57P    367
8.485281374,0.,21.941125497,3.514718626,0.,21.941125497,              57P    368
-3.514718626,0.,16.970562748,-8.485281374,0.,0.,1.,0.,1.;             57P    369
126,1,1,1,0,1,0,0.,0.,1.,1.,1.,1.,1.,0.,0.,1.,1.,0.,0.,1.,0.,         59P    370
0.,1.;                                                                59P    371
124,-0.70710678118655,5.55111512312578E-017,0.707106781186545,        61P    372
7.24264068711926,0.707106781186545,-1.66533453693773E-016,            61P    373
0.70710678118655,1.24264068711932,2.22044604925031E-016,1.,           61P    374
6.12323399573677E-017,-4.2426406871193;                               61P    375
100,0.,4.242640687,4.242640687,22.242640687,4.242640687,              63P    376
-13.757359313,4.242640687;                                            63P    377
126,1,1,1,0,1,0,0.,0.,1.,1.,1.,1.,1.,1.,0.,0.,1.,0.,0.,1.,0.,         65P    378
0.,1.;                                                                65P    379
100,0.,8.485281374,0.,16.970562748,-8.485281374,16.970562748,         67P    380
8.485281374;                                                          67P    381
126,1,1,1,0,1,0,0.,0.,1.,1.,1.,1.,0.,1.,0.,0.,0.,0.,0.,1.,0.,         69P    382
0.,1.;                                                                69P    383
124,0.70710678118655,-1.03805852802452E-014,-0.707106781186545,       71P    384
3.72792206135794,-0.707106781186545,1.04916075827077E-014,            71P    385
-0.70710678118655,21.7279220613577,1.47104550762833E-014,1.,          71P    386
6.12323399573677E-017,-12.7279220613581;                              71P    387
100,0.,12.727922061,12.727922061,18.727922061,12.727922061,           73P    388
6.727922061,12.727922061;                                             73P    389
126,1,1,1,0,1,0,0.,0.,1.,1.,1.,1.,0.,0.,0.,1.,0.,0.,0.,1.,0.,         75P    390
0.,1.;                                                                75P    391
100,0.,0.,8.485281374,8.485281374,16.970562748,-8.485281374,          77P    392
16.970562748;                                                         77P    393
102,4,59,65,69,75;                                                    79P    394
102,4,63,67,73,77;                                                    81P    395
142,1,57,79,81,1;                                                     83P    396
144,57,1,0,83;                                                        85P    397
314,100.,100.,100.,;                                                  87P    398
110,12.727922061,12.727922061,0.,-694.378859125,-694.378859125,       89P    399
0.;                                                                   89P    400
110,16.970562748,-8.485281374,0.,12.727922061,-12.727922061,0.;       91P    401
120,89,91,0.,6.28318530717959;                                        93P    402
126,1,1,1,0,1,0,0.,0.,1.,1.,1.,1.,0.,0.,0.,0.,3.141592654,0.,         95P    403
0.,1.,0.,0.,1.;                                                       95P    404
124,0.70710678118655,-9.71445146547012E-015,-0.707106781186545,       97P    405
1.24264068711931,-0.707106781186545,9.82547376793264E-015,            97P    406
-0.70710678118655,7.24264068711923,1.38222766565832E-014,1.,          97P    407
6.12323399573677E-017,-4.24264068711935;                              97P    408
100,0.,4.242640687,4.242640687,22.242640687,4.242640687,              99P    409
-13.757359313,4.242640687;                                            99P    410
126,1,1,1,0,1,0,0.,0.,1.,1.,1.,1.,0.,3.141592654,0.,1.,              101P    411
3.141592654,0.,0.,1.,0.,0.,1.;                                       101P    412
110,-8.485281374,16.970562748,0.,-12.727922061,12.727922061,0.;      103P    413
126,1,1,1,0,1,0,0.,0.,1.,1.,1.,1.,1.,3.141592654,0.,1.,0.,0.,        105P    414
0.,1.,0.,0.,1.;                                                      105P    415
124,-0.70710678118655,-2.77555756156289E-016,0.707106781186545,      107P    416
0.,0.707106781186545,1.66533453693773E-016,0.70710678118655,0.,      107P    417
-3.33066907387547E-016,1.,6.12323399573677E-017,0.;                  107P    418
100,0.,0.,0.,18.,0.,-18.,0.;                                         109P    419
126,1,1,1,0,1,0,0.,0.,1.,1.,1.,1.,1.,0.,0.,0.,0.,0.,0.,1.,0.,        111P    420
0.,1.;                                                               111P    421
110,12.727922061,-12.727922061,0.,16.970562748,-8.485281374,0.;      113P    422
102,4,95,101,105,111;                                                115P    423
102,4,99,103,109,113;                                                117P    424
142,1,93,115,117,1;                                                  119P    425
144,93,1,0,119;                                                      121P    426
314,100.,100.,100.,;                                                 123P    427
110,0.,0.,0.,12.727922061,12.727922061,0.;                           125P    428
100,0.,0.,0.,-12.727922061,-12.727922061,12.727922061,               127P    429
12.727922061;                                                        127P    430
120,125,127,0.,6.28318530717959;                                     129P    431
126,1,1,1,0,1,0,0.,0.,1.,1.,1.,1.,1.570796317,0.,0.,1E-008,0.,       131P    432
0.,0.,1.,0.,0.,1.;                                                   131P    433
124,0.707106781186538,-0.707106781186557,                            133P    434
-4.93770026216455E-015,0.,-0.707106781186557,                        133P    435
-0.707106781186538,4.93770026216451E-015,0.,                         133P    436
-6.98296267768627E-015,1.21484579404036E-028,-1.,0.;                 133P    437
100,0.,0.,0.,18.,0.,0.,18.;                                          135P    438
126,1,1,1,0,1,0,0.,0.,1.,1.,1.,1.,1E-008,3.141592654,0.,             137P    439
1.570796317,3.141592654,0.,0.,1.,0.,0.,1.;                           137P    440
124,-0.707106781186545,-0.70710678118655,5.11089147341159E-015,      139P    441
0.,-0.70710678118655,0.707106781186545,4.76450905091747E-015,        139P    442
0.,-6.98296267768627E-015,-2.44929359829447E-016,-1.,0.;             139P    443
100,0.,0.,0.,18.,0.,0.,18.;                                          141P    444
126,1,1,1,0,1,0,0.,0.,1.,1.,1.,1.,1.570796317,3.141592654,0.,        143P    445
1.570796317,0.,0.,0.,1.,0.,0.,1.;                                    143P    446
124,-0.70710678118655,0.,-0.707106781186545,0.,                      145P    447
0.707106781186545,-1.11022302462516E-016,-0.70710678118655,0.,       145P    448
-1.11022302462516E-016,-1.,6.12323399573677E-017,0.;                 145P    449
100,0.,0.,0.,18.,0.,-18.,0.;                                         147P    450
102,3,131,137,143;                                                   149P    451
102,3,135,141,147;                                                   151P    452
142,1,129,149,151,1;                                                 153P    453
144,129,1,0,153;                                                     155P    454
128,1,1,1,1,0,0,1,0,0,0.,0.,1.,1.,0.,0.,1.,1.,1.,1.,1.,1.,           157P    455
17.021474437,8.434369686,-6.072,8.434369686,17.021474437,            157P    456
-6.072,17.021474437,8.434369686,6.072,8.434369686,17.021474437,      157P    457
6.072,0.,1.,0.,1.;                                                   157P    458
126,32,2,1,0,1,0,0.,0.,0.,0.0625,0.0625,0.125,0.125,0.1875,          159P    459
0.1875,0.25,0.25,0.3125,0.3125,0.375,0.375,0.4375,0.4375,0.5,        159P    460
0.5,0.5625,0.5625,0.625,0.625,0.6875,0.6875,0.75,0.75,0.8125,        159P    461
0.8125,0.875,0.875,0.9375,0.9375,1.,1.,1.,1.,1.,1.,1.,1.,1.,1.,      159P    462
1.,1.,1.,1.,1.,1.,1.,1.,1.,1.,1.,1.,1.,1.,1.,1.,1.,1.,1.,1.,1.,      159P    463
1.,1.,1.,1.,1.,0.994071146,0.5,0.,0.994071146,0.548661761,0.,        159P    464
0.984577708,0.596388499,0.,0.975084269,0.644115237,0.,               159P    465
0.95646222,0.689072842,0.,0.93784017,0.734030447,0.,                 159P    466
0.910805144,0.774491222,0.,0.883770119,0.814951997,0.,               159P    467
0.849361058,0.849361058,0.,0.814951997,0.883770119,0.,               159P    468
0.774491222,0.910805144,0.,0.734030447,0.93784017,0.,                159P    469
0.689072842,0.95646222,0.,0.644115237,0.975084269,0.,                159P    470
0.596388499,0.984577708,0.,0.548661761,0.994071146,0.,0.5,           159P    471
0.994071146,0.,0.451338239,0.994071146,0.,0.403611501,               159P    472
0.984577708,0.,0.355884763,0.975084269,0.,0.310927158,               159P    473
0.95646222,0.,0.265969553,0.93784017,0.,0.225508778,                 159P    474
0.910805144,0.,0.185048003,0.883770119,0.,0.150638942,               159P    475
0.849361058,0.,0.116229881,0.814951997,0.,0.089194856,               159P    476
0.774491222,0.,0.06215983,0.734030447,0.,0.04353778,                 159P    477
0.689072842,0.,0.024915731,0.644115237,0.,0.015422292,               159P    478
0.596388499,0.,0.005928854,0.548661761,0.,0.005928854,0.5,0.,        159P    479
0.,1.,0.,0.,-1.;                                                     159P    480
124,-0.70710678118655,-2.22044604925031E-016,0.707106781186545,      161P    481
21.7279220613578,0.707106781186545,1.11022302462516E-016,            161P    482
0.70710678118655,3.72792206135797,-2.22044604925031E-016,1.,         161P    483
6.12323399573677E-017,-12.7279220613579;                             161P    484
100,0.,12.727922061,12.727922061,18.727922061,12.727922061,          163P    485
6.727922061,12.727922061;                                            163P    486
126,32,2,1,0,1,0,0.,0.,0.,0.0625,0.0625,0.125,0.125,0.1875,          165P    487
0.1875,0.25,0.25,0.3125,0.3125,0.375,0.375,0.4375,0.4375,0.5,        165P    488
0.5,0.5625,0.5625,0.625,0.625,0.6875,0.6875,0.75,0.75,0.8125,        165P    489
0.8125,0.875,0.875,0.9375,0.9375,1.,1.,1.,1.,1.,1.,1.,1.,1.,1.,      165P    490
1.,1.,1.,1.,1.,1.,1.,1.,1.,1.,1.,1.,1.,1.,1.,1.,1.,1.,1.,1.,1.,      165P    491
1.,1.,1.,1.,1.,0.005928854,0.5,0.,0.005928854,0.451338239,0.,        165P    492
0.015422292,0.403611501,0.,0.024915731,0.355884763,0.,               165P    493
0.04353778,0.310927158,0.,0.06215983,0.265969553,0.,                 165P    494
0.089194856,0.225508778,0.,0.116229881,0.185048003,0.,               165P    495
0.150638942,0.150638942,0.,0.185048003,0.116229881,0.,               165P    496
0.225508778,0.089194856,0.,0.265969553,0.06215983,0.,                165P    497
0.310927158,0.04353778,0.,0.355884763,0.024915731,0.,                165P    498
0.403611501,0.015422292,0.,0.451338239,0.005928854,0.,0.5,           165P    499
0.005928854,0.,0.548661761,0.005928854,0.,0.596388499,               165P    500
0.015422292,0.,0.644115237,0.024915731,0.,0.689072842,               165P    501
0.04353778,0.,0.734030447,0.06215983,0.,0.774491222,                 165P    502
0.089194856,0.,0.814951997,0.116229881,0.,0.849361058,               165P    503
0.150638942,0.,0.883770119,0.185048003,0.,0.910805144,               165P    504
0.225508778,0.,0.93784017,0.265969553,0.,0.95646222,                 165P    505
0.310927158,0.,0.975084269,0.355884763,0.,0.984577708,               165P    506
0.403611501,0.,0.994071146,0.451338239,0.,0.994071146,0.5,0.,        165P    507
0.,1.,0.,0.,-1.;                                                     165P    508
124,0.70710678118655,-9.71445146547012E-015,0.707106781186545,       167P    509
3.72792206135794,-0.707106781186545,9.82547376793264E-015,           167P    510
0.70710678118655,21.7279220613577,-1.38222766565832E-014,-1.,        167P    511
6.12323399573677E-017,12.7279220613581;                              167P    512
100,0.,12.727922061,12.727922061,18.727922061,12.727922061,          169P    513
6.727922061,12.727922061;                                            169P    514
102,2,159,165;                                                       171P    515
102,2,163,169;                                                       173P    516
142,1,157,171,173,1;                                                 175P    517
126,32,2,1,0,1,0,0.,0.,0.,0.0625,0.0625,0.125,0.125,0.1875,          177P    518
0.1875,0.25,0.25,0.3125,0.3125,0.375,0.375,0.4375,0.4375,0.5,        177P    519
0.5,0.5625,0.5625,0.625,0.625,0.6875,0.6875,0.75,0.75,0.8125,        177P    520
0.8125,0.875,0.875,0.9375,0.9375,1.,1.,1.,1.,1.,1.,1.,1.,1.,1.,      177P    521
1.,1.,1.,1.,1.,1.,1.,1.,1.,1.,1.,1.,1.,1.,1.,1.,1.,1.,1.,1.,1.,      177P    522
1.,1.,1.,1.,1.,0.960309618,0.5,0.,0.960309618,0.45475334,0.,         177P    523
0.951424672,0.410103722,0.,0.942517988,0.365344864,0.,               177P    524
0.925141211,0.32348783,0.,0.907874578,0.281896108,0.,                177P    525
0.882675877,0.244201401,0.,0.857357531,0.206327718,0.,               177P    526
0.825338717,0.174341393,0.,0.793387011,0.142422109,0.,               177P    527
0.755579586,0.117180473,0.,0.717806544,0.091961792,0.,               177P    528
0.6761217,0.074699619,0.,0.634288307,0.057375928,0.,                 177P    529
0.589580244,0.048505078,0.,0.545113135,0.039682037,0.,               177P    530
0.500079757,0.039674131,0.,0.454779869,0.039666178,0.,               177P    531
0.41005569,0.048577466,0.,0.365538701,0.057447472,0.,                177P    532
0.32387749,0.074699954,0.,0.282098009,0.092001413,0.,                177P    533
0.244250333,0.11729408,0.,0.206385051,0.142598513,0.,                177P    534
0.174402422,0.1746002,0.,0.142541367,0.206480242,0.,                 177P    535
0.117328177,0.244195338,0.,0.09197938,0.282113281,0.,                177P    536
0.074659573,0.323968478,0.,0.057442125,0.365576312,0.,               177P    537
0.048587393,0.410043113,0.,0.039690382,0.454722232,0.,               177P    538
0.039690382,0.5,0.,0.,1.,0.,0.,1.;                                   177P    539
126,26,3,1,0,1,0,0.,0.,0.,0.,0.0078125,0.015625,0.03125,             179P    540
0.046875,0.0625,0.078125,0.09375,0.125,0.15625,0.1875,0.21875,       179P    541
0.25,0.28125,0.3125,0.34375,0.375,0.40625,0.421875,0.4375,           179P    542
0.453125,0.46875,0.484375,0.4921875,0.5,0.5,0.5,0.5,1.,1.,1.,        179P    543
1.,1.,1.,1.,1.,1.,1.,1.,1.,1.,1.,1.,1.,1.,1.,1.,1.,1.,1.,1.,1.,      179P    544
1.,1.,1.,8.775195155,16.680648968,0.,8.775195155,16.680648968,       179P    545
-0.09146616,8.778406991,16.677437132,-0.27439348,8.797559095,        179P    546
16.658285028,-0.639361366,8.84514207,16.610702052,-1.092283404,      179P    547
8.939356715,16.516487408,-1.62532884,9.069972951,16.385871171,       179P    548
-2.142712767,9.2362773,16.219566823,-2.639234684,9.502795304,        179P    549
15.953048819,-3.267534983,9.914643305,15.541200818,                  179P    550
-3.978581913,10.517950045,14.937894078,-4.677435247,                 179P    551
11.205353615,14.250490508,-5.198257321,11.951861708,                 179P    552
13.503982415,-5.517419855,12.727922061,12.727922061,                 179P    553
-5.626586238,13.503982415,11.951861708,-5.517419855,                 179P    554
14.250490508,11.205353615,-5.198257321,14.937894078,                 179P    555
10.517950045,-4.677435247,15.541200818,9.914643305,                  179P    556
-3.978581913,15.953048819,9.502795304,-3.267534983,                  179P    557
16.219566823,9.2362773,-2.639234684,16.385871171,9.069972951,        179P    558
-2.142712767,16.516487408,8.939356715,-1.62532884,16.610702052,      179P    559
8.84514207,-1.092283404,16.658285028,8.797559095,-0.639361366,       179P    560
16.677437132,8.778406991,-0.27439348,16.680648968,8.775195155,       179P    561
-0.09146616,16.680648968,8.775195155,0.,0.,0.5,0.707106781,          179P    562
0.707106781,0.;                                                      179P    563
126,32,2,1,0,1,0,0.,0.,0.,0.0625,0.0625,0.125,0.125,0.1875,          181P    564
0.1875,0.25,0.25,0.3125,0.3125,0.375,0.375,0.4375,0.4375,0.5,        181P    565
0.5,0.5625,0.5625,0.625,0.625,0.6875,0.6875,0.75,0.75,0.8125,        181P    566
0.8125,0.875,0.875,0.9375,0.9375,1.,1.,1.,1.,1.,1.,1.,1.,1.,1.,      181P    567
1.,1.,1.,1.,1.,1.,1.,1.,1.,1.,1.,1.,1.,1.,1.,1.,1.,1.,1.,1.,1.,      181P    568
1.,1.,1.,1.,1.,0.039690382,0.5,0.,0.039690382,0.545152537,0.,        181P    569
0.048538872,0.589712879,0.,0.05738875,0.634280215,0.,                181P    570
0.074638281,0.675980059,0.,0.091939265,0.717804289,0.,               181P    571
0.117257866,0.755699457,0.,0.142440934,0.793391769,0.,               181P    572
0.174264097,0.825261333,0.,0.20627384,0.857317749,0.,                181P    573
0.24418423,0.882661737,0.,0.281906533,0.907879985,0.,                181P    574
0.323540682,0.925160411,0.,0.365316129,0.942499484,0.,               181P    575
0.409970646,0.95140558,0.,0.454619582,0.960310564,0.,                181P    576
0.499846444,0.96032585,0.,0.544924005,0.960341087,0.,                181P    577
0.589438947,0.951522935,0.,0.63416953,0.942662066,0.,                181P    578
0.676025984,0.925340006,0.,0.717633158,0.908121108,0.,               181P    579
0.755347909,0.882974102,0.,0.793263429,0.85769323,0.,                181P    580
0.825297956,0.825699321,0.,0.857224502,0.793813256,0.,               181P    581
0.882493603,0.756071053,0.,0.907782568,0.718299182,0.,               181P    582
0.925102296,0.676605877,0.,0.942466898,0.634804552,0.,               181P    583
0.951383159,0.590104641,0.,0.960309618,0.54535361,0.,                181P    584
0.960309618,0.5,0.,0.,1.,0.,0.,1.;                                   181P    585
126,26,3,1,0,1,0,0.,0.,0.,0.,0.0078125,0.015625,0.03125,             183P    586
0.046875,0.0625,0.078125,0.09375,0.125,0.15625,0.1875,0.21875,       183P    587
0.25,0.28125,0.3125,0.34375,0.375,0.40625,0.421875,0.4375,           183P    588
0.453125,0.46875,0.484375,0.4921875,0.5,0.5,0.5,0.5,1.,1.,1.,        183P    589
1.,1.,1.,1.,1.,1.,1.,1.,1.,1.,1.,1.,1.,1.,1.,1.,1.,1.,1.,1.,1.,      183P    590
1.,1.,1.,16.680648968,8.775195155,0.,16.680648968,8.775195155,       183P    591
0.09146616,16.677437132,8.778406991,0.27439348,16.658285028,         183P    592
8.797559095,0.639361366,16.610702052,8.84514207,1.092283404,         183P    593
16.516487408,8.939356715,1.62532884,16.385871171,9.069972951,        183P    594
2.142712767,16.219566823,9.2362773,2.639234684,15.953048819,         183P    595
9.502795304,3.267534983,15.541200818,9.914643305,3.978581913,        183P    596
14.937894078,10.517950045,4.677435247,14.250490508,                  183P    597
11.205353615,5.198257321,13.503982415,11.951861708,5.517419855,      183P    598
12.727922061,12.727922061,5.626586238,11.951861708,                  183P    599
13.503982415,5.517419855,11.205353615,14.250490508,5.198257321,      183P    600
10.517950045,14.937894078,4.677435247,9.914643305,15.541200818,      183P    601
3.978581913,9.502795304,15.953048819,3.267534983,9.2362773,          183P    602
16.219566823,2.639234684,9.069972951,16.385871171,2.142712767,       183P    603
8.939356715,16.516487408,1.62532884,8.84514207,16.610702052,         183P    604
1.092283404,8.797559095,16.658285028,0.639361366,8.778406991,        183P    605
16.677437132,0.27439348,8.775195155,16.680648968,0.09146616,         183P    606
8.775195155,16.680648968,0.,0.,0.5,0.707106781,0.707106781,0.;       183P    607
102,2,177,181;                                                       185P    608
102,2,179,183;                                                       187P    609
142,1,157,185,187,1;                                                 189P    610
144,157,1,1,175,189;                                                 191P    611
314,100.,100.,100.,;                                                 193P    612
110,0.,0.,0.,12.727922061,12.727922061,0.;                           195P    613
100,0.,0.,0.,-12.727922061,-12.727922061,12.727922061,               197P    614
12.727922061;                                                        197P    615
120,195,197,0.,6.28318530717959;                                     199P    616
126,1,1,1,0,1,0,0.,0.,1.,1.,1.,1.,1.570796317,3.141592654,0.,        201P    617
1E-008,3.141592654,0.,0.,1.,0.,0.,1.;                                201P    618
100,0.,0.,0.,-12.727922061,12.727922061,-12.727922061,               203P    619
-12.727922061;                                                       203P    620
126,1,1,1,0,1,0,0.,0.,1.,1.,1.,1.,1E-008,3.141592654,0.,1E-008,      205P    621
6.283185307,0.,0.,1.,0.,0.,1.;                                       205P    622
126,1,1,1,0,1,0,0.,0.,1.,1.,1.,1.,1E-008,6.283185307,0.,             207P    623
1.570796317,6.283185307,0.,0.,1.,0.,0.,1.;                           207P    624
100,0.,0.,0.,-12.727922061,-12.727922061,12.727922061,               209P    625
-12.727922061;                                                       209P    626
126,1,1,1,0,1,0,0.,0.,1.,1.,1.,1.,1.570796317,6.283185307,0.,        211P    627
1.570796317,3.141592654,0.,0.,1.,0.,0.,1.;                           211P    628
124,0.70710678118655,-9.65894031423886E-015,-0.707106781186545,      213P    629
0.,-0.707106781186545,9.76996261670138E-015,-0.70710678118655,       213P    630
0.,1.37112543541207E-014,1.,6.12323399573677E-017,0.;                213P    631
100,0.,0.,0.,18.,0.,-18.,0.;                                         215P    632
102,4,201,205,207,211;                                               217P    633
102,3,203,209,215;                                                   219P    634
142,1,199,217,219,1;                                                 221P    635
144,199,1,0,221;                                                     223P    636
314,100.,100.,100.,;                                                 225P    637
110,12.727922061,12.727922061,0.,-694.378859125,-694.378859125,      227P    638
0.;                                                                  227P    639
110,16.970562748,-8.485281374,0.,12.727922061,-12.727922061,0.;      229P    640
120,227,229,0.,6.28318530717959;                                     231P    641
126,1,1,1,0,1,0,0.,0.,1.,1.,1.,1.,1.,3.141592654,0.,0.,              233P    642
3.141592654,0.,0.,1.,0.,0.,1.;                                       233P    643
110,-12.727922061,12.727922061,0.,-8.485281374,16.970562748,0.;      235P    644
126,1,1,1,0,1,0,0.,0.,1.,1.,1.,1.,0.,3.141592654,0.,0.,              237P    645
6.283185307,0.,0.,1.,0.,0.,1.;                                       237P    646
124,-0.70710678118655,-2.22044604925031E-016,                        239P    647
-0.707106781186545,7.24264068711926,0.707106781186545,               239P    648
1.11022302462516E-016,-0.70710678118655,1.24264068711932,            239P    649
2.22044604925031E-016,-1.,6.12323399573677E-017,                     239P    650
4.24264068711929;                                                    239P    651
100,0.,4.242640687,4.242640687,22.242640687,4.242640687,             241P    652
-13.757359313,4.242640687;                                           241P    653
126,1,1,1,0,1,0,0.,0.,1.,1.,1.,1.,0.,6.283185307,0.,1.,              243P    654
6.283185307,0.,0.,1.,0.,0.,1.;                                       243P    655
110,16.970562748,-8.485281374,0.,12.727922061,-12.727922061,0.;      245P    656
126,1,1,1,0,1,0,0.,0.,1.,1.,1.,1.,1.,6.283185307,0.,1.,              247P    657
3.141592654,0.,0.,1.,0.,0.,1.;                                       247P    658
124,0.70710678118655,-9.65894031423886E-015,0.707106781186545,       249P    659
0.,-0.707106781186545,9.76996261670138E-015,0.70710678118655,        249P    660
0.,-1.37112543541207E-014,-1.,6.12323399573677E-017,0.;              249P    661
100,0.,0.,0.,18.,0.,-18.,0.;                                         251P    662
102,4,233,237,243,247;                                               253P    663
102,4,235,241,245,251;                                               255P    664
142,1,231,253,255,1;                                                 257P    665
144,231,1,0,257;                                                     259P    666
128,3,3,3,3,0,0,0,0,0,0.,0.,0.,0.,1.,1.,1.,1.,0.,0.,0.,0.,1.,        261P    667
1.,1.,1.,1.,0.804737854124365,0.804737854124365,1.,                  261P    668
0.333333333333333,0.268245951374788,0.268245951374788,               261P    669
0.333333333333333,0.333333333333333,0.268245951374788,               261P    670
0.268245951374788,0.333333333333333,1.,0.804737854124365,            261P    671
0.804737854124365,1.,16.970562748,8.485281374,0.,21.941125497,       261P    672
3.514718626,0.,21.941125497,-3.514718626,0.,16.970562748,            261P    673
-8.485281374,0.,16.970562748,8.485281374,-12.,21.941125497,          261P    674
3.514718626,-26.058874503,21.941125497,-3.514718626,-36.,            261P    675
16.970562748,-8.485281374,-36.,8.485281374,16.970562748,-12.,        261P    676
3.514718626,21.941125497,-26.058874503,-3.514718626,                 261P    677
21.941125497,-36.,-8.485281374,16.970562748,-36.,8.485281374,        261P    678
16.970562748,0.,3.514718626,21.941125497,0.,-3.514718626,            261P    679
21.941125497,0.,-8.485281374,16.970562748,0.,0.,1.,0.,1.;            261P    680
126,1,1,1,0,1,0,0.,0.,1.,1.,1.,1.,0.,0.,0.,1.,0.,0.,0.,1.,0.,        263P    681
0.,1.;                                                               263P    682
124,0.707106781186555,0.70710678118654,-5.02429586778807E-015,       265P    683
2.48528137423849,0.70710678118654,-0.707106781186555,                265P    684
-4.851104656541E-015,-5.99999999999989,-6.98296267768627E-015,       265P    685
-1.2246467991464E-016,-1.,6.07219793049512E-014;                     265P    686
100,0.,8.485281374,0.,20.485281374,0.,8.485281374,12.;               267P    687
126,1,1,1,0,1,0,0.,0.,1.,1.,1.,1.,1.,0.,0.,1.,1.,0.,0.,1.,0.,        269P    688
0.,1.;                                                               269P    689
124,0.70710678118655,-9.71445146547012E-015,0.707106781186545,       271P    690
1.24264068711931,-0.707106781186545,9.82547376793264E-015,           271P    691
0.70710678118655,7.24264068711923,-1.38222766565832E-014,-1.,        271P    692
6.12323399573677E-017,4.24264068711935;                              271P    693
100,0.,4.242640687,4.242640687,22.242640687,4.242640687,             273P    694
-13.757359313,4.242640687;                                           273P    695
126,1,1,1,0,1,0,0.,0.,1.,1.,1.,1.,1.,1.,0.,0.,1.,0.,0.,1.,0.,        275P    696
0.,1.;                                                               275P    697
124,-0.707106781186551,0.707106781186544,4.93770026216455E-015,      277P    698
-6.00000000000003,0.707106781186544,0.707106781186551,               277P    699
-4.93770026216451E-015,2.48528137423857,-6.98296267768627E-015,      277P    700
-7.09974814698911E-030,-1.,-1.78726298839135E-028;                   277P    701
100,0.,0.,8.485281374,12.,8.485281374,0.,20.485281374;               279P    702
126,1,1,1,0,1,0,0.,0.,1.,1.,1.,1.,0.,1.,0.,0.,0.,0.,0.,1.,0.,        281P    703
0.,1.;                                                               281P    704
124,-0.70710678118655,-2.22044604925031E-016,                        283P    705
-0.707106781186545,21.7279220613578,0.707106781186545,               283P    706
1.11022302462516E-016,-0.70710678118655,3.72792206135797,            283P    707
2.22044604925031E-016,-1.,6.12323399573677E-017,                     283P    708
12.7279220613579;                                                    283P    709
100,0.,12.727922061,12.727922061,18.727922061,12.727922061,          285P    710
6.727922061,12.727922061;                                            285P    711
102,4,263,269,275,281;                                               287P    712
102,4,267,273,279,285;                                               289P    713
142,1,261,287,289,1;                                                 291P    714
144,261,1,0,291;                                                     293P    715
128,26,3,3,3,0,0,1,0,0,0.5,0.5,0.5,0.5,0.5078125,0.515625,           295P    716
0.53125,0.546875,0.5625,0.578125,0.59375,0.625,0.65625,0.6875,       295P    717
0.71875,0.75,0.78125,0.8125,0.84375,0.875,0.90625,0.921875,          295P    718
0.9375,0.953125,0.96875,0.984375,0.9921875,1.,1.,1.,1.,0.,0.,        295P    719
0.,0.,1.,1.,1.,1.,1.,1.,1.,1.,1.,1.,1.,1.,1.,1.,1.,1.,1.,1.,1.,      295P    720
1.,1.,1.,1.,1.,1.,1.,1.,1.,1.,1.,1.,1.,1.,1.,1.,1.,1.,1.,1.,1.,      295P    721
1.,1.,1.,1.,1.,1.,1.,1.,1.,1.,1.,1.,1.,1.,1.,1.,1.,1.,1.,1.,1.,      295P    722
1.,1.,1.,1.,1.,1.,1.,1.,1.,1.,1.,1.,1.,1.,1.,1.,1.,1.,1.,1.,1.,      295P    723
1.,1.,1.,1.,1.,1.,1.,1.,1.,1.,1.,1.,1.,1.,1.,1.,1.,1.,1.,1.,1.,      295P    724
1.,1.,1.,1.,1.,1.,1.,1.,1.,8.775195155,16.680648968,0.,              295P    725
8.775195155,16.680648968,0.09146616,8.778406991,16.677437132,        295P    726
0.27439348,8.797559095,16.658285028,0.639361366,8.84514207,          295P    727
16.610702052,1.092283404,8.939356715,16.516487408,1.62532884,        295P    728
9.069972951,16.385871171,2.142712767,9.2362773,16.219566823,         295P    729
2.639234684,9.502795304,15.953048819,3.267534983,9.914643305,        295P    730
15.541200818,3.978581913,10.517950045,14.937894078,4.677435247,      295P    731
11.205353615,14.250490508,5.198257321,11.951861708,                  295P    732
13.503982415,5.517419855,12.727922061,12.727922061,5.626586238,      295P    733
13.503982415,11.951861708,5.517419855,14.250490508,                  295P    734
11.205353615,5.198257321,14.937894078,10.517950045,4.677435247,      295P    735
15.541200818,9.914643305,3.978581913,15.953048819,9.502795304,       295P    736
3.267534983,16.219566823,9.2362773,2.639234684,16.385871171,         295P    737
9.069972951,2.142712767,16.516487408,8.939356715,1.62532884,         295P    738
16.610702052,8.84514207,1.092283404,16.658285028,8.797559095,        295P    739
0.639361366,16.677437132,8.778406991,0.27439348,16.680648968,        295P    740
8.775195155,0.09146616,16.680648968,8.775195155,0.,                  295P    741
19.684899913,27.590353727,0.,19.684899914,27.590353727,              295P    742
0.119243248,19.694234969,27.573433016,0.35752323,19.744688267,       295P    743
27.481765665,0.812415924,19.843640079,27.300256629,1.32836131,       295P    744
19.984947942,27.037120422,1.88270961,20.138877701,26.747273365,      295P    745
2.388551505,20.30144272,26.439011874,2.852780435,20.527405069,       295P    746
26.008386158,3.420897086,20.824330029,25.439957215,4.039131485,      295P    747
21.201818687,24.718733132,4.628797076,21.595773267,                  295P    748
23.968281873,5.059520985,22.002381793,23.19692537,5.320738453,       295P    749
22.415243708,22.415243697,5.409381626,22.828105622,                  295P    750
21.633562024,5.320738453,23.234714148,20.862205521,5.059520985,      295P    751
23.628668728,20.111754261,4.628797076,24.006157384,                  295P    752
19.390530177,4.039131485,24.303082341,18.822101233,3.420897086,      295P    753
24.529044686,18.391475515,2.852780435,24.691609702,                  295P    754
18.083214022,2.388551505,24.845539456,17.793366961,1.88270961,       295P    755
24.986847312,17.530230751,1.32836131,25.085799115,17.34872171,       295P    756
0.812415924,25.136252404,17.257054353,0.35752323,25.145587453,       295P    757
17.240133638,0.119243248,25.145587451,17.240133638,0.,               295P    758
27.067106656,41.526399505,0.,27.06710666,41.526399507,               295P    759
0.147020336,27.084814462,41.493729409,0.440652979,27.179784943,      295P    760
41.317558808,0.985470482,27.362442578,40.972791363,1.564439216,      295P    761
27.613268102,40.484109406,2.140090379,27.874868737,                  295P    762
39.958512354,2.634390243,28.138297544,39.413409944,3.066326186,      295P    763
28.487919883,38.669719191,3.574259189,28.917370032,                  295P    764
37.720253062,4.099681057,29.419967189,36.562791867,4.580158905,      295P    765
29.911890887,35.394243947,4.920784649,30.397012306,                  295P    766
34.218503924,5.124057051,30.878585416,33.039422755,5.192177015,      295P    767
31.360158524,31.860341585,5.124057051,31.845279939,30.68460156,      295P    768
4.920784649,32.337203631,29.516053636,4.580158905,32.839800778,      295P    769
28.358592435,4.099681057,33.269250915,27.409126299,3.574259189,      295P    770
33.61887324,26.665435538,3.066326186,33.882302034,26.120333121,      295P    771
2.634390243,34.143902654,25.59473606,2.140090379,34.394728157,       295P    772
25.106054091,1.564439216,34.577385769,24.761286632,0.985470482,      295P    773
34.672356226,24.585116018,0.440652979,34.690064015,                  295P    774
24.552445913,0.147020336,34.690064012,24.552445911,0.,               295P    775
29.964008283,56.680648968,0.,29.964008289,56.680648972,              295P    776
0.174797424,29.992685144,56.630979228,0.523782729,30.147426091,      295P    777
56.362960095,1.15852504,30.451111411,55.836961741,1.800517121,       295P    778
30.883502016,55.088039292,2.397471149,31.350134903,54.27980746,      295P    779
2.880228981,31.835155603,53.439726997,3.279871937,32.497968074,      295P    780
52.291702155,3.727621292,33.345536778,50.823670131,4.160230628,      295P    781
34.378265749,49.034931111,4.531520734,35.41991534,47.230741117,      295P    782
4.782048313,36.466462063,45.41806903,4.927375649,37.515236599,       295P    783
43.601538252,4.974972403,38.564011131,41.785007473,4.927375649,      295P    784
39.610557845,39.97233538,4.782048313,40.652207419,38.168145376,      295P    785
4.531520734,41.684936365,36.379406342,4.160230628,42.532505039,      295P    786
34.911374301,3.727621292,43.195317481,33.763349442,3.279871937,      295P    787
43.680338154,32.923268963,2.880228981,44.146971008,                  295P    788
32.115037112,2.397471149,44.579361572,31.36611464,1.800517121,       295P    789
44.883046849,30.840116261,1.15852504,45.037787754,30.572097104,      295P    790
0.523782729,45.066464586,30.522427346,0.174797424,45.06646458,       295P    791
30.522427343,0.,0.5,1.,0.,1.;                                        295P    792
126,1,1,1,0,1,0,0.,0.,1.,1.,1.,1.,0.5,1.,0.,0.5,0.,0.,0.,1.,0.,      297P    793
0.,1.;                                                               297P    794
126,3,3,1,0,1,0,0.,0.,0.,0.,1.,1.,1.,1.,1.,1.,1.,1.,                 299P    795
29.964008283,56.680648968,0.,27.067106656,41.526399505,0.,           299P    796
19.684899913,27.590353727,0.,8.775195155,16.680648968,0.,0.,1.,      299P    797
0.,0.,1.;                                                            299P    798
126,1,1,1,0,1,0,0.,0.,1.,1.,1.,1.,0.5,0.,0.,1.,0.,0.,0.,1.,0.,       301P    799
0.,1.;                                                               301P    800
126,26,3,1,0,1,0,0.5,0.5,0.5,0.5,0.5078125,0.515625,0.53125,         303P    801
0.546875,0.5625,0.578125,0.59375,0.625,0.65625,0.6875,0.71875,       303P    802
0.75,0.78125,0.8125,0.84375,0.875,0.90625,0.921875,0.9375,           303P    803
0.953125,0.96875,0.984375,0.9921875,1.,1.,1.,1.,1.,1.,1.,1.,1.,      303P    804
1.,1.,1.,1.,1.,1.,1.,1.,1.,1.,1.,1.,1.,1.,1.,1.,1.,1.,1.,1.,1.,      303P    805
1.,8.775195155,16.680648968,0.,8.775195155,16.680648968,             303P    806
0.09146616,8.778406991,16.677437132,0.27439348,8.797559095,          303P    807
16.658285028,0.639361366,8.84514207,16.610702052,1.092283404,        303P    808
8.939356715,16.516487408,1.62532884,9.069972951,16.385871171,        303P    809
2.142712767,9.2362773,16.219566823,2.639234684,9.502795304,          303P    810
15.953048819,3.267534983,9.914643305,15.541200818,3.978581913,       303P    811
10.517950045,14.937894078,4.677435247,11.205353615,                  303P    812
14.250490508,5.198257321,11.951861708,13.503982415,5.517419855,      303P    813
12.727922061,12.727922061,5.626586238,13.503982415,                  303P    814
11.951861708,5.517419855,14.250490508,11.205353615,5.198257321,      303P    815
14.937894078,10.517950045,4.677435247,15.541200818,9.914643305,      303P    816
3.978581913,15.953048819,9.502795304,3.267534983,16.219566823,       303P    817
9.2362773,2.639234684,16.385871171,9.069972951,2.142712767,          303P    818
16.516487408,8.939356715,1.62532884,16.610702052,8.84514207,         303P    819
1.092283404,16.658285028,8.797559095,0.639361366,16.677437132,       303P    820
8.778406991,0.27439348,16.680648968,8.775195155,0.09146616,          303P    821
16.680648968,8.775195155,0.,0.5,1.,-0.707106781,-0.707106781,        303P    822
0.;                                                                  303P    823
126,1,1,1,0,1,0,0.,0.,1.,1.,1.,1.,1.,0.,0.,1.,1.,0.,0.,1.,0.,        305P    824
0.,1.;                                                               305P    825
126,3,3,1,0,1,0,0.,0.,0.,0.,1.,1.,1.,1.,1.,1.,1.,1.,                 307P    826
16.680648968,8.775195155,0.,25.145587451,17.240133638,0.,            307P    827
34.690064012,24.552445911,0.,45.06646458,30.522427343,0.,0.,1.,      307P    828
0.,0.,1.;                                                            307P    829
126,1,1,1,0,1,0,0.,0.,1.,1.,1.,1.,1.,1.,0.,0.5,1.,0.,0.,1.,0.,       309P    830
0.,1.;                                                               309P    831
126,3,3,1,0,0,0,0.,0.,0.,0.,1.,1.,1.,1.,1.,0.333333335579584,        311P    832
0.333333335579584,1.,45.06646458,30.522427343,3.3E-008,              311P    833
45.066464812,30.522427712,9.918235287,29.964008617,                  311P    834
56.680649161,9.918235254,29.964008283,56.680648968,0.,0.,1.,         311P    835
0.866025404,0.5,-3.9E-008;                                           311P    836
102,4,297,301,305,309;                                               313P    837
102,4,299,303,307,311;                                               315P    838
142,1,295,313,315,1;                                                 317P    839
144,295,1,0,317;                                                     319P    840
128,1,1,1,1,0,0,1,0,0,0.,0.,1.,1.,0.,0.,1.,1.,1.,1.,1.,1.,           321P    841
170.65144912,50.561581787,4.306114424,170.65144912,                  321P    842
50.561581787,-4.306060325,170.65144912,59.17378391,4.306114424,      321P    843
170.65144912,59.17378391,-4.306060325,0.,1.,0.,1.;                   321P    844
126,32,2,1,0,1,0,0.,0.,0.,0.0625,0.0625,0.125,0.125,0.1875,          323P    845
0.1875,0.25,0.25,0.3125,0.3125,0.375,0.375,0.4375,0.4375,0.5,        323P    846
0.5,0.5625,0.5625,0.625,0.625,0.6875,0.6875,0.75,0.75,0.8125,        323P    847
0.8125,0.875,0.875,0.9375,0.9375,1.,1.,1.,1.,1.,1.,1.,1.,1.,1.,      323P    848
1.,1.,1.,1.,1.,1.,1.,1.,1.,1.,1.,1.,1.,1.,1.,1.,1.,1.,1.,1.,1.,      323P    849
1.,1.,1.,1.,1.,0.500003141,0.005931995,0.,0.548600719,               323P    850
0.005925713,0.,0.596391009,0.015425339,0.,0.644056024,               323P    851
0.024900063,0.,0.689074747,0.043540548,0.,0.73397546,                323P    852
0.062132171,0.,0.774492571,0.089197171,0.,0.814903474,               323P    853
0.116191226,0.,0.849361925,0.15064065,0.,0.88373005,                 323P    854
0.184999772,0.,0.910805622,0.225509748,0.,0.937810221,               323P    855
0.265913535,0.,0.956462416,0.310927287,0.,0.975065718,               323P    856
0.355823046,0.,0.984577743,0.403610722,0.,0.994071132,               323P    857
0.451304775,0.,0.994071146,0.499998281,0.,0.994071161,               323P    858
0.548627307,0.,0.984577801,0.596385845,0.,0.97510306,                323P    859
0.644050714,0.,0.95646253,0.689069297,0.,0.937870861,                323P    860
0.733969875,0.,0.910805788,0.774486864,0.,0.883811658,               323P    861
0.814897648,0.,0.849362136,0.849355998,0.,0.815002914,               323P    862
0.883724025,0.,0.774492819,0.910799522,0.,0.73408891,                323P    863
0.937804049,0.,0.689075022,0.956456197,0.,0.644179124,               323P    864
0.975059454,0.,0.596391301,0.984571462,0.,0.548728739,               323P    865
0.994058537,0.,0.500003439,0.994064865,0.,0.,1.,0.,0.,-1.;           323P    866
124,8.58915688636046E-031,6.12323399573677E-017,1.,                  325P    867
170.651449119535,-1.,1.40271576953299E-014,0.,225.519118443332,      325P    868
-1.40271576953299E-014,-1.,6.12323399573677E-017,                    325P    869
54.8676693238003;                                                    325P    870
100,0.,170.65144912,54.867669324,174.90644912,54.867669324,          327P    871
166.39644912,54.867671884;                                           327P    872
126,32,2,1,0,1,0,0.,0.,0.,0.0625,0.0625,0.125,0.125,0.1875,          329P    873
0.1875,0.25,0.25,0.3125,0.3125,0.375,0.375,0.4375,0.4375,0.5,        329P    874
0.5,0.5625,0.5625,0.625,0.625,0.6875,0.6875,0.75,0.75,0.8125,        329P    875
0.8125,0.875,0.875,0.9375,0.9375,1.,1.,1.,1.,1.,1.,1.,1.,1.,1.,      329P    876
1.,1.,1.,1.,1.,1.,1.,1.,1.,1.,1.,1.,1.,1.,1.,1.,1.,1.,1.,1.,1.,      329P    877
1.,1.,1.,1.,1.,0.500003439,0.994064865,0.,0.451405838,               329P    878
0.994071175,0.,0.403615529,0.984571571,0.,0.355950487,               329P    879
0.975096867,0.,0.310931742,0.956456396,0.,0.266031,0.937864786,      329P    880
0.,0.225513865,0.910799791,0.,0.185102935,0.88380574,0.,             329P    881
0.150644462,0.849356314,0.,0.116276312,0.814997188,0.,               329P    882
0.089200722,0.774487204,0.,0.062196103,0.734083407,0.,               329P    883
0.043543894,0.689069641,0.,0.024940578,0.644173867,0.,               329P    884
0.015428546,0.596386174,0.,0.005941448,0.548723744,0.,               329P    885
0.005935135,0.499998579,0.,0.005928839,0.451401134,0.,               329P    886
0.015428488,0.403610978,0.,0.024903236,0.355946092,0.,               329P    887
0.04354378,0.310927494,0.,0.062135462,0.266026902,0.,                329P    888
0.089200556,0.225509903,0.,0.116194704,0.18509911,0.,                329P    889
0.150644251,0.150640756,0.,0.185003495,0.116272727,0.,               329P    890
0.225513618,0.089197233,0.,0.26591755,0.062192713,0.,                329P    891
0.310931466,0.043540577,0.,0.355827386,0.024937334,0.,               329P    892
0.403615236,0.015425346,0.,0.451277818,0.005938293,0.,               329P    893
0.500003141,0.005931995,0.,0.,1.,0.,0.,-1.;                          329P    894
124,3.68498293468592E-023,-6.12323399573566E-017,1.,                 331P    895
170.651449119535,0.999999999999819,6.0180338318796E-007,0.,          331P    896
-115.783812815255,-6.0180338318796E-007,0.999999999999819,           331P    897
6.12323399573677E-017,-54.8675666251686;                             331P    898
100,0.,170.65144912,54.867669324,174.90644912,54.867669324,          333P    899
166.39644912,54.867666763;                                           333P    900
102,2,323,329;                                                       335P    901
102,2,327,333;                                                       337P    902
142,1,321,335,337,1;                                                 339P    903
144,321,1,0,339;                                                     341P    904
128,28,7,3,3,0,0,1,0,0,0.496999904836776,0.496999904836776,          343P    905
0.496999904836776,0.496999904836776,0.499999904408606,               343P    906
0.499999904408606,0.507812405902222,0.515624907395837,               343P    907
0.531249910383068,0.546874913370299,0.56249991635753,                343P    908
0.578124919344762,0.593749922331993,0.624999928306455,               343P    909
0.656249934280917,0.687499940255379,0.718749946229841,               343P    910
0.749999952204303,0.781249958178765,0.812499964153227,               343P    911
0.843749970127689,0.874999976102151,0.906249982076614,               343P    912
0.921874985063845,0.937499988051076,0.953124991038307,               343P    913
0.968749994025538,0.984374997012769,0.992187498506385,1.,1.,1.,      343P    914
1.,0.,0.,0.,0.,0.705121399429913,0.705121399429913,                  343P    915
0.936080503162434,0.936080503162434,1.,1.,1.,1.,1.,1.,1.,1.,1.,      343P    916
1.,1.,1.,1.,1.,1.,1.,1.,1.,1.,1.,1.,1.,1.,1.,1.,1.,1.,1.,1.,1.,      343P    917
1.,1.,1.,1.,1.,1.,1.,1.,1.,1.,1.,1.,1.,1.,1.,1.,1.,1.,1.,1.,1.,      343P    918
1.,1.,1.,1.,1.,1.,1.,1.,1.,1.,1.,1.,1.,1.,1.,1.,1.,1.,1.,1.,1.,      343P    919
1.,1.,1.,1.,1.,1.,1.,1.,1.,1.,1.,1.,1.,1.,1.,1.,1.,1.,1.,1.,1.,      343P    920
1.,1.,1.,1.,1.,1.,1.,1.,1.,1.,1.,1.,1.,1.,1.,1.,1.,1.,1.,1.,1.,      343P    921
1.,1.,1.,1.,1.,1.,1.,1.,1.,1.,1.,1.,1.,1.,1.,1.,1.,1.,1.,1.,1.,      343P    922
1.,1.,1.,1.,1.,1.,1.,1.,1.,1.,1.,1.,1.,1.,1.,1.,1.,1.,1.,1.,1.,      343P    923
1.,1.,1.,1.,1.,1.,1.,1.,1.,1.,1.,1.,1.,1.,1.,1.,1.,1.,1.,1.,1.,      343P    924
1.,1.,1.,1.,1.,1.,1.,1.,1.,1.,1.,1.,1.,1.,1.,1.,1.,1.,1.,1.,1.,      343P    925
1.,1.,1.,1.,1.,1.,1.,1.,1.,1.,1.,1.,1.,1.,1.,1.,1.,1.,1.,1.,1.,      343P    926
1.,1.,1.,1.,1.,1.,1.,1.,1.,1.,1.,1.,1.,1.,1.,1.,1.,                  343P    927
170.65144912,59.12190536,0.080199462,170.65144912,59.122414366,      343P    928
0.053469661,170.65144912,59.122669324,0.026734949,170.65144912,      343P    929
59.122669324,-0.069622287,170.65144912,59.119211231,                 343P    930
-0.208863637,170.65144912,59.098591286,-0.486673149,                 343P    931
170.65144912,59.047362961,-0.831434776,170.65144912,                 343P    932
58.945935232,-1.237186592,170.65144912,58.805325452,                 343P    933
-1.631014553,170.65144912,58.626305311,-2.008956943,                 343P    934
170.65144912,58.339413978,-2.487201429,170.65144912,                 343P    935
57.896083917,-3.028425836,170.65144912,57.246638428,                 343P    936
-3.560377568,170.65144912,56.506660917,-3.956818244,                 343P    937
170.65144912,55.703068777,-4.19975436,170.65144912,                  343P    938
54.867669324,-4.282846279,170.65144912,54.03226987,-4.19975436,      343P    939
170.65144912,53.228677731,-3.956818244,170.65144912,                 343P    940
52.48870022,-3.560377568,170.65144912,51.83925473,-3.028425836,      343P    941
170.65144912,51.39592467,-2.487201429,170.65144912,                  343P    942
51.109033337,-2.008956943,170.65144912,50.930013196,                 343P    943
-1.631014553,170.65144912,50.789403416,-1.237186592,                 343P    944
170.65144912,50.687975686,-0.831434776,170.65144912,                 343P    945
50.636747362,-0.486673149,170.65144912,50.616127417,                 343P    946
-0.208863637,170.65144912,50.612669324,-0.069622287,                 343P    947
170.65144912,50.612669324,0.,137.463795064,59.119686459,             343P    948
0.108545831,137.462855304,59.121658347,0.072444434,                  343P    949
137.462371093,59.122669324,0.036227588,137.462371092,                343P    950
59.122669323,-0.094342708,137.468938607,59.108957079,                343P    951
-0.28288236,137.504294366,59.033757128,-0.644585504,                 343P    952
137.573190133,58.879670823,-1.059208307,137.670027002,               343P    953
58.642912533,-1.509900377,137.773228383,58.368164135,                343P    954
-1.924630458,137.879197356,58.062014738,-2.307673364,                343P    955
138.022378068,57.617066408,-2.778750267,138.202594112,               343P    956
56.999709971,-3.294445748,138.418386164,56.177247365,                343P    957
-3.788635509,138.633166349,55.292834,-4.150780712,                   343P    958
138.847025174,54.365053837,-4.370774822,139.060371434,               343P    959
53.415680144,-4.445523942,139.273717694,52.46630645,                 343P    960
-4.370774822,139.487576519,51.538526286,-4.150780712,                343P    961
139.702356702,50.654112921,-3.788635509,139.918148754,               343P    962
49.831650315,-3.294445748,140.098364798,49.214293878,                343P    963
-2.778750267,140.24154551,48.769345548,-2.307673364,                 343P    964
140.347514484,48.463196151,-1.924630458,140.450715867,               343P    965
48.188447755,-1.509900377,140.547552739,47.951689466,                343P    966
-1.059208307,140.61644851,47.797603164,-0.644585504,                 343P    967
140.651804274,47.722403215,-0.28288236,140.658371792,                343P    968
47.708690973,-0.094342708,140.658371793,47.708690973,0.,             343P    969
104.276141008,59.117467559,0.1368922,104.274261488,                  343P    970
59.120902329,0.091419206,104.273293067,59.122669324,                 343P    971
0.045720226,104.273293064,59.122669323,-0.119063129,                 343P    972
104.286428094,59.098702927,-0.356901084,104.35713961,                343P    973
58.968922968,-0.80249786,104.494931142,58.711978683,                 343P    974
-1.286981837,104.688604878,58.33988983,-1.782614162,                 343P    975
104.895007637,57.931002813,-2.218246363,105.106945583,               343P    976
57.497724159,-2.606389784,105.393307004,56.894718831,                343P    977
-3.070299105,105.753739089,56.103336017,-3.56046566,                 343P    978
106.185323193,55.107856293,-4.01689345,106.61488356,                 343P    979
54.079007074,-4.344743181,107.04260121,53.027038886,                 343P    980
-4.541795283,107.46929373,51.963690952,-4.608201606,                 343P    981
107.89598625,50.900343019,-4.541795283,108.323703901,                343P    982
49.848374831,-4.344743181,108.753264269,48.819525613,                343P    983
-4.01689345,109.184848375,47.824045891,-3.56046566,                  343P    984
109.545280464,47.032663078,-3.070299105,109.83164189,                343P    985
46.429657754,-2.606389784,110.043579841,45.996379102,                343P    986
-2.218246363,110.249982607,45.587492089,-1.782614162,                343P    987
110.443656353,45.215403242,-1.286981837,110.581447898,               343P    988
44.958458964,-0.80249786,110.652159427,44.828679013,                 343P    989
-0.356901084,110.665294465,44.804712622,-0.119063129,                343P    990
110.665294466,44.804712623,0.,60.218031395,59.114521869,             343P    991
0.174523285,60.214904301,59.119898681,0.116609073,60.213293067,      343P    992
59.122669325,0.058322133,60.213293062,59.122669321,                  343P    993
-0.151880605,60.235146763,59.085090077,-0.455164282,                 343P    994
60.35279464,58.88285269,-1.012133643,60.58204841,58.489359789,       343P    995
-1.589361485,60.904277457,57.937613501,-2.144654027,                 343P    996
61.247684705,57.350651408,-2.608034738,61.600301245,                 343P    997
56.748602921,-3.002949324,62.076741521,55.935769789,                 343P    998
-3.457343355,62.676418537,54.913359097,-3.913619108,                 343P    999
63.39447633,53.688191334,-4.319916175,64.109167088,                  343P   1000
52.467596993,-4.602237118,64.820791985,51.250763594,                 343P   1001
-4.768832669,65.530711299,50.036109708,-4.824163551,                 343P   1002
66.240630616,48.821455823,-4.768832669,66.952255518,                 343P   1003
47.604622426,-4.602237118,67.666946284,46.384028091,                 343P   1004
-4.319916175,68.385004091,45.158860336,-3.913619108,                 343P   1005
68.984681122,44.136449652,-3.457343355,69.461121416,                 343P   1006
43.323616531,-3.002949324,69.813737971,42.721568053,                 343P   1007
-2.608034738,70.157145239,42.134605971,-2.144654027,                 343P   1008
70.479374312,41.582859698,-1.589361485,70.70862811,                  343P   1009
41.189366813,-1.012133643,70.826276015,40.987129443,                 343P   1010
-0.455164282,70.848129733,40.949550208,-0.151880605,                 343P   1011
70.848129737,40.94955021,0.,49.34760243,59.113619216,                343P   1012
0.183808001,49.344149828,59.119592194,0.122824168,49.342371094,      343P   1013
59.122669325,0.061431401,49.342371088,59.122669321,                  343P   1014
-0.159977659,49.366496657,59.080933086,-0.479408756,                 343P   1015
49.496434313,58.856128314,-1.063857071,49.749989768,                 343P   1016
58.417469326,-1.663967603,50.107286972,57.799243555,                 343P   1017
-2.233980109,50.489023969,57.138409044,-2.704207207,                 343P   1018
50.881963162,56.457599391,-3.100792443,51.414113439,                 343P   1019
55.534720116,-3.552838767,52.086097481,54.367495771,                 343P   1020
-4.000752643,52.893667726,52.961123488,-4.39468096,                  343P   1021
53.699712289,51.554317021,-4.665768586,54.503837729,                 343P   1022
50.148324065,-4.824849594,55.30681396,48.743066346,                  343P   1023
-4.877447833,56.109790194,47.337808629,-4.824849594,                 343P   1024
56.913915641,45.931815677,-4.665768586,57.719960215,                 343P   1025
44.525009217,-4.39468096,58.527530477,43.118636944,                  343P   1026
-4.000752643,59.199514539,41.95141261,-3.552838767,                  343P   1027
59.731664838,41.028533347,-3.100792443,60.12460405,                  343P   1028
40.347723705,-2.704207207,60.50634107,39.686889208,                  343P   1029
-2.233980109,60.863638305,39.068663454,-1.663967603,                 343P   1030
61.117193793,38.630004486,-1.063857071,61.247131482,                 343P   1031
38.405199733,-0.479408756,61.27125707,38.363463509,                  343P   1032
-0.159977659,61.271257075,38.363463512,0.,35.468796274,              343P   1033
59.112259383,0.195662325,35.464869744,59.119131486,0.130759332,      343P   1034
35.462847809,59.122669325,0.065401179,35.462847801,                  343P   1035
59.122669321,-0.170315628,35.490271995,59.074684331,                 343P   1036
-0.510363054,35.638238971,58.815536427,-1.129895309,                 343P   1037
35.928543042,58.305680309,-1.75922147,36.341658307,                  343P   1038
57.576455649,-2.348027788,36.787258141,56.786005707,                 343P   1039
-2.826996059,37.250186643,55.960867283,-3.225714307,                 343P   1040
37.882519181,54.828771782,-3.674763181,38.690601919,                 343P   1041
53.373113882,-4.112000975,39.674546091,51.588546484,                 343P   1042
-4.490137405,40.666479575,49.780208212,-4.746882819,                 343P   1043
41.662734065,47.957624839,-4.896369583,42.660937713,                 343P   1044
46.12828498,-4.945478901,43.659141364,44.298945122,                  343P   1045
-4.896369583,44.655395863,42.476361754,-4.746882819,                 343P   1046
45.647329363,40.668023491,-4.490137405,46.631273557,                 343P   1047
38.883456105,-4.112000975,47.439356322,37.427798221,                 343P   1048
-3.674763181,48.071688886,36.295702736,-3.225714307,                 343P   1049
48.534617413,35.470564326,-2.826996059,48.980217276,                 343P   1050
34.680114401,-2.348027788,49.393332579,33.950889763,                 343P   1051
-1.75922147,49.68363669,33.441033667,-1.129895309,49.831603706,      343P   1052
33.181885786,-0.510363054,49.859027922,33.13390081,                  343P   1053
-0.170315628,49.859027927,33.133900813,0.,32.520665797,              343P   1054
58.265752137,0.198231933,32.516637353,58.272766849,0.132479402,      343P   1055
32.514563111,58.276378251,0.06626169,32.514563103,58.276378246,      343P   1056
-0.172556543,32.542696749,58.227395502,-0.517072876,                 343P   1057
32.694539107,57.962899151,-1.144210118,32.992728872,                 343P   1058
57.442738363,-1.779869219,33.417788864,56.699353038,                 343P   1059
-2.372749386,33.877022899,55.894185406,-2.853612442,                 343P   1060
34.354863438,55.054350779,-3.252793053,35.008505068,                 343P   1061
53.902947828,-3.701192183,35.845476074,52.424010977,                 343P   1062
-4.136115772,36.86678235,50.613118332,-4.510829065,                  343P   1063
37.898040115,48.779817885,-4.764465583,38.934904632,                 343P   1064
46.933289257,-4.911872646,39.974356477,45.08052075,                  343P   1065
-4.960225687,41.013808325,43.227752244,-4.911872646,                 343P   1066
42.050672852,41.381223622,-4.764465583,43.081930633,                 343P   1067
39.547923185,-4.510829065,44.103236933,37.737030553,                 343P   1068
-4.136115772,44.940207966,36.258093718,-3.701192183,                 343P   1069
45.593849625,35.106690783,-3.252793053,46.071690189,                 343P   1070
34.266856171,-2.853612442,46.530924256,33.461688558,                 343P   1071
-2.372749386,46.955984286,32.718303255,-1.779869219,                 343P   1072
47.254174093,32.198142491,-1.144210118,47.406016492,                 343P   1073
31.933646164,-0.517072876,47.434150161,31.884663433,                 343P   1074
-0.172556543,47.434150167,31.884663436,0.,29.970228562,              343P   1075
56.669875145,0.200801608,29.966122575,56.676986918,0.134199538,      343P   1076
29.964008285,56.680648969,0.067122268,29.964008277,                  343P   1077
56.680648965,-0.174797391,29.992685098,56.630979227,                 343P   1078
-0.523782632,30.147425953,56.362960153,-1.15852486,                  343P   1079
30.451111162,55.836961892,-1.800516901,30.883501662,                 343P   1080
55.088039532,-2.397470917,31.350134468,54.279807766,                 343P   1081
-2.880228758,31.835155107,53.439727345,-3.279871733,                 343P   1082
32.497967523,52.29170253,-3.727621118,33.345536197,                  343P   1083
50.823670489,-4.160230501,34.378265183,49.034931386,                 343P   1084
-4.531520659,35.419914827,47.230741261,-4.782048281,                 343P   1085
36.466461631,45.418069012,-4.927375643,37.515236264,                 343P   1086
43.601538059,-4.974972406,38.564010899,41.785007107,                 343P   1087
-4.927375643,39.610557713,39.972334864,-4.782048281,                 343P   1088
40.652207374,38.168144748,-4.531520659,41.684936385,                 343P   1089
36.37940566,-4.160230501,42.532505088,34.911373636,                  343P   1090
-3.727621118,43.195317534,33.763348839,-3.279871733,                 343P   1091
43.680338201,32.923268433,-2.880228758,44.146971039,                 343P   1092
32.115036685,-2.397470917,44.579361579,31.366114349,                 343P   1093
-1.800516901,44.883046831,30.840116113,-1.15852486,                  343P   1094
45.037787729,30.572097064,-0.523782632,45.066464574,                 343P   1095
30.522427339,-0.174797391,45.06646458,30.522427343,6.7E-008,         343P   1096
0.496999904836776,1.,0.,1.;                                          343P   1097
126,1,1,1,0,1,0,0.,0.,1.,1.,1.,1.,0.5,1.,0.,0.5,0.,0.,0.,1.,0.,      345P   1098
0.,1.;                                                               345P   1099
126,7,3,1,0,1,0,0.,0.,0.,0.,0.0639194968375665,                      347P   1100
0.0639194968375665,0.294878600570087,0.294878600570087,1.,1.,        347P   1101
1.,1.,1.,1.,1.,1.,1.,1.,1.,1.,29.964008283,56.680648968,             347P   1102
-6.349E-006,32.514563109,58.276378249,-6.334E-006,35.462847807,      347P   1103
59.122669324,-6.252E-006,49.342371093,59.122669324,-5.872E-006,      347P   1104
60.213293066,59.122669324,-5.575E-006,104.273293066,                 347P   1105
59.122669324,-4.37E-006,137.462371093,59.122669324,-3.463E-006,      347P   1106
170.65144912,59.122669324,-2.556E-006,0.,1.,-4.6E-008,6.5E-008,      347P   1107
1.;                                                                  347P   1108
126,1,1,1,0,1,0,0.,0.,1.,1.,1.,1.,0.5,0.,0.,1.,0.,0.,0.,1.,0.,       349P   1109
0.,1.;                                                               349P   1110
124,-3.68498289450674E-023,-6.12323399573566E-017,-1.,               351P   1111
170.651449119535,0.999999999999819,-6.01803376626202E-007,0.,        351P   1112
-115.783746776157,-6.01803376626202E-007,-0.999999999999819,         351P   1113
6.12323399573677E-017,54.8677720224063;                              351P   1114
100,0.,170.65144912,54.867669324,174.90644912,54.867669324,          353P   1115
166.39644912,54.867671884;                                           353P   1116
126,1,1,1,0,1,0,0.,0.,1.,1.,1.,1.,1.,0.,0.,1.,1.,0.,0.,1.,0.,        355P   1117
0.,1.;                                                               355P   1118
126,7,3,1,0,1,0,0.,0.,0.,0.,0.705121399429913,                       357P   1119
0.705121399429913,0.936080503162434,0.936080503162434,1.,1.,1.,      357P   1120
1.,1.,1.,1.,1.,1.,1.,1.,1.,170.65144912,50.612669324,0.,             357P   1121
140.658371793,47.708690973,0.,110.665294466,44.804712623,0.,         357P   1122
70.848129737,40.94955021,0.,61.271257075,38.363463512,0.,            357P   1123
49.859027927,33.133900813,0.,47.434150167,31.884663436,0.,           357P   1124
45.06646458,30.522427343,6.7E-008,0.,1.,0.,0.,-1.;                   357P   1125
126,1,1,1,0,1,0,0.,0.,1.,1.,1.,1.,1.,1.,0.,0.499999905,1.,0.,        359P   1126
0.,1.,0.,0.,1.;                                                      359P   1127
126,6,3,1,0,0,0,0.,0.,0.,0.,0.5,0.5,0.5,1.,1.,1.,1.,1.,              361P   1128
0.804737853330196,0.804737853330196,1.,0.804737853330195,            361P   1129
0.804737853330195,1.,45.06646458,30.522427343,3.3E-008,              361P   1130
45.066464512,30.522427235,-2.904983842,41.938643338,                 361P   1131
35.939972264,-4.959117651,37.51523629,43.601538015,-4.95911766,      361P   1132
33.091829241,51.263103766,-4.95911767,29.964008185,                  361P   1133
56.680648912,-2.904983876,29.964008283,56.680648968,0.,0.,1.,        361P   1134
-0.866025404,-0.5,3.9E-008;                                          361P   1135
102,4,345,349,355,359;                                               363P   1136
102,4,347,353,357,361;                                               365P   1137
142,1,343,363,365,1;                                                 367P   1138
144,343,1,0,367;                                                     369P   1139
308,0,14Hhip proethesis,12,29,55,85,121,155,191,223,259,293,         371P   1140
319,341,369;                                                         371P   1141
124,0.,1.,0.,75.0113025227584,-1.,0.,0.,170.067494673188,0.,0.,      373P   1142
1.,177.677934885761;                                                 373P   1143
408,371,0.,0.,0.,1.;                                                 375P   1144
314,100.,100.,100.,;                                                 377P   1145
110,0.,0.,0.,0.,-1000.,0.;                                           379P   1146
110,0.,0.,-23.5,0.,-2.,-23.5;                                        381P   1147
120,379,381,0.,6.28318530717959;                                     383P   1148
126,1,1,1,0,1,0,0.,0.,1.,1.,1.,1.,0.,0.,0.,0.,3.141592654,0.,        385P   1149
0.,1.,0.,0.,1.;                                                      385P   1150
124,1.40271576953299E-014,1.,0.,0.,-6.12323399573677E-017,           387P   1151
8.58915688636046E-031,-1.,0.,-1.,1.40271576953299E-014,              387P   1152
6.12323399573677E-017,0.;                                            387P   1153
100,0.,0.,0.,23.5,0.,-23.5,0.;                                       389P   1154
126,1,1,1,0,1,0,0.,0.,1.,1.,1.,1.,0.,3.141592654,0.,1.,              391P   1155
3.141592654,0.,0.,1.,0.,0.,1.;                                       391P   1156
110,0.,0.,23.5,0.,-2.,23.5;                                          393P   1157
126,1,1,1,0,1,0,0.,0.,1.,1.,1.,1.,1.,3.141592654,0.,1.,0.,0.,        395P   1158
0.,1.,0.,0.,1.;                                                      395P   1159
124,1.40271576953299E-014,1.,0.,2.,-6.12323399573677E-017,           397P   1160
8.58915688636046E-031,1.,-2.,1.,-1.40271576953299E-014,              397P   1161
6.12323399573677E-017,-2.80543153906599E-014;                        397P   1162
100,0.,0.,-2.,23.5,-2.,-23.5,-2.;                                    399P   1163
126,1,1,1,0,1,0,0.,0.,1.,1.,1.,1.,1.,0.,0.,0.,0.,0.,0.,1.,0.,        401P   1164
0.,1.;                                                               401P   1165
110,0.,-2.,-23.5,0.,0.,-23.5;                                        403P   1166
102,4,385,391,395,401;                                               405P   1167
102,4,389,393,399,403;                                               407P   1168
142,1,383,405,407,1;                                                 409P   1169
144,383,1,0,409;                                                     411P   1170
110,0.,0.,0.,0.,-20.5,0.;                                            413P   1171
100,0.,0.,0.,0.,20.5,0.,-20.5;                                       415P   1172
120,413,415,0.,6.28318530717959;                                     417P   1173
126,1,1,1,0,1,0,0.,0.,1.,1.,1.,1.,1.570796317,0.,0.,1E-008,0.,       419P   1174
0.,0.,1.,0.,0.,1.;                                                   419P   1175
124,-1.,-1.22464679914735E-016,6.98296267768627E-015,0.,             421P   1176
-1.22464679914735E-016,1.,4.27583144589696E-031,0.,                  421P   1177
-6.98296267768627E-015,-4.27583144589696E-031,-1.,0.;                421P   1178
100,0.,0.,0.,20.5,0.,0.,20.5;                                        423P   1179
126,1,1,1,0,1,0,0.,0.,1.,1.,1.,1.,1E-008,3.141592654,0.,             425P   1180
1.570796317,3.141592654,0.,0.,1.,0.,0.,1.;                           425P   1181
124,1.43973730713006E-014,1.,-2.44929359829472E-016,0.,1.,           427P   1182
-1.43973730713006E-014,-6.98296267768627E-015,0.,                    427P   1183
-6.98296267768627E-015,-2.44929359829371E-016,-1.,0.;                427P   1184
100,0.,0.,0.,20.5,0.,0.,20.5;                                        429P   1185
126,1,1,1,0,1,0,0.,0.,1.,1.,1.,1.,1.570796317,3.141592654,0.,        431P   1186
1.570796317,0.,0.,0.,1.,0.,0.,1.;                                    431P   1187
124,1.,0.,0.,0.,0.,6.12323399573677E-017,1.,0.,0.,-1.,               433P   1188
6.12323399573677E-017,0.;                                            433P   1189
100,0.,0.,0.,20.5,0.,-20.5,0.;                                       435P   1190
102,3,419,425,431;                                                   437P   1191
102,3,423,429,435;                                                   439P   1192
142,1,417,437,439,1;                                                 441P   1193
144,417,1,0,441;                                                     443P   1194
110,0.,0.,0.,0.,-18.5,0.;                                            445P   1195
100,0.,0.,0.,0.,18.5,0.,-18.5;                                       447P   1196
120,445,447,0.,6.28318530717959;                                     449P   1197
126,1,1,1,0,1,0,0.,0.,1.,1.,1.,1.,1.570796317,6.283185307,0.,        451P   1198
1.570796317,4.71238898,0.,0.,1.,0.,0.,1.;                            451P   1199
124,-1.,-1.22464679914735E-016,0.,0.,7.49879891330929E-033,          453P   1200
-6.12323399573677E-017,1.,0.,-1.22464679914735E-016,1.,              453P   1201
6.12323399573677E-017,0.;                                            453P   1202
100,0.,0.,0.,18.5,0.,0.,18.5;                                        455P   1203
126,1,1,1,0,1,0,0.,0.,1.,1.,1.,1.,1.570796317,4.71238898,0.,         457P   1204
1.570796317,3.141592654,0.,0.,1.,0.,0.,1.;                           457P   1205
124,1.40271576953299E-014,1.,0.,0.,-6.12323399573677E-017,           459P   1206
8.58915688636046E-031,1.,0.,1.,-1.40271576953299E-014,               459P   1207
6.12323399573677E-017,0.;                                            459P   1208
100,0.,0.,0.,18.5,0.,0.,18.5;                                        461P   1209
126,1,1,1,0,1,0,0.,0.,1.,1.,1.,1.,1.570796317,3.141592654,0.,        463P   1210
1E-008,3.141592654,0.,0.,1.,0.,0.,1.;                                463P   1211
100,0.,0.,0.,18.5,0.,0.,18.5;                                        465P   1212
126,1,1,1,0,1,0,0.,0.,1.,1.,1.,1.,1E-008,3.141592654,0.,1E-008,      467P   1213
6.283185307,0.,0.,1.,0.,0.,1.;                                       467P   1214
126,1,1,1,0,1,0,0.,0.,1.,1.,1.,1.,1E-008,6.283185307,0.,             469P   1215
1.570796317,6.283185307,0.,0.,1.,0.,0.,1.;                           469P   1216
100,0.,0.,0.,0.,18.5,-18.5,0.;                                       471P   1217
102,5,451,457,463,467,469;                                           473P   1218
102,4,455,461,465,471;                                               475P   1219
142,1,449,473,475,1;                                                 477P   1220
144,449,1,0,477;                                                     479P   1221
128,3,3,3,3,0,0,0,0,0,0.,0.,0.,0.,1.,1.,1.,1.,0.,0.,0.,0.,1.,        481P   1222
1.,1.,1.,1.,0.755320871117971,0.755320871117971,1.,                  481P   1223
0.333333333333333,0.25177362370599,0.25177362370599,                 481P   1224
0.333333333333333,0.333333333333333,0.25177362370599,                481P   1225
0.25177362370599,0.333333333333333,1.,0.755320871117971,             481P   1226
0.755320871117971,1.,0.,0.199666833,-18.509991669,0.,                481P   1227
-1.16010753,-18.373559155,0.,-2.126440845,-19.33989247,0.,           481P   1228
-1.990008331,-20.699666833,37.019983339,0.199666833,                 481P   1229
-18.509991669,36.747118309,-1.16010753,-18.373559155,                481P   1230
38.679784939,-2.126440845,-19.33989247,41.399333667,                 481P   1231
-1.990008331,-20.699666833,37.019983339,0.199666833,                 481P   1232
18.509991669,36.747118309,-1.16010753,18.373559155,                  481P   1233
38.679784939,-2.126440845,19.33989247,41.399333667,                  481P   1234
-1.990008331,20.699666833,0.,0.199666833,18.509991669,0.,            481P   1235
-1.16010753,18.373559155,0.,-2.126440845,19.33989247,0.,             481P   1236
-1.990008331,20.699666833,0.,1.,0.,1.;                               481P   1237
126,1,1,1,0,1,0,0.,0.,1.,1.,1.,1.,0.936858543,0.,0.,                 483P   1238
0.936858543,1.,0.,0.,1.,0.,0.,1.;                                    483P   1239
124,1.40271576953299E-014,1.,0.,2.,-6.12323399573677E-017,           485P   1240
8.58915688636046E-031,-1.,-2.,-1.,1.40271576953299E-014,             485P   1241
6.12323399573677E-017,2.80543153906599E-014;                         485P   1242
100,0.,0.,-2.,20.5,-2.,-20.5,-2.;                                    487P   1243
126,1,1,1,0,1,0,0.,0.,1.,1.,1.,1.,0.936858543,1.,0.,                 489P   1244
0.063141457,1.,0.,0.,1.,0.,0.,1.;                                    489P   1245
124,-9.88100343491444E-029,-7.04419501764363E-015,1.,-20.5,-1.,      491P   1246
1.40271576953299E-014,0.,-1.28418166544717E-015,                     491P   1247
-1.40271576953299E-014,-1.,-7.04419501764363E-015,                   491P   1248
20.5000000000001;                                                    491P   1249
100,20.5,0.,0.,2.,0.,0.,2.;                                          493P   1250
126,1,1,1,0,1,0,0.,0.,1.,1.,1.,1.,0.063141457,1.,0.,                 495P   1251
0.063141457,0.5,0.,0.,1.,0.,0.,1.;                                   495P   1252
124,1.40271576953299E-014,1.,0.,0.,-6.12323399573677E-017,           497P   1253
8.58915688636046E-031,1.,0.,1.,-1.40271576953299E-014,               497P   1254
6.12323399573677E-017,0.;                                            497P   1255
100,0.,0.,0.,18.5,0.,0.,18.5;                                        499P   1256
126,1,1,1,0,1,0,0.,0.,1.,1.,1.,1.,0.063141457,0.5,0.,                501P   1257
0.063141457,0.,0.,0.,1.,0.,0.,1.;                                    501P   1258
124,1.,0.,0.,0.,0.,6.12323399573677E-017,1.,0.,0.,-1.,               503P   1259
6.12323399573677E-017,0.;                                            503P   1260
100,0.,0.,0.,18.5,0.,0.,18.5;                                        505P   1261
126,1,1,1,0,1,0,0.,0.,1.,1.,1.,1.,0.063141457,0.,0.,                 507P   1262
0.936858543,0.,0.,0.,1.,0.,0.,1.;                                    507P   1263
124,-6.12323399573677E-017,-7.49879891330929E-033,1.,20.5,           509P   1264
1.22464679914735E-016,-1.,0.,-7.58941520739853E-015,1.,              509P   1265
1.22464679914735E-016,6.12323399573677E-017,-20.5;                   509P   1266
100,-20.5,0.,0.,2.,0.,0.,2.;                                         511P   1267
102,5,483,489,495,501,507;                                           513P   1268
102,5,487,493,499,505,511;                                           515P   1269
142,1,481,513,515,1;                                                 517P   1270
144,481,1,0,517;                                                     519P   1271
128,1,1,1,1,0,0,1,0,0,0.,0.,1.,1.,0.,0.,1.,1.,1.,1.,1.,1.,           521P   1272
-23.782,-2.,-23.782,-23.782,-2.,23.782,23.782,-2.,-23.782,           521P   1273
23.782,-2.,23.782,0.,1.,0.,1.;                                       521P   1274
126,64,2,1,0,1,0,0.,0.,0.,0.03125,0.03125,0.0625,0.0625,             523P   1275
0.09375,0.09375,0.125,0.125,0.15625,0.15625,0.1875,0.1875,           523P   1276
0.21875,0.21875,0.25,0.25,0.28125,0.28125,0.3125,0.3125,             523P   1277
0.34375,0.34375,0.375,0.375,0.40625,0.40625,0.4375,0.4375,           523P   1278
0.46875,0.46875,0.5,0.5,0.53125,0.53125,0.5625,0.5625,0.59375,       523P   1279
0.59375,0.625,0.625,0.65625,0.65625,0.6875,0.6875,0.71875,           523P   1280
0.71875,0.75,0.75,0.78125,0.78125,0.8125,0.8125,0.84375,             523P   1281
0.84375,0.875,0.875,0.90625,0.90625,0.9375,0.9375,0.96875,           523P   1282
0.96875,1.,1.,1.,1.,1.,1.,1.,1.,1.,1.,1.,1.,1.,1.,1.,1.,1.,1.,       523P   1283
1.,1.,1.,1.,1.,1.,1.,1.,1.,1.,1.,1.,1.,1.,1.,1.,1.,1.,1.,1.,1.,      523P   1284
1.,1.,1.,1.,1.,1.,1.,1.,1.,1.,1.,1.,1.,1.,1.,1.,1.,1.,1.,1.,1.,      523P   1285
1.,1.,1.,1.,1.,1.,1.,1.,0.005928854,0.5,0.,0.005928854,              523P   1286
0.475727841,0.,0.008307941,0.451572559,0.,0.010687029,               523P   1287
0.427417277,0.,0.015422292,0.403611501,0.,0.020157556,               523P   1288
0.379805725,0.,0.027203391,0.356578717,0.,0.034249227,               523P   1289
0.333351709,0.,0.04353778,0.310927158,0.,0.052826333,                523P   1290
0.288502607,0.,0.06426815,0.267096474,0.,0.075709967,                523P   1291
0.245690341,0.,0.089194856,0.225508778,0.,0.102679745,               523P   1292
0.205327216,0.,0.118077839,0.186564583,0.,0.133475934,               523P   1293
0.16780195,0.,0.150638942,0.150638942,0.,0.16780195,                 523P   1294
0.133475934,0.,0.186564583,0.118077839,0.,0.205327216,               523P   1295
0.102679745,0.,0.225508778,0.089194856,0.,0.245690341,               523P   1296
0.075709967,0.,0.267096474,0.06426815,0.,0.288502607,                523P   1297
0.052826333,0.,0.310927158,0.04353778,0.,0.333351709,                523P   1298
0.034249227,0.,0.356578717,0.027203391,0.,0.379805725,               523P   1299
0.020157556,0.,0.403611501,0.015422292,0.,0.427417277,               523P   1300
0.010687029,0.,0.451572559,0.008307941,0.,0.475727841,               523P   1301
0.005928854,0.,0.5,0.005928854,0.,0.524272159,0.005928854,0.,        523P   1302
0.548427441,0.008307941,0.,0.572582723,0.010687029,0.,               523P   1303
0.596388499,0.015422292,0.,0.620194275,0.020157556,0.,               523P   1304
0.643421283,0.027203391,0.,0.666648291,0.034249227,0.,               523P   1305
0.689072842,0.04353778,0.,0.711497393,0.052826333,0.,                523P   1306
0.732903526,0.06426815,0.,0.754309659,0.075709967,0.,                523P   1307
0.774491222,0.089194856,0.,0.794672784,0.102679745,0.,               523P   1308
0.813435417,0.118077839,0.,0.83219805,0.133475934,0.,                523P   1309
0.849361058,0.150638942,0.,0.866524066,0.16780195,0.,                523P   1310
0.881922161,0.186564583,0.,0.897320255,0.205327216,0.,               523P   1311
0.910805144,0.225508778,0.,0.924290033,0.245690341,0.,               523P   1312
0.93573185,0.267096474,0.,0.947173667,0.288502607,0.,                523P   1313
0.95646222,0.310927158,0.,0.965750773,0.333351709,0.,                523P   1314
0.972796609,0.356578717,0.,0.979842444,0.379805725,0.,               523P   1315
0.984577708,0.403611501,0.,0.989312971,0.427417277,0.,               523P   1316
0.991692059,0.451572559,0.,0.994071146,0.475727841,0.,               523P   1317
0.994071146,0.5,0.,0.,1.,0.,0.,-1.;                                  523P   1318
124,6.12323399573677E-017,-1.,0.,-2.,6.12323399573677E-017,          525P   1319
3.74939945665464E-033,1.,-2.,-1.,-6.12323399573677E-017,             525P   1320
6.12323399573677E-017,-1.22464679914736E-016;                        525P   1321
100,0.,0.,-2.,23.5,-2.,-23.5,-2.;                                    527P   1322
126,64,2,1,0,1,0,0.,0.,0.,0.03125,0.03125,0.0625,0.0625,             529P   1323
0.09375,0.09375,0.125,0.125,0.15625,0.15625,0.1875,0.1875,           529P   1324
0.21875,0.21875,0.25,0.25,0.28125,0.28125,0.3125,0.3125,             529P   1325
0.34375,0.34375,0.375,0.375,0.40625,0.40625,0.4375,0.4375,           529P   1326
0.46875,0.46875,0.5,0.5,0.53125,0.53125,0.5625,0.5625,0.59375,       529P   1327
0.59375,0.625,0.625,0.65625,0.65625,0.6875,0.6875,0.71875,           529P   1328
0.71875,0.75,0.75,0.78125,0.78125,0.8125,0.8125,0.84375,             529P   1329
0.84375,0.875,0.875,0.90625,0.90625,0.9375,0.9375,0.96875,           529P   1330
0.96875,1.,1.,1.,1.,1.,1.,1.,1.,1.,1.,1.,1.,1.,1.,1.,1.,1.,1.,       529P   1331
1.,1.,1.,1.,1.,1.,1.,1.,1.,1.,1.,1.,1.,1.,1.,1.,1.,1.,1.,1.,1.,      529P   1332
1.,1.,1.,1.,1.,1.,1.,1.,1.,1.,1.,1.,1.,1.,1.,1.,1.,1.,1.,1.,1.,      529P   1333
1.,1.,1.,1.,1.,1.,1.,1.,0.994071146,0.5,0.,0.994071146,              529P   1334
0.524272159,0.,0.991692059,0.548427441,0.,0.989312971,               529P   1335
0.572582723,0.,0.984577708,0.596388499,0.,0.979842444,               529P   1336
0.620194275,0.,0.972796609,0.643421283,0.,0.965750773,               529P   1337
0.666648291,0.,0.95646222,0.689072842,0.,0.947173667,                529P   1338
0.711497393,0.,0.93573185,0.732903526,0.,0.924290033,                529P   1339
0.754309659,0.,0.910805144,0.774491222,0.,0.897320255,               529P   1340
0.794672784,0.,0.881922161,0.813435417,0.,0.866524066,               529P   1341
0.83219805,0.,0.849361058,0.849361058,0.,0.83219805,                 529P   1342
0.866524066,0.,0.813435417,0.881922161,0.,0.794672784,               529P   1343
0.897320255,0.,0.774491222,0.910805144,0.,0.754309659,               529P   1344
0.924290033,0.,0.732903526,0.93573185,0.,0.711497393,                529P   1345
0.947173667,0.,0.689072842,0.95646222,0.,0.666648291,                529P   1346
0.965750773,0.,0.643421283,0.972796609,0.,0.620194275,               529P   1347
0.979842444,0.,0.596388499,0.984577708,0.,0.572582723,               529P   1348
0.989312971,0.,0.548427441,0.991692059,0.,0.524272159,               529P   1349
0.994071146,0.,0.5,0.994071146,0.,0.475727841,0.994071146,0.,        529P   1350
0.451572559,0.991692059,0.,0.427417277,0.989312971,0.,               529P   1351
0.403611501,0.984577708,0.,0.379805725,0.979842444,0.,               529P   1352
0.356578717,0.972796609,0.,0.333351709,0.965750773,0.,               529P   1353
0.310927158,0.95646222,0.,0.288502607,0.947173667,0.,                529P   1354
0.267096474,0.93573185,0.,0.245690341,0.924290033,0.,                529P   1355
0.225508778,0.910805144,0.,0.205327216,0.897320255,0.,               529P   1356
0.186564583,0.881922161,0.,0.16780195,0.866524066,0.,                529P   1357
0.150638942,0.849361058,0.,0.133475934,0.83219805,0.,                529P   1358
0.118077839,0.813435417,0.,0.102679745,0.794672784,0.,               529P   1359
0.089194856,0.774491222,0.,0.075709967,0.754309659,0.,               529P   1360
0.06426815,0.732903526,0.,0.052826333,0.711497393,0.,                529P   1361
0.04353778,0.689072842,0.,0.034249227,0.666648291,0.,                529P   1362
0.027203391,0.643421283,0.,0.020157556,0.620194275,0.,               529P   1363
0.015422292,0.596388499,0.,0.010687029,0.572582723,0.,               529P   1364
0.008307941,0.548427441,0.,0.005928854,0.524272159,0.,               529P   1365
0.005928854,0.5,0.,0.,1.,0.,0.,-1.;                                  529P   1366
124,1.40271576953299E-014,1.,0.,2.,-6.12323399573677E-017,           531P   1367
8.58915688636046E-031,1.,-2.,1.,-1.40271576953299E-014,              531P   1368
6.12323399573677E-017,-2.80543153906599E-014;                        531P   1369
100,0.,0.,-2.,23.5,-2.,-23.5,-2.;                                    533P   1370
102,2,523,529;                                                       535P   1371
102,2,527,533;                                                       537P   1372
142,1,521,535,537,1;                                                 539P   1373
126,64,2,1,0,1,0,0.,0.,0.,0.03125,0.03125,0.0625,0.0625,             541P   1374
0.09375,0.09375,0.125,0.125,0.15625,0.15625,0.1875,0.1875,           541P   1375
0.21875,0.21875,0.25,0.25,0.28125,0.28125,0.3125,0.3125,             541P   1376
0.34375,0.34375,0.375,0.375,0.40625,0.40625,0.4375,0.4375,           541P   1377
0.46875,0.46875,0.5,0.5,0.53125,0.53125,0.5625,0.5625,0.59375,       541P   1378
0.59375,0.625,0.625,0.65625,0.65625,0.6875,0.6875,0.71875,           541P   1379
0.71875,0.75,0.75,0.78125,0.78125,0.8125,0.8125,0.84375,             541P   1380
0.84375,0.875,0.875,0.90625,0.90625,0.9375,0.9375,0.96875,           541P   1381
0.96875,1.,1.,1.,1.,1.,1.,1.,1.,1.,1.,1.,1.,1.,1.,1.,1.,1.,1.,       541P   1382
1.,1.,1.,1.,1.,1.,1.,1.,1.,1.,1.,1.,1.,1.,1.,1.,1.,1.,1.,1.,1.,      541P   1383
1.,1.,1.,1.,1.,1.,1.,1.,1.,1.,1.,1.,1.,1.,1.,1.,1.,1.,1.,1.,1.,      541P   1384
1.,1.,1.,1.,1.,1.,1.,1.,0.930998234,0.5,0.,0.930998234,              541P   1385
0.478826415,0.,0.92892286,0.457754786,0.,0.926847485,                541P   1386
0.436683157,0.,0.922716724,0.415916416,0.,0.918585962,               541P   1387
0.395149675,0.,0.912439595,0.374887817,0.,0.906293227,               541P   1388
0.354625959,0.,0.898190447,0.335064116,0.,0.890087667,               541P   1389
0.315502274,0.,0.880106507,0.296828839,0.,0.870125348,               541P   1390
0.278155404,0.,0.858361934,0.260550211,0.,0.846598521,               541P   1391
0.242945018,0.,0.83316614,0.226577615,0.,0.81973376,                 541P   1392
0.210210212,0.,0.804761774,0.195238226,0.,0.789789788,               541P   1393
0.18026624,0.,0.773422385,0.16683386,0.,0.757054982,                 541P   1394
0.153401479,0.,0.739449789,0.141638066,0.,0.721844596,               541P   1395
0.129874652,0.,0.703171161,0.119893493,0.,0.684497726,               541P   1396
0.109912333,0.,0.664935884,0.101809553,0.,0.645374041,               541P   1397
0.093706773,0.,0.625112183,0.087560405,0.,0.604850325,               541P   1398
0.081414038,0.,0.584083584,0.077283276,0.,0.563316843,               541P   1399
0.073152515,0.,0.542245214,0.07107714,0.,0.521173585,                541P   1400
0.069001766,0.,0.5,0.069001766,0.,0.478826415,0.069001766,0.,        541P   1401
0.457754786,0.07107714,0.,0.436683157,0.073152515,0.,                541P   1402
0.415916416,0.077283276,0.,0.395149675,0.081414038,0.,               541P   1403
0.374887817,0.087560405,0.,0.354625959,0.093706773,0.,               541P   1404
0.335064116,0.101809553,0.,0.315502274,0.109912333,0.,               541P   1405
0.296828839,0.119893493,0.,0.278155404,0.129874652,0.,               541P   1406
0.260550211,0.141638066,0.,0.242945018,0.153401479,0.,               541P   1407
0.226577615,0.16683386,0.,0.210210212,0.18026624,0.,                 541P   1408
0.195238226,0.195238226,0.,0.18026624,0.210210212,0.,                541P   1409
0.16683386,0.226577615,0.,0.153401479,0.242945018,0.,                541P   1410
0.141638066,0.260550211,0.,0.129874652,0.278155404,0.,               541P   1411
0.119893493,0.296828839,0.,0.109912333,0.315502274,0.,               541P   1412
0.101809553,0.335064116,0.,0.093706773,0.354625959,0.,               541P   1413
0.087560405,0.374887817,0.,0.081414038,0.395149675,0.,               541P   1414
0.077283276,0.415916416,0.,0.073152515,0.436683157,0.,               541P   1415
0.07107714,0.457754786,0.,0.069001766,0.478826415,0.,                541P   1416
0.069001766,0.5,0.,0.,1.,0.,0.,1.;                                   541P   1417
124,6.12323399573677E-017,-1.,0.,-2.,6.12323399573677E-017,          543P   1418
3.74939945665464E-033,-1.,-2.,1.,6.12323399573677E-017,              543P   1419
6.12323399573677E-017,1.22464679914736E-016;                         543P   1420
100,0.,0.,-2.,20.5,-2.,-20.5,-2.;                                    545P   1421
126,64,2,1,0,1,0,0.,0.,0.,0.03125,0.03125,0.0625,0.0625,             547P   1422
0.09375,0.09375,0.125,0.125,0.15625,0.15625,0.1875,0.1875,           547P   1423
0.21875,0.21875,0.25,0.25,0.28125,0.28125,0.3125,0.3125,             547P   1424
0.34375,0.34375,0.375,0.375,0.40625,0.40625,0.4375,0.4375,           547P   1425
0.46875,0.46875,0.5,0.5,0.53125,0.53125,0.5625,0.5625,0.59375,       547P   1426
0.59375,0.625,0.625,0.65625,0.65625,0.6875,0.6875,0.71875,           547P   1427
0.71875,0.75,0.75,0.78125,0.78125,0.8125,0.8125,0.84375,             547P   1428
0.84375,0.875,0.875,0.90625,0.90625,0.9375,0.9375,0.96875,           547P   1429
0.96875,1.,1.,1.,1.,1.,1.,1.,1.,1.,1.,1.,1.,1.,1.,1.,1.,1.,1.,       547P   1430
1.,1.,1.,1.,1.,1.,1.,1.,1.,1.,1.,1.,1.,1.,1.,1.,1.,1.,1.,1.,1.,      547P   1431
1.,1.,1.,1.,1.,1.,1.,1.,1.,1.,1.,1.,1.,1.,1.,1.,1.,1.,1.,1.,1.,      547P   1432
1.,1.,1.,1.,1.,1.,1.,1.,0.069001766,0.5,0.,0.069001766,              547P   1433
0.521173585,0.,0.07107714,0.542245214,0.,0.073152515,                547P   1434
0.563316843,0.,0.077283276,0.584083584,0.,0.081414038,               547P   1435
0.604850325,0.,0.087560405,0.625112183,0.,0.093706773,               547P   1436
0.645374041,0.,0.101809553,0.664935884,0.,0.109912333,               547P   1437
0.684497726,0.,0.119893493,0.703171161,0.,0.129874652,               547P   1438
0.721844596,0.,0.141638066,0.739449789,0.,0.153401479,               547P   1439
0.757054982,0.,0.16683386,0.773422385,0.,0.18026624,                 547P   1440
0.789789788,0.,0.195238226,0.804761774,0.,0.210210212,               547P   1441
0.81973376,0.,0.226577615,0.83316614,0.,0.242945018,                 547P   1442
0.846598521,0.,0.260550211,0.858361934,0.,0.278155404,               547P   1443
0.870125348,0.,0.296828839,0.880106507,0.,0.315502274,               547P   1444
0.890087667,0.,0.335064116,0.898190447,0.,0.354625959,               547P   1445
0.906293227,0.,0.374887817,0.912439595,0.,0.395149675,               547P   1446
0.918585962,0.,0.415916416,0.922716724,0.,0.436683157,               547P   1447
0.926847485,0.,0.457754786,0.92892286,0.,0.478826415,                547P   1448
0.930998234,0.,0.5,0.930998234,0.,0.521173585,0.930998234,0.,        547P   1449
0.542245214,0.92892286,0.,0.563316843,0.926847485,0.,                547P   1450
0.584083584,0.922716724,0.,0.604850325,0.918585962,0.,               547P   1451
0.625112183,0.912439595,0.,0.645374041,0.906293227,0.,               547P   1452
0.664935884,0.898190447,0.,0.684497726,0.890087667,0.,               547P   1453
0.703171161,0.880106507,0.,0.721844596,0.870125348,0.,               547P   1454
0.739449789,0.858361934,0.,0.757054982,0.846598521,0.,               547P   1455
0.773422385,0.83316614,0.,0.789789788,0.81973376,0.,                 547P   1456
0.804761774,0.804761774,0.,0.81973376,0.789789788,0.,                547P   1457
0.83316614,0.773422385,0.,0.846598521,0.757054982,0.,                547P   1458
0.858361934,0.739449789,0.,0.870125348,0.721844596,0.,               547P   1459
0.880106507,0.703171161,0.,0.890087667,0.684497726,0.,               547P   1460
0.898190447,0.664935884,0.,0.906293227,0.645374041,0.,               547P   1461
0.912439595,0.625112183,0.,0.918585962,0.604850325,0.,               547P   1462
0.922716724,0.584083584,0.,0.926847485,0.563316843,0.,               547P   1463
0.92892286,0.542245214,0.,0.930998234,0.521173585,0.,                547P   1464
0.930998234,0.5,0.,0.,1.,0.,0.,1.;                                   547P   1465
124,1.40271576953299E-014,1.,0.,2.,-6.12323399573677E-017,           549P   1466
8.58915688636046E-031,-1.,-2.,-1.,1.40271576953299E-014,             549P   1467
6.12323399573677E-017,2.80543153906599E-014;                         549P   1468
100,0.,0.,-2.,20.5,-2.,-20.5,-2.;                                    551P   1469
102,2,541,547;                                                       553P   1470
102,2,545,551;                                                       555P   1471
142,1,521,553,555,1;                                                 557P   1472
144,521,1,1,539,557;                                                 559P   1473
128,3,3,3,3,0,0,0,0,0,0.,0.,0.,0.,1.,1.,1.,1.,0.,0.,0.,0.,1.,        561P   1474
1.,1.,1.,1.,0.755320871117971,0.755320871117971,1.,                  561P   1475
0.333333333333333,0.25177362370599,0.25177362370599,                 561P   1476
0.333333333333333,0.333333333333333,0.25177362370599,                561P   1477
0.25177362370599,0.333333333333333,1.,0.755320871117971,             561P   1478
0.755320871117971,1.,0.,0.199666833,18.509991669,0.,                 561P   1479
-1.16010753,18.373559155,0.,-2.126440845,19.33989247,0.,             561P   1480
-1.990008331,20.699666833,-37.019983339,0.199666833,                 561P   1481
18.509991669,-36.747118309,-1.16010753,18.373559155,                 561P   1482
-38.679784939,-2.126440845,19.33989247,-41.399333667,                561P   1483
-1.990008331,20.699666833,-37.019983339,0.199666833,                 561P   1484
-18.509991669,-36.747118309,-1.16010753,-18.373559155,               561P   1485
-38.679784939,-2.126440845,-19.33989247,-41.399333667,               561P   1486
-1.990008331,-20.699666833,0.,0.199666833,-18.509991669,0.,          561P   1487
-1.16010753,-18.373559155,0.,-2.126440845,-19.33989247,0.,           561P   1488
-1.990008331,-20.699666833,0.,1.,0.,1.;                              561P   1489
126,1,1,1,0,1,0,0.,0.,1.,1.,1.,1.,0.063141457,0.,0.,                 563P   1490
0.936858543,0.,0.,0.,1.,0.,0.,1.;                                    563P   1491
124,-6.12323399573677E-017,-7.49879891330929E-033,-1.,20.5,          565P   1492
1.22464679914735E-016,-1.,0.,-7.58941520739853E-015,-1.,             565P   1493
-1.22464679914735E-016,6.12323399573677E-017,20.5;                   565P   1494
100,20.5,0.,0.,2.,0.,0.,2.;                                          567P   1495
126,1,1,1,0,1,0,0.,0.,1.,1.,1.,1.,0.936858543,0.,0.,                 569P   1496
0.936858543,1.,0.,0.,1.,0.,0.,1.;                                    569P   1497
124,6.12323399573677E-017,-1.,0.,-2.,6.12323399573677E-017,          571P   1498
3.74939945665464E-033,-1.,-2.,1.,6.12323399573677E-017,              571P   1499
6.12323399573677E-017,1.22464679914736E-016;                         571P   1500
100,0.,0.,-2.,20.5,-2.,-20.5,-2.;                                    573P   1501
126,1,1,1,0,1,0,0.,0.,1.,1.,1.,1.,0.936858543,1.,0.,                 575P   1502
0.063141457,1.,0.,0.,1.,0.,0.,1.;                                    575P   1503
124,8.58915688636046E-031,6.12323399573677E-017,-1.,-20.5,-1.,       577P   1504
1.40271576953299E-014,0.,-3.79470760369922E-015,                     577P   1505
1.40271576953299E-014,1.,6.12323399573677E-017,-20.5;                577P   1506
100,-20.5,0.,0.,2.,0.,0.,2.;                                         579P   1507
126,1,1,1,0,1,0,0.,0.,1.,1.,1.,1.,0.063141457,1.,0.,                 581P   1508
0.063141457,0.5,0.,0.,1.,0.,0.,1.;                                   581P   1509
124,6.12323399573677E-017,-1.,0.,0.,6.12323399573677E-017,           583P   1510
3.74939945665464E-033,1.,0.,-1.,-6.12323399573677E-017,              583P   1511
6.12323399573677E-017,0.;                                            583P   1512
100,0.,0.,0.,18.5,0.,0.,18.5;                                        585P   1513
126,1,1,1,0,1,0,0.,0.,1.,1.,1.,1.,0.063141457,0.5,0.,                587P   1514
0.063141457,0.,0.,0.,1.,0.,0.,1.;                                    587P   1515
124,-1.,-1.22464679914735E-016,0.,0.,7.49879891330929E-033,          589P   1516
-6.12323399573677E-017,1.,0.,-1.22464679914735E-016,1.,              589P   1517
6.12323399573677E-017,0.;                                            589P   1518
100,0.,0.,0.,18.5,0.,0.,18.5;                                        591P   1519
102,5,563,569,575,581,587;                                           593P   1520
102,5,567,573,579,585,591;                                           595P   1521
142,1,561,593,595,1;                                                 597P   1522
144,561,1,0,597;                                                     599P   1523
110,0.,0.,0.,0.,-18.5,0.;                                            601P   1524
100,0.,0.,0.,0.,18.5,0.,-18.5;                                       603P   1525
120,601,603,0.,6.28318530717959;                                     605P   1526
126,1,1,1,0,1,0,0.,0.,1.,1.,1.,1.,1.570796317,3.141592654,0.,        607P   1527
1.570796317,1.570796327,0.,0.,1.,0.,0.,1.;                           607P   1528
124,1.,0.,0.,0.,0.,6.12323399573677E-017,1.,0.,0.,-1.,               609P   1529
6.12323399573677E-017,0.;                                            609P   1530
100,0.,0.,0.,18.5,0.,0.,18.5;                                        611P   1531
126,1,1,1,0,1,0,0.,0.,1.,1.,1.,1.,1.570796317,1.570796327,0.,        613P   1532
1.570796317,0.,0.,0.,1.,0.,0.,1.;                                    613P   1533
124,6.12323399573677E-017,-1.,0.,0.,6.12323399573677E-017,           615P   1534
3.74939945665464E-033,1.,0.,-1.,-6.12323399573677E-017,              615P   1535
6.12323399573677E-017,0.;                                            615P   1536
100,0.,0.,0.,18.5,0.,0.,18.5;                                        617P   1537
126,1,1,1,0,1,0,0.,0.,1.,1.,1.,1.,1.570796317,0.,0.,1E-008,0.,       619P   1538
0.,0.,1.,0.,0.,1.;                                                   619P   1539
124,-1.,9.9579925010296E-017,6.98296267768627E-015,0.,               621P   1540
9.9579925010296E-017,1.,4.27583144589696E-031,0.,                    621P   1541
-6.98296267768627E-015,1.12294604438339E-030,-1.,0.;                 621P   1542
100,0.,0.,0.,18.5,0.,0.,18.5;                                        623P   1543
126,1,1,1,0,1,0,0.,0.,1.,1.,1.,1.,1E-008,0.,0.,1E-008,               625P   1544
3.141592654,0.,0.,1.,0.,0.,1.;                                       625P   1545
126,1,1,1,0,1,0,0.,0.,1.,1.,1.,1.,1E-008,3.141592654,0.,             627P   1546
1.570796317,3.141592654,0.,0.,1.,0.,0.,1.;                           627P   1547
124,-1.83697019872104E-016,1.,-2.4492935982947E-016,0.,1.,           629P   1548
1.83697019872102E-016,-6.98296267768627E-015,0.,                     629P   1549
-6.98296267768627E-015,-2.44929359829471E-016,-1.,0.;                629P   1550
100,0.,0.,0.,18.5,0.,0.,18.5;                                        631P   1551
102,5,607,613,619,625,627;                                           633P   1552
102,4,611,617,623,631;                                               635P   1553
142,1,605,633,635,1;                                                 637P   1554
144,605,1,0,637;                                                     639P   1555
110,0.,0.,0.,0.,-20.5,0.;                                            641P   1556
100,0.,0.,0.,0.,20.5,0.,-20.5;                                       643P   1557
120,641,643,0.,6.28318530717959;                                     645P   1558
126,1,1,1,0,1,0,0.,0.,1.,1.,1.,1.,1.570796317,3.141592654,0.,        647P   1559
1E-008,3.141592654,0.,0.,1.,0.,0.,1.;                                647P   1560
100,0.,0.,0.,20.5,0.,0.,20.5;                                        649P   1561
126,1,1,1,0,1,0,0.,0.,1.,1.,1.,1.,1E-008,3.141592654,0.,1E-008,      651P   1562
6.283185307,0.,0.,1.,0.,0.,1.;                                       651P   1563
126,1,1,1,0,1,0,0.,0.,1.,1.,1.,1.,1E-008,6.283185307,0.,             653P   1564
1.570796317,6.283185307,0.,0.,1.,0.,0.,1.;                           653P   1565
100,0.,0.,0.,0.,20.5,-20.5,0.;                                       655P   1566
126,1,1,1,0,1,0,0.,0.,1.,1.,1.,1.,1.570796317,6.283185307,0.,        657P   1567
1.570796317,3.141592654,0.,0.,1.,0.,0.,1.;                           657P   1568
124,-1.,6.98296267768627E-015,0.,0.,-4.27583144589696E-031,          659P   1569
-6.12323399573677E-017,1.,0.,6.98296267768627E-015,1.,               659P   1570
6.12323399573677E-017,0.;                                            659P   1571
100,0.,0.,0.,20.5,0.,-20.5,0.;                                       661P   1572
102,4,647,651,653,657;                                               663P   1573
102,3,649,655,661;                                                   665P   1574
142,1,645,663,665,1;                                                 667P   1575
144,645,1,0,667;                                                     669P   1576
128,1,1,1,1,0,0,1,0,0,0.,0.,1.,1.,0.,0.,1.,1.,1.,1.,1.,1.,           671P   1577
-23.782,0.,23.782,-23.782,0.,-23.782,23.782,0.,23.782,23.782,        671P   1578
0.,-23.782,0.,1.,0.,1.;                                              671P   1579
126,64,2,1,0,1,0,0.,0.,0.,0.03125,0.03125,0.0625,0.0625,             673P   1580
0.09375,0.09375,0.125,0.125,0.15625,0.15625,0.1875,0.1875,           673P   1581
0.21875,0.21875,0.25,0.25,0.28125,0.28125,0.3125,0.3125,             673P   1582
0.34375,0.34375,0.375,0.375,0.40625,0.40625,0.4375,0.4375,           673P   1583
0.46875,0.46875,0.5,0.5,0.53125,0.53125,0.5625,0.5625,0.59375,       673P   1584
0.59375,0.625,0.625,0.65625,0.65625,0.6875,0.6875,0.71875,           673P   1585
0.71875,0.75,0.75,0.78125,0.78125,0.8125,0.8125,0.84375,             673P   1586
0.84375,0.875,0.875,0.90625,0.90625,0.9375,0.9375,0.96875,           673P   1587
0.96875,1.,1.,1.,1.,1.,1.,1.,1.,1.,1.,1.,1.,1.,1.,1.,1.,1.,1.,       673P   1588
1.,1.,1.,1.,1.,1.,1.,1.,1.,1.,1.,1.,1.,1.,1.,1.,1.,1.,1.,1.,1.,      673P   1589
1.,1.,1.,1.,1.,1.,1.,1.,1.,1.,1.,1.,1.,1.,1.,1.,1.,1.,1.,1.,1.,      673P   1590
1.,1.,1.,1.,1.,1.,1.,1.,0.005928854,0.5,0.,0.005928854,              673P   1591
0.475727841,0.,0.008307941,0.451572559,0.,0.010687029,               673P   1592
0.427417277,0.,0.015422292,0.403611501,0.,0.020157556,               673P   1593
0.379805725,0.,0.027203391,0.356578717,0.,0.034249227,               673P   1594
0.333351709,0.,0.04353778,0.310927158,0.,0.052826333,                673P   1595
0.288502607,0.,0.06426815,0.267096474,0.,0.075709967,                673P   1596
0.245690341,0.,0.089194856,0.225508778,0.,0.102679745,               673P   1597
0.205327216,0.,0.118077839,0.186564583,0.,0.133475934,               673P   1598
0.16780195,0.,0.150638942,0.150638942,0.,0.16780195,                 673P   1599
0.133475934,0.,0.186564583,0.118077839,0.,0.205327216,               673P   1600
0.102679745,0.,0.225508778,0.089194856,0.,0.245690341,               673P   1601
0.075709967,0.,0.267096474,0.06426815,0.,0.288502607,                673P   1602
0.052826333,0.,0.310927158,0.04353778,0.,0.333351709,                673P   1603
0.034249227,0.,0.356578717,0.027203391,0.,0.379805725,               673P   1604
0.020157556,0.,0.403611501,0.015422292,0.,0.427417277,               673P   1605
0.010687029,0.,0.451572559,0.008307941,0.,0.475727841,               673P   1606
0.005928854,0.,0.5,0.005928854,0.,0.524272159,0.005928854,0.,        673P   1607
0.548427441,0.008307941,0.,0.572582723,0.010687029,0.,               673P   1608
0.596388499,0.015422292,0.,0.620194275,0.020157556,0.,               673P   1609
0.643421283,0.027203391,0.,0.666648291,0.034249227,0.,               673P   1610
0.689072842,0.04353778,0.,0.711497393,0.052826333,0.,                673P   1611
0.732903526,0.06426815,0.,0.754309659,0.075709967,0.,                673P   1612
0.774491222,0.089194856,0.,0.794672784,0.102679745,0.,               673P   1613
0.813435417,0.118077839,0.,0.83219805,0.133475934,0.,                673P   1614
0.849361058,0.150638942,0.,0.866524066,0.16780195,0.,                673P   1615
0.881922161,0.186564583,0.,0.897320255,0.205327216,0.,               673P   1616
0.910805144,0.225508778,0.,0.924290033,0.245690341,0.,               673P   1617
0.93573185,0.267096474,0.,0.947173667,0.288502607,0.,                673P   1618
0.95646222,0.310927158,0.,0.965750773,0.333351709,0.,                673P   1619
0.972796609,0.356578717,0.,0.979842444,0.379805725,0.,               673P   1620
0.984577708,0.403611501,0.,0.989312971,0.427417277,0.,               673P   1621
0.991692059,0.451572559,0.,0.994071146,0.475727841,0.,               673P   1622
0.994071146,0.5,0.,0.,1.,0.,0.,-1.;                                  673P   1623
124,6.12323399573677E-017,-1.,0.,0.,6.12323399573677E-017,           675P   1624
3.74939945665464E-033,-1.,0.,1.,6.12323399573677E-017,               675P   1625
6.12323399573677E-017,0.;                                            675P   1626
100,0.,0.,0.,23.5,0.,-23.5,0.;                                       677P   1627
126,64,2,1,0,1,0,0.,0.,0.,0.03125,0.03125,0.0625,0.0625,             679P   1628
0.09375,0.09375,0.125,0.125,0.15625,0.15625,0.1875,0.1875,           679P   1629
0.21875,0.21875,0.25,0.25,0.28125,0.28125,0.3125,0.3125,             679P   1630
0.34375,0.34375,0.375,0.375,0.40625,0.40625,0.4375,0.4375,           679P   1631
0.46875,0.46875,0.5,0.5,0.53125,0.53125,0.5625,0.5625,0.59375,       679P   1632
0.59375,0.625,0.625,0.65625,0.65625,0.6875,0.6875,0.71875,           679P   1633
0.71875,0.75,0.75,0.78125,0.78125,0.8125,0.8125,0.84375,             679P   1634
0.84375,0.875,0.875,0.90625,0.90625,0.9375,0.9375,0.96875,           679P   1635
0.96875,1.,1.,1.,1.,1.,1.,1.,1.,1.,1.,1.,1.,1.,1.,1.,1.,1.,1.,       679P   1636
1.,1.,1.,1.,1.,1.,1.,1.,1.,1.,1.,1.,1.,1.,1.,1.,1.,1.,1.,1.,1.,      679P   1637
1.,1.,1.,1.,1.,1.,1.,1.,1.,1.,1.,1.,1.,1.,1.,1.,1.,1.,1.,1.,1.,      679P   1638
1.,1.,1.,1.,1.,1.,1.,1.,0.994071146,0.5,0.,0.994071146,              679P   1639
0.524272159,0.,0.991692059,0.548427441,0.,0.989312971,               679P   1640
0.572582723,0.,0.984577708,0.596388499,0.,0.979842444,               679P   1641
0.620194275,0.,0.972796609,0.643421283,0.,0.965750773,               679P   1642
0.666648291,0.,0.95646222,0.689072842,0.,0.947173667,                679P   1643
0.711497393,0.,0.93573185,0.732903526,0.,0.924290033,                679P   1644
0.754309659,0.,0.910805144,0.774491222,0.,0.897320255,               679P   1645
0.794672784,0.,0.881922161,0.813435417,0.,0.866524066,               679P   1646
0.83219805,0.,0.849361058,0.849361058,0.,0.83219805,                 679P   1647
0.866524066,0.,0.813435417,0.881922161,0.,0.794672784,               679P   1648
0.897320255,0.,0.774491222,0.910805144,0.,0.754309659,               679P   1649
0.924290033,0.,0.732903526,0.93573185,0.,0.711497393,                679P   1650
0.947173667,0.,0.689072842,0.95646222,0.,0.666648291,                679P   1651
0.965750773,0.,0.643421283,0.972796609,0.,0.620194275,               679P   1652
0.979842444,0.,0.596388499,0.984577708,0.,0.572582723,               679P   1653
0.989312971,0.,0.548427441,0.991692059,0.,0.524272159,               679P   1654
0.994071146,0.,0.5,0.994071146,0.,0.475727841,0.994071146,0.,        679P   1655
0.451572559,0.991692059,0.,0.427417277,0.989312971,0.,               679P   1656
0.403611501,0.984577708,0.,0.379805725,0.979842444,0.,               679P   1657
0.356578717,0.972796609,0.,0.333351709,0.965750773,0.,               679P   1658
0.310927158,0.95646222,0.,0.288502607,0.947173667,0.,                679P   1659
0.267096474,0.93573185,0.,0.245690341,0.924290033,0.,                679P   1660
0.225508778,0.910805144,0.,0.205327216,0.897320255,0.,               679P   1661
0.186564583,0.881922161,0.,0.16780195,0.866524066,0.,                679P   1662
0.150638942,0.849361058,0.,0.133475934,0.83219805,0.,                679P   1663
0.118077839,0.813435417,0.,0.102679745,0.794672784,0.,               679P   1664
0.089194856,0.774491222,0.,0.075709967,0.754309659,0.,               679P   1665
0.06426815,0.732903526,0.,0.052826333,0.711497393,0.,                679P   1666
0.04353778,0.689072842,0.,0.034249227,0.666648291,0.,                679P   1667
0.027203391,0.643421283,0.,0.020157556,0.620194275,0.,               679P   1668
0.015422292,0.596388499,0.,0.010687029,0.572582723,0.,               679P   1669
0.008307941,0.548427441,0.,0.005928854,0.524272159,0.,               679P   1670
0.005928854,0.5,0.,0.,1.,0.,0.,-1.;                                  679P   1671
124,1.40271576953299E-014,1.,0.,0.,-6.12323399573677E-017,           681P   1672
8.58915688636046E-031,-1.,0.,-1.,1.40271576953299E-014,              681P   1673
6.12323399573677E-017,0.;                                            681P   1674
100,0.,0.,0.,23.5,0.,-23.5,0.;                                       683P   1675
102,2,673,679;                                                       685P   1676
102,2,677,683;                                                       687P   1677
142,1,671,685,687,1;                                                 689P   1678
126,64,2,1,0,1,0,0.,0.,0.,0.03125,0.03125,0.0625,0.0625,             691P   1679
0.09375,0.09375,0.125,0.125,0.15625,0.15625,0.1875,0.1875,           691P   1680
0.21875,0.21875,0.25,0.25,0.28125,0.28125,0.3125,0.3125,             691P   1681
0.34375,0.34375,0.375,0.375,0.40625,0.40625,0.4375,0.4375,           691P   1682
0.46875,0.46875,0.5,0.5,0.53125,0.53125,0.5625,0.5625,0.59375,       691P   1683
0.59375,0.625,0.625,0.65625,0.65625,0.6875,0.6875,0.71875,           691P   1684
0.71875,0.75,0.75,0.78125,0.78125,0.8125,0.8125,0.84375,             691P   1685
0.84375,0.875,0.875,0.90625,0.90625,0.9375,0.9375,0.96875,           691P   1686
0.96875,1.,1.,1.,1.,1.,1.,1.,1.,1.,1.,1.,1.,1.,1.,1.,1.,1.,1.,       691P   1687
1.,1.,1.,1.,1.,1.,1.,1.,1.,1.,1.,1.,1.,1.,1.,1.,1.,1.,1.,1.,1.,      691P   1688
1.,1.,1.,1.,1.,1.,1.,1.,1.,1.,1.,1.,1.,1.,1.,1.,1.,1.,1.,1.,1.,      691P   1689
1.,1.,1.,1.,1.,1.,1.,1.,0.5,0.069001766,0.,0.478826415,              691P   1690
0.069001766,0.,0.457754786,0.07107714,0.,0.436683157,                691P   1691
0.073152515,0.,0.415916416,0.077283276,0.,0.395149675,               691P   1692
0.081414038,0.,0.374887817,0.087560405,0.,0.354625959,               691P   1693
0.093706773,0.,0.335064116,0.101809553,0.,0.315502274,               691P   1694
0.109912333,0.,0.296828839,0.119893493,0.,0.278155404,               691P   1695
0.129874652,0.,0.260550211,0.141638066,0.,0.242945018,               691P   1696
0.153401479,0.,0.226577615,0.16683386,0.,0.210210212,                691P   1697
0.18026624,0.,0.195238226,0.195238226,0.,0.18026624,                 691P   1698
0.210210212,0.,0.16683386,0.226577615,0.,0.153401479,                691P   1699
0.242945018,0.,0.141638066,0.260550211,0.,0.129874652,               691P   1700
0.278155404,0.,0.119893493,0.296828839,0.,0.109912333,               691P   1701
0.315502274,0.,0.101809553,0.335064116,0.,0.093706773,               691P   1702
0.354625959,0.,0.087560405,0.374887817,0.,0.081414038,               691P   1703
0.395149675,0.,0.077283276,0.415916416,0.,0.073152515,               691P   1704
0.436683157,0.,0.07107714,0.457754786,0.,0.069001766,                691P   1705
0.478826415,0.,0.069001766,0.5,0.,0.069001766,0.521173585,0.,        691P   1706
0.07107714,0.542245214,0.,0.073152515,0.563316843,0.,                691P   1707
0.077283276,0.584083584,0.,0.081414038,0.604850325,0.,               691P   1708
0.087560405,0.625112183,0.,0.093706773,0.645374041,0.,               691P   1709
0.101809553,0.664935884,0.,0.109912333,0.684497726,0.,               691P   1710
0.119893493,0.703171161,0.,0.129874652,0.721844596,0.,               691P   1711
0.141638066,0.739449789,0.,0.153401479,0.757054982,0.,               691P   1712
0.16683386,0.773422385,0.,0.18026624,0.789789788,0.,                 691P   1713
0.195238226,0.804761774,0.,0.210210212,0.81973376,0.,                691P   1714
0.226577615,0.83316614,0.,0.242945018,0.846598521,0.,                691P   1715
0.260550211,0.858361934,0.,0.278155404,0.870125348,0.,               691P   1716
0.296828839,0.880106507,0.,0.315502274,0.890087667,0.,               691P   1717
0.335064116,0.898190447,0.,0.354625959,0.906293227,0.,               691P   1718
0.374887817,0.912439595,0.,0.395149675,0.918585962,0.,               691P   1719
0.415916416,0.922716724,0.,0.436683157,0.926847485,0.,               691P   1720
0.457754786,0.92892286,0.,0.478826415,0.930998234,0.,0.5,            691P   1721
0.930998234,0.,0.,1.,0.,0.,1.;                                       691P   1722
124,-1.,6.98296267768627E-015,0.,0.,-4.27583144589696E-031,          693P   1723
-6.12323399573677E-017,1.,0.,6.98296267768627E-015,1.,               693P   1724
6.12323399573677E-017,0.;                                            693P   1725
100,0.,0.,0.,20.5,0.,-20.5,0.;                                       695P   1726
126,64,2,1,0,1,0,0.,0.,0.,0.03125,0.03125,0.0625,0.0625,             697P   1727
0.09375,0.09375,0.125,0.125,0.15625,0.15625,0.1875,0.1875,           697P   1728
0.21875,0.21875,0.25,0.25,0.28125,0.28125,0.3125,0.3125,             697P   1729
0.34375,0.34375,0.375,0.375,0.40625,0.40625,0.4375,0.4375,           697P   1730
0.46875,0.46875,0.5,0.5,0.53125,0.53125,0.5625,0.5625,0.59375,       697P   1731
0.59375,0.625,0.625,0.65625,0.65625,0.6875,0.6875,0.71875,           697P   1732
0.71875,0.75,0.75,0.78125,0.78125,0.8125,0.8125,0.84375,             697P   1733
0.84375,0.875,0.875,0.90625,0.90625,0.9375,0.9375,0.96875,           697P   1734
0.96875,1.,1.,1.,1.,1.,1.,1.,1.,1.,1.,1.,1.,1.,1.,1.,1.,1.,1.,       697P   1735
1.,1.,1.,1.,1.,1.,1.,1.,1.,1.,1.,1.,1.,1.,1.,1.,1.,1.,1.,1.,1.,      697P   1736
1.,1.,1.,1.,1.,1.,1.,1.,1.,1.,1.,1.,1.,1.,1.,1.,1.,1.,1.,1.,1.,      697P   1737
1.,1.,1.,1.,1.,1.,1.,1.,0.5,0.930998234,0.,0.521173585,              697P   1738
0.930998234,0.,0.542245214,0.92892286,0.,0.563316843,                697P   1739
0.926847485,0.,0.584083584,0.922716724,0.,0.604850325,               697P   1740
0.918585962,0.,0.625112183,0.912439595,0.,0.645374041,               697P   1741
0.906293227,0.,0.664935884,0.898190447,0.,0.684497726,               697P   1742
0.890087667,0.,0.703171161,0.880106507,0.,0.721844596,               697P   1743
0.870125348,0.,0.739449789,0.858361934,0.,0.757054982,               697P   1744
0.846598521,0.,0.773422385,0.83316614,0.,0.789789788,                697P   1745
0.81973376,0.,0.804761774,0.804761774,0.,0.81973376,                 697P   1746
0.789789788,0.,0.83316614,0.773422385,0.,0.846598521,                697P   1747
0.757054982,0.,0.858361934,0.739449789,0.,0.870125348,               697P   1748
0.721844596,0.,0.880106507,0.703171161,0.,0.890087667,               697P   1749
0.684497726,0.,0.898190447,0.664935884,0.,0.906293227,               697P   1750
0.645374041,0.,0.912439595,0.625112183,0.,0.918585962,               697P   1751
0.604850325,0.,0.922716724,0.584083584,0.,0.926847485,               697P   1752
0.563316843,0.,0.92892286,0.542245214,0.,0.930998234,                697P   1753
0.521173585,0.,0.930998234,0.5,0.,0.930998234,0.478826415,0.,        697P   1754
0.92892286,0.457754786,0.,0.926847485,0.436683157,0.,                697P   1755
0.922716724,0.415916416,0.,0.918585962,0.395149675,0.,               697P   1756
0.912439595,0.374887817,0.,0.906293227,0.354625959,0.,               697P   1757
0.898190447,0.335064116,0.,0.890087667,0.315502274,0.,               697P   1758
0.880106507,0.296828839,0.,0.870125348,0.278155404,0.,               697P   1759
0.858361934,0.260550211,0.,0.846598521,0.242945018,0.,               697P   1760
0.83316614,0.226577615,0.,0.81973376,0.210210212,0.,                 697P   1761
0.804761774,0.195238226,0.,0.789789788,0.18026624,0.,                697P   1762
0.773422385,0.16683386,0.,0.757054982,0.153401479,0.,                697P   1763
0.739449789,0.141638066,0.,0.721844596,0.129874652,0.,               697P   1764
0.703171161,0.119893493,0.,0.684497726,0.109912333,0.,               697P   1765
0.664935884,0.101809553,0.,0.645374041,0.093706773,0.,               697P   1766
0.625112183,0.087560405,0.,0.604850325,0.081414038,0.,               697P   1767
0.584083584,0.077283276,0.,0.563316843,0.073152515,0.,               697P   1768
0.542245214,0.07107714,0.,0.521173585,0.069001766,0.,0.5,            697P   1769
0.069001766,0.,0.,1.,0.,0.,1.;                                       697P   1770
124,1.,0.,0.,0.,0.,6.12323399573677E-017,1.,0.,0.,-1.,               699P   1771
6.12323399573677E-017,0.;                                            699P   1772
100,0.,0.,0.,20.5,0.,-20.5,0.;                                       701P   1773
102,2,691,697;                                                       703P   1774
102,2,695,701;                                                       705P   1775
142,1,671,703,705,1;                                                 707P   1776
144,671,1,1,689,707;                                                 709P   1777
110,0.,0.,0.,0.,-1000.,0.;                                           711P   1778
110,0.,0.,-23.5,0.,-2.,-23.5;                                        713P   1779
120,711,713,0.,6.28318530717959;                                     715P   1780
126,1,1,1,0,1,0,0.,0.,1.,1.,1.,1.,1.,3.141592654,0.,0.,              717P   1781
3.141592654,0.,0.,1.,0.,0.,1.;                                       717P   1782
110,0.,-2.,23.5,0.,0.,23.5;                                          719P   1783
126,1,1,1,0,1,0,0.,0.,1.,1.,1.,1.,0.,3.141592654,0.,0.,              721P   1784
6.283185307,0.,0.,1.,0.,0.,1.;                                       721P   1785
124,6.12323399573677E-017,-1.,0.,0.,6.12323399573677E-017,           723P   1786
3.74939945665464E-033,-1.,0.,1.,6.12323399573677E-017,               723P   1787
6.12323399573677E-017,0.;                                            723P   1788
100,0.,0.,0.,23.5,0.,-23.5,0.;                                       725P   1789
126,1,1,1,0,1,0,0.,0.,1.,1.,1.,1.,0.,6.283185307,0.,1.,              727P   1790
6.283185307,0.,0.,1.,0.,0.,1.;                                       727P   1791
110,0.,0.,-23.5,0.,-2.,-23.5;                                        729P   1792
126,1,1,1,0,1,0,0.,0.,1.,1.,1.,1.,1.,6.283185307,0.,1.,              731P   1793
3.141592654,0.,0.,1.,0.,0.,1.;                                       731P   1794
124,6.12323399573677E-017,-1.,0.,-2.,6.12323399573677E-017,          733P   1795
3.74939945665464E-033,1.,-2.,-1.,-6.12323399573677E-017,             733P   1796
6.12323399573677E-017,-1.22464679914736E-016;                        733P   1797
100,0.,0.,-2.,23.5,-2.,-23.5,-2.;                                    735P   1798
102,4,717,721,727,731;                                               737P   1799
102,4,719,725,729,735;                                               739P   1800
142,1,715,737,739,1;                                                 741P   1801
144,715,1,0,741;                                                     743P   1802
308,0,13Hplastic liner,10,411,443,479,519,559,599,639,669,709,       745P   1803
743;                                                                 745P   1804
124,-0.52304995201667,-0.707106781186558,-0.475834790337303,         747P   1805
55.9194194307213,-0.523049952016685,0.707106781186537,               747P   1806
-0.475834790337317,189.159377765225,0.672932013943982,0.,            747P   1807
-0.739704335940581,177.677934885761;                                 747P   1808
408,745,0.,0.,0.,1.;                                                 749P   1809
314,68.6274509803922,65.8823529411765,63.921568627451,;              751P   1810
110,0.,0.,0.,500.,-707.106781187,-500.;                              753P   1811
110,-10.433321446,18.290478595,10.433321446,-8.923494975,            755P   1812
16.155261523,8.923494975;                                            755P   1813
120,753,755,0.,6.28318530717959;                                     757P   1814
126,1,1,1,0,1,0,0.,0.,1.,1.,1.,1.,0.,6.283185307,0.,1.,              759P   1815
6.283185307,0.,0.,1.,0.,0.,1.;                                       759P   1816
110,-10.433321446,18.290478595,10.433321446,-8.923494975,            761P   1817
16.155261523,8.923494975;                                            761P   1818
126,1,1,1,0,1,0,0.,0.,1.,1.,1.,1.,1.,6.283185307,0.,1.,              763P   1819
3.141592654,0.,0.,1.,0.,0.,1.;                                       763P   1820
124,0.500000000000004,-0.707106781186539,-0.500000000000009,         765P   1821
10.1734949746877,0.707106781186551,2.4980018054066E-016,             765P   1822
0.707106781186544,14.3874945699383,-0.499999999999991,               765P   1823
-0.707106781186556,0.499999999999997,10.173494974688;                765P   1824
100,10.173494975,-10.173494975,14.38749457,-7.673494975,             767P   1825
14.38749457,-12.673494975,14.38749457;                               767P   1826
126,1,1,1,0,1,0,0.,0.,1.,1.,1.,1.,1.,3.141592654,0.,0.,              769P   1827
3.141592654,0.,0.,1.,0.,0.,1.;                                       769P   1828
110,-11.423494975,12.619727617,11.423494975,-12.933321446,           771P   1829
14.754944689,12.933321446;                                           771P   1830
126,1,1,1,0,1,0,0.,0.,1.,1.,1.,1.,0.,3.141592654,0.,0.,              773P   1831
6.283185307,0.,0.,1.,0.,0.,1.;                                       773P   1832
124,-0.499999999999994,-0.707106781186547,0.500000000000007,         775P   1833
-11.6833214455483,-0.707106781186554,-3.91579167786175E-015,         775P   1834
-0.707106781186541,16.5227116418579,0.499999999999997,               775P   1835
-0.707106781186548,-0.500000000000002,35.0499643366437;              775P   1836
100,11.683321446,-11.683321446,16.522711642,-9.183321446,            777P   1837
16.522711642,-14.183321446,16.522711642;                             777P   1838
102,4,759,763,769,773;                                               779P   1839
102,4,761,767,771,777;                                               781P   1840
142,1,757,779,781,1;                                                 783P   1841
144,757,1,0,783;                                                     785P   1842
110,0.,0.,0.,0.,-707.106781187,-707.106781187;                       787P   1843
110,0.,18.290478595,14.754944689,0.,16.155261523,12.619727617;       789P   1844
120,787,789,0.,6.28318530717959;                                     791P   1845
126,1,1,1,0,1,0,0.,0.,1.,1.,1.,1.,0.,6.283185307,0.,1.,              793P   1846
6.283185307,0.,0.,1.,0.,0.,1.;                                       793P   1847
110,0.,18.290478595,14.754944689,0.,16.155261523,12.619727617;       795P   1848
126,1,1,1,0,1,0,0.,0.,1.,1.,1.,1.,1.,6.283185307,0.,1.,              797P   1849
3.141592654,0.,0.,1.,0.,0.,1.;                                       797P   1850
124,7.34797345681556E-015,-1.,-7.40655039324684E-015,                799P   1851
14.387494569938,0.707106781186551,-4.14201489716324E-017,            799P   1852
0.707106781186544,4.21399959525028,-0.707106781186544,               799P   1853
-1.04330238675578E-014,0.707106781186551,4.21399959525027;           799P   1854
100,14.38749457,0.,14.38749457,2.5,14.38749457,-2.5,                 801P   1855
14.38749457;                                                         801P   1856
126,1,1,1,0,1,0,0.,0.,1.,1.,1.,1.,1.,3.141592654,0.,0.,              803P   1857
3.141592654,0.,0.,1.,0.,0.,1.;                                       803P   1858
110,0.,12.619727617,16.155261523,0.,14.754944689,18.290478595;       805P   1859
126,1,1,1,0,1,0,0.,0.,1.,1.,1.,1.,0.,3.141592654,0.,0.,              807P   1860
6.283185307,0.,0.,1.,0.,0.,1.;                                       807P   1861
124,-7.37085821171971E-015,-1.,7.40655039324679E-015,                809P   1862
16.5227116418579,-0.707106781186556,-2.52381835930089E-017,          809P   1863
-0.707106781186539,28.2060330874059,0.707106781186539,               809P   1864
-1.04492058329363E-014,-0.707106781186556,28.2060330874068;          809P   1865
100,16.522711642,0.,16.522711642,2.5,16.522711642,-2.5,              811P   1866
16.522711642;                                                        811P   1867
102,4,793,797,803,807;                                               813P   1868
102,4,795,801,805,811;                                               815P   1869
142,1,791,813,815,1;                                                 817P   1870
144,791,1,0,817;                                                     819P   1871
110,0.,0.,0.,-500.,-707.106781187,-500.;                             821P   1872
110,10.433321446,18.290478595,10.433321446,8.923494975,              823P   1873
16.155261523,8.923494975;                                            823P   1874
120,821,823,0.,6.28318530717959;                                     825P   1875
126,1,1,1,0,1,0,0.,0.,1.,1.,1.,1.,0.,6.283185307,0.,1.,              827P   1876
6.283185307,0.,0.,1.,0.,0.,1.;                                       827P   1877
110,10.433321446,18.290478595,10.433321446,8.923494975,              829P   1878
16.155261523,8.923494975;                                            829P   1879
126,1,1,1,0,1,0,0.,0.,1.,1.,1.,1.,1.,6.283185307,0.,1.,              831P   1880
3.141592654,0.,0.,1.,0.,0.,1.;                                       831P   1881
124,-0.499999999999993,-0.707106781186554,0.499999999999999,         833P   1882
20.3469899493757,0.707106781186551,3.33066907387547E-016,            833P   1883
0.707106781186544,-1.61329283265843E-013,-0.500000000000002,         833P   1884
0.707106781186541,0.500000000000007,1.50920942409982E-013;           833P   1885
100,10.173494975,10.173494975,14.38749457,12.673494975,              835P   1886
14.38749457,7.673494975,14.38749457;                                 835P   1887
126,1,1,1,0,1,0,0.,0.,1.,1.,1.,1.,1.,3.141592654,0.,0.,              837P   1888
3.141592654,0.,0.,1.,0.,0.,1.;                                       837P   1889
110,11.423494975,12.619727617,11.423494975,12.933321446,             839P   1890
14.754944689,12.933321446;                                           839P   1891
126,1,1,1,0,1,0,0.,0.,1.,1.,1.,1.,0.,3.141592654,0.,0.,              841P   1892
6.283185307,0.,0.,1.,0.,0.,1.;                                       841P   1893
124,0.499999999999994,-0.707106781186554,-0.499999999999996,         843P   1894
23.366642891096,-0.707106781186554,-7.105427357601E-015,             843P   1895
-0.707106781186541,33.0454232837167,0.499999999999997,               843P   1896
0.707106781186541,-0.500000000000013,6.48786580015326E-013;          843P   1897
100,11.683321446,11.683321446,16.522711642,14.183321446,             845P   1898
16.522711642,9.183321446,16.522711642;                               845P   1899
102,4,827,831,837,841;                                               847P   1900
102,4,829,835,839,845;                                               849P   1901
142,1,825,847,849,1;                                                 851P   1902
144,825,1,0,851;                                                     853P   1903
110,0.,0.,0.,-707.106781187,-707.106781187,0.;                       855P   1904
110,14.754944689,18.290478595,0.,12.619727617,16.155261523,0.;       857P   1905
120,855,857,0.,6.28318530717959;                                     859P   1906
126,1,1,1,0,1,0,0.,0.,1.,1.,1.,1.,0.,6.283185307,0.,1.,              861P   1907
6.283185307,0.,0.,1.,0.,0.,1.;                                       861P   1908
110,14.754944689,18.290478595,0.,12.619727617,16.155261523,0.;       863P   1909
126,1,1,1,0,1,0,0.,0.,1.,1.,1.,1.,1.,6.283185307,0.,1.,              865P   1910
3.141592654,0.,0.,1.,0.,0.,1.;                                       865P   1911
124,-0.707106781186544,-6.10622663543836E-016,                       867P   1912
0.707106781186552,24.5609895446262,0.707106781186551,                867P   1913
4.9960036108132E-016,0.707106781186544,4.21399959525006,             867P   1914
-7.21644966006352E-016,1.,6.12323399573677E-017,                     867P   1915
-14.3874945699381;                                                   867P   1916
100,0.,14.38749457,14.38749457,16.88749457,14.38749457,              869P   1917
11.88749457,14.38749457;                                             869P   1918
126,1,1,1,0,1,0,0.,0.,1.,1.,1.,1.,1.,3.141592654,0.,0.,              871P   1919
3.141592654,0.,0.,1.,0.,0.,1.;                                       871P   1920
110,16.155261523,12.619727617,0.,18.290478595,14.754944689,0.;       873P   1921
126,1,1,1,0,1,0,0.,0.,1.,1.,1.,1.,0.,3.141592654,0.,0.,              875P   1922
6.283185307,0.,0.,1.,0.,0.,1.;                                       875P   1923
124,0.707106781186544,-9.38138455808257E-015,                        877P   1924
-0.707106781186552,4.83939019631064,-0.707106781186551,              877P   1925
9.49240686054509E-015,-0.707106781186544,28.2060330874061,           877P   1926
1.33226762955019E-014,1.,6.12323399573677E-017,                      877P   1927
-16.5227116418584;                                                   877P   1928
100,0.,16.522711642,16.522711642,19.022711642,16.522711642,          879P   1929
14.022711642,16.522711642;                                           879P   1930
102,4,861,865,871,875;                                               881P   1931
102,4,863,869,873,879;                                               883P   1932
142,1,859,881,883,1;                                                 885P   1933
144,859,1,0,885;                                                     887P   1934
110,0.,0.,0.,-500.,-707.106781187,500.;                              889P   1935
110,10.433321446,18.290478595,-10.433321446,8.923494975,             891P   1936
16.155261523,-8.923494975;                                           891P   1937
120,889,891,0.,6.28318530717959;                                     893P   1938
126,1,1,1,0,1,0,0.,0.,1.,1.,1.,1.,0.,6.283185307,0.,1.,              895P   1939
6.283185307,0.,0.,1.,0.,0.,1.;                                       895P   1940
110,10.433321446,18.290478595,-10.433321446,8.923494975,             897P   1941
16.155261523,-8.923494975;                                           897P   1942
126,1,1,1,0,1,0,0.,0.,1.,1.,1.,1.,1.,6.283185307,0.,1.,              899P   1943
3.141592654,0.,0.,1.,0.,0.,1.;                                       899P   1944
124,-0.499999999999987,0.707106781186554,0.500000000000003,          901P   1945
10.1734949746879,0.707106781186554,-6.68576484458991E-015,           901P   1946
0.707106781186541,14.387494569938,0.500000000000003,                 901P   1947
0.707106781186541,-0.500000000000006,-30.5204849240637;              901P   1948
100,-10.173494975,10.173494975,14.38749457,12.673494975,             903P   1949
14.38749457,7.673494975,14.38749457;                                 903P   1950
126,1,1,1,0,1,0,0.,0.,1.,1.,1.,1.,1.,3.141592654,0.,0.,              905P   1951
3.141592654,0.,0.,1.,0.,0.,1.;                                       905P   1952
110,11.423494975,12.619727617,-11.423494975,12.933321446,            907P   1953
14.754944689,-12.933321446;                                          907P   1954
126,1,1,1,0,1,0,0.,0.,1.,1.,1.,1.,0.,3.141592654,0.,0.,              909P   1955
6.283185307,0.,0.,1.,0.,0.,1.;                                       909P   1956
124,0.500000000000009,0.707106781186537,-0.500000000000005,          911P   1957
-11.6833214455478,-0.707106781186552,9.4091401336982E-015,           911P   1958
-0.707106781186544,16.5227116418582,-0.499999999999985,              911P   1959
0.707106781186558,0.5,-11.6833214455481;                             911P   1960
100,-11.683321446,11.683321446,16.522711642,14.183321446,            913P   1961
16.522711642,9.183321446,16.522711642;                               913P   1962
102,4,895,899,905,909;                                               915P   1963
102,4,897,903,907,913;                                               917P   1964
142,1,893,915,917,1;                                                 919P   1965
144,893,1,0,919;                                                     921P   1966
110,0.,0.,0.,0.,-707.106781187,707.106781187;                        923P   1967
110,0.,18.290478595,-14.754944689,0.,16.155261523,                   925P   1968
-12.619727617;                                                       925P   1969
120,923,925,0.,6.28318530717959;                                     927P   1970
126,1,1,1,0,1,0,0.,0.,1.,1.,1.,1.,0.,6.283185307,0.,1.,              929P   1971
6.283185307,0.,0.,1.,0.,0.,1.;                                       929P   1972
110,0.,18.290478595,-14.754944689,0.,16.155261523,                   931P   1973
-12.619727617;                                                       931P   1974
126,1,1,1,0,1,0,0.,0.,1.,1.,1.,1.,1.,6.283185307,0.,1.,              933P   1975
3.141592654,0.,0.,1.,0.,0.,1.;                                       933P   1976
124,1.11057049682541E-014,1.,2.46885013108226E-015,                  935P   1977
-14.387494569938,0.707106781186556,-9.59865996233128E-015,           935P   1978
0.707106781186539,24.560989544626,0.707106781186539,                 935P   1979
-6.10717862348795E-015,-0.707106781186556,-24.5609895446263;         935P   1980
100,-14.38749457,0.,14.38749457,2.5,14.38749457,-2.5,                937P   1981
14.38749457;                                                         937P   1982
126,1,1,1,0,1,0,0.,0.,1.,1.,1.,1.,1.,3.141592654,0.,0.,              939P   1983
3.141592654,0.,0.,1.,0.,0.,1.;                                       939P   1984
110,0.,12.619727617,-16.155261523,0.,14.754944689,                   941P   1985
-18.290478595;                                                       941P   1986
126,1,1,1,0,1,0,0.,0.,1.,1.,1.,1.,0.,3.141592654,0.,0.,              943P   1987
6.283185307,0.,0.,1.,0.,0.,1.;                                       943P   1988
124,1.6826145742491E-014,1.,-2.46885013108228E-015,                  945P   1989
-16.5227116418582,-0.707106781186551,1.01521410863271E-014,          945P   1990
-0.707106781186544,4.83939019631017,-0.707106781186544,              945P   1991
1.36436224251701E-014,0.707106781186551,-4.83939019631053;           945P   1992
100,-16.522711642,0.,16.522711642,2.5,16.522711642,-2.5,             947P   1993
16.522711642;                                                        947P   1994
102,4,929,933,939,943;                                               949P   1995
102,4,931,937,941,947;                                               951P   1996
142,1,927,949,951,1;                                                 953P   1997
144,927,1,0,953;                                                     955P   1998
110,0.,0.,0.,500.,-707.106781187,500.;                               957P   1999
110,-10.433321446,18.290478595,-10.433321446,-8.923494975,           959P   2000
16.155261523,-8.923494975;                                           959P   2001
120,957,959,0.,6.28318530717959;                                     961P   2002
126,1,1,1,0,1,0,0.,0.,1.,1.,1.,1.,0.,6.283185307,0.,1.,              963P   2003
6.283185307,0.,0.,1.,0.,0.,1.;                                       963P   2004
110,-10.433321446,18.290478595,-10.433321446,-8.923494975,           965P   2005
16.155261523,-8.923494975;                                           965P   2006
126,1,1,1,0,1,0,0.,0.,1.,1.,1.,1.,1.,6.283185307,0.,1.,              967P   2007
3.141592654,0.,0.,1.,0.,0.,1.;                                       967P   2008
124,0.49999999999999,0.707106781186554,-0.5,-20.346989949376,        969P   2009
0.707106781186554,1.11022302462516E-016,0.707106781186541,           969P   2010
28.7749891398763,0.5,-0.707106781186541,-0.500000000000009,          969P   2011
-3.40005801291454E-013;                                              969P   2012
100,-10.173494975,-10.173494975,14.38749457,-7.673494975,            971P   2013
14.38749457,-12.673494975,14.38749457;                               971P   2014
126,1,1,1,0,1,0,0.,0.,1.,1.,1.,1.,1.,3.141592654,0.,0.,              973P   2015
3.141592654,0.,0.,1.,0.,0.,1.;                                       973P   2016
110,-11.423494975,12.619727617,-11.423494975,-12.933321446,          975P   2017
14.754944689,-12.933321446;                                          975P   2018
126,1,1,1,0,1,0,0.,0.,1.,1.,1.,1.,0.,3.141592654,0.,0.,              977P   2019
6.283185307,0.,0.,1.,0.,0.,1.;                                       977P   2020
124,-0.499999999999986,0.707106781186556,0.500000000000002,          979P   2021
-23.3666428910958,-0.707106781186551,1.01862962509358E-014,          979P   2022
-0.707106781186544,-3.50414142147315E-013,-0.500000000000008,        979P   2023
-0.707106781186539,0.500000000000004,-3.24393290007663E-013;         979P   2024
100,-11.683321446,-11.683321446,16.522711642,-9.183321446,           981P   2025
16.522711642,-14.183321446,16.522711642;                             981P   2026
102,4,963,967,973,977;                                               983P   2027
102,4,965,971,975,981;                                               985P   2028
142,1,961,983,985,1;                                                 987P   2029
144,961,1,0,987;                                                     989P   2030
110,0.,0.,0.,707.106781187,-707.106781187,0.;                        991P   2031
110,-14.754944689,18.290478595,0.,-12.619727617,16.155261523,        993P   2032
0.;                                                                  993P   2033
120,991,993,0.,6.28318530717959;                                     995P   2034
126,1,1,1,0,1,0,0.,0.,1.,1.,1.,1.,0.,6.283185307,0.,1.,              997P   2035
6.283185307,0.,0.,1.,0.,0.,1.;                                       997P   2036
110,-14.754944689,18.290478595,0.,-12.619727617,16.155261523,        999P   2037
0.;                                                                  999P   2038
126,1,1,1,0,1,0,0.,0.,1.,1.,1.,1.,1.,6.283185307,0.,1.,             1001P   2039
3.141592654,0.,0.,1.,0.,0.,1.;                                      1001P   2040
124,0.707106781186544,-2.77555756156289E-016,                       1003P   2041
-0.707106781186552,-4.21399959525034,0.707106781186551,             1003P   2042
-1.66533453693773E-016,0.707106781186544,24.5609895446261,          1003P   2043
-2.77555756156289E-016,-1.,6.12323399573677E-017,                   1003P   2044
14.3874945699381;                                                   1003P   2045
100,0.,-14.38749457,14.38749457,-11.88749457,14.38749457,           1005P   2046
-16.88749457,14.38749457;                                           1005P   2047
126,1,1,1,0,1,0,0.,0.,1.,1.,1.,1.,1.,3.141592654,0.,0.,             1007P   2048
3.141592654,0.,0.,1.,0.,0.,1.;                                      1007P   2049
110,-16.155261523,12.619727617,0.,-18.290478595,14.754944689,       1009P   2050
0.;                                                                 1009P   2051
126,1,1,1,0,1,0,0.,0.,1.,1.,1.,1.,0.,3.141592654,0.,0.,             1011P   2052
6.283185307,0.,0.,1.,0.,0.,1.;                                      1011P   2053
124,-0.707106781186544,9.49240686054509E-015,0.707106781186552,     1013P   2054
-28.2060330874065,-0.707106781186551,9.38138455808257E-015,         1013P   2055
-0.707106781186544,4.83939019631001,-1.33226762955019E-014,-1.,     1013P   2056
6.12323399573677E-017,16.522711641858;                              1013P   2057
100,0.,-16.522711642,16.522711642,-14.022711642,16.522711642,       1015P   2058
-19.022711642,16.522711642;                                         1015P   2059
102,4,997,1001,1007,1011;                                           1017P   2060
102,4,999,1005,1009,1015;                                           1019P   2061
142,1,995,1017,1019,1;                                              1021P   2062
144,995,1,0,1021;                                                   1023P   2063
110,0.,0.,0.,0.,-23.5,0.;                                           1025P   2064
124,1.40271576953299E-014,1.,-6.98296267768627E-015,0.,1.,          1027P   2065
-1.40271576953299E-014,-4.27583144589696E-031,0.,                   1027P   2066
-9.83787018050981E-029,-6.98296267768627E-015,-1.,0.;               1027P   2067
100,0.,0.,0.,23.5,0.,-23.5,0.;                                      1029P   2068
120,1025,1029,0.,6.28318530717959;                                  1031P   2069
126,32,2,1,0,1,0,0.,0.,0.,0.0625,0.0625,0.125,0.125,0.1875,         1033P   2070
0.1875,0.25,0.25,0.3125,0.3125,0.375,0.375,0.4375,0.4375,0.5,       1033P   2071
0.5,0.5625,0.5625,0.625,0.625,0.6875,0.6875,0.75,0.75,0.8125,       1033P   2072
0.8125,0.875,0.875,0.9375,0.9375,1.,1.,1.,1.,1.,1.,1.,1.,1.,1.,     1033P   2073
1.,1.,1.,1.,1.,1.,1.,1.,1.,1.,1.,1.,1.,1.,1.,1.,1.,1.,1.,1.,1.,     1033P   2074
1.,1.,1.,1.,1.,0.891982823,2.35619449,0.,0.891982823,               1033P   2075
2.369645032,0.,0.890124334,2.382903307,0.,0.888265896,              1033P   2076
2.396161227,0.,0.884603783,2.408839843,0.,0.88094003,               1033P   2077
2.421524138,0.,0.875585247,2.433236159,0.,0.870220558,              1033P   2078
2.444969849,0.,0.863340012,2.455333645,0.,0.856428976,              1033P   2079
2.465743367,0.,0.848243388,2.474389595,0.,0.839991117,              1033P   2080
2.483106259,0.,0.830770352,2.489686852,0.,0.821433775,              1033P   2081
2.496350096,0.,0.811489806,2.500548759,0.,0.801378161,              1033P   2082
2.504818221,0.,0.791056943,2.506362317,0.,0.780528695,              1033P   2083
2.507937386,0.,0.770202599,2.506612791,0.,0.759656691,              1033P   2084
2.505259999,0.,0.749717877,2.500932358,0.,0.739579007,              1033P   2085
2.496517608,0.,0.730431762,2.489162957,0.,0.721130973,              1033P   2086
2.481684853,0.,0.713179397,2.471428472,0.,0.705131861,              1033P   2087
2.461048316,0.,0.698759589,2.448203802,0.,0.692341551,              1033P   2088
2.435267041,0.,0.687882506,2.420360158,0.,0.683408696,              1033P   2089
2.405403917,0.,0.681112296,2.389161696,0.,0.678813484,              1033P   2090
2.37290241,0.,0.678813484,2.35619449,0.,0.,1.,0.,0.,1.;             1033P   2091
124,-0.499999999999994,-0.707106781186547,0.500000000000007,        1035P   2092
-11.6833214455483,-0.707106781186554,-3.91579167786175E-015,        1035P   2093
-0.707106781186541,16.5227116418579,0.499999999999997,              1035P   2094
-0.707106781186548,-0.500000000000002,35.0499643366437;             1035P   2095
100,11.683321446,-11.683321446,16.522711642,-9.183321446,           1037P   2096
16.522711642,-14.183321446,16.522711642;                            1037P   2097
126,32,2,1,0,1,0,0.,0.,0.,0.0625,0.0625,0.125,0.125,0.1875,         1039P   2098
0.1875,0.25,0.25,0.3125,0.3125,0.375,0.375,0.4375,0.4375,0.5,       1039P   2099
0.5,0.5625,0.5625,0.625,0.625,0.6875,0.6875,0.75,0.75,0.8125,       1039P   2100
0.8125,0.875,0.875,0.9375,0.9375,1.,1.,1.,1.,1.,1.,1.,1.,1.,1.,     1039P   2101
1.,1.,1.,1.,1.,1.,1.,1.,1.,1.,1.,1.,1.,1.,1.,1.,1.,1.,1.,1.,1.,     1039P   2102
1.,1.,1.,1.,1.,0.678813484,2.35619449,0.,0.678813484,               1039P   2103
2.33948657,0.,0.681112296,2.323227284,0.,0.683408696,               1039P   2104
2.306985064,0.,0.687882506,2.292028822,0.,0.692341551,              1039P   2105
2.277121939,0.,0.698759589,2.264185178,0.,0.705131861,              1039P   2106
2.251340665,0.,0.713179397,2.240960509,0.,0.721130973,              1039P   2107
2.230704127,0.,0.730431762,2.223226023,0.,0.739579007,              1039P   2108
2.215871373,0.,0.749717877,2.211456622,0.,0.759656691,              1039P   2109
2.207128982,0.,0.770202599,2.205776189,0.,0.780528695,              1039P   2110
2.204451594,0.,0.791056943,2.206026663,0.,0.801378161,              1039P   2111
2.207570759,0.,0.811489806,2.211840221,0.,0.821433775,              1039P   2112
2.216038885,0.,0.830770352,2.222702128,0.,0.839991117,              1039P   2113
2.229282722,0.,0.848243388,2.237999386,0.,0.856428976,              1039P   2114
2.246645614,0.,0.863340012,2.257055335,0.,0.870220558,              1039P   2115
2.267419132,0.,0.875585247,2.279152822,0.,0.88094003,               1039P   2116
2.290864843,0.,0.884603783,2.303549137,0.,0.888265896,              1039P   2117
2.316227754,0.,0.890124334,2.329485673,0.,0.891982823,              1039P   2118
2.342743948,0.,0.891982823,2.35619449,0.,0.,1.,0.,0.,1.;            1039P   2119
124,0.499999999999984,0.707106781186554,0.500000000000007,          1041P   2120
-23.3666428910962,0.707106781186554,1.38777878078145E-014,          1041P   2121
-0.707106781186541,33.0454232837164,-0.500000000000007,             1041P   2122
0.707106781186541,-0.500000000000002,-9.36750677027476E-014;        1041P   2123
100,11.683321446,-11.683321446,16.522711642,-9.183321446,           1043P   2124
16.522711642,-14.183321446,16.522711642;                            1043P   2125
102,2,1033,1039;                                                    1045P   2126
102,2,1037,1043;                                                    1047P   2127
142,1,1031,1045,1047,1;                                             1049P   2128
126,32,2,1,0,1,0,0.,0.,0.,0.0625,0.0625,0.125,0.125,0.1875,         1051P   2129
0.1875,0.25,0.25,0.3125,0.3125,0.375,0.375,0.4375,0.4375,0.5,       1051P   2130
0.5,0.5625,0.5625,0.625,0.625,0.6875,0.6875,0.75,0.75,0.8125,       1051P   2131
0.8125,0.875,0.875,0.9375,0.9375,1.,1.,1.,1.,1.,1.,1.,1.,1.,1.,     1051P   2132
1.,1.,1.,1.,1.,1.,1.,1.,1.,1.,1.,1.,1.,1.,1.,1.,1.,1.,1.,1.,1.,     1051P   2133
1.,1.,1.,1.,1.,0.891982823,1.570796327,0.,0.891982823,              1051P   2134
1.584246868,0.,0.890124334,1.597505144,0.,0.888265896,              1051P   2135
1.610763063,0.,0.884603783,1.62344168,0.,0.88094003,                1051P   2136
1.636125974,0.,0.875585247,1.647837995,0.,0.870220558,              1051P   2137
1.659571685,0.,0.863340012,1.669935482,0.,0.856428976,              1051P   2138
1.680345203,0.,0.848243388,1.688991431,0.,0.839991117,              1051P   2139
1.697708095,0.,0.830770352,1.704288689,0.,0.821433775,              1051P   2140
1.710951932,0.,0.811489806,1.715150596,0.,0.801378161,              1051P   2141
1.719420058,0.,0.791056943,1.720964154,0.,0.780528695,              1051P   2142
1.722539223,0.,0.770202599,1.721214628,0.,0.759656691,              1051P   2143
1.719861835,0.,0.749717877,1.715534195,0.,0.739579007,              1051P   2144
1.711119444,0.,0.730431762,1.703764794,0.,0.721130973,              1051P   2145
1.69628669,0.,0.713179397,1.686030308,0.,0.705131861,               1051P   2146
1.675650152,0.,0.698759589,1.662805639,0.,0.692341551,              1051P   2147
1.649868878,0.,0.687882506,1.634961995,0.,0.683408696,              1051P   2148
1.620005753,0.,0.681112296,1.603763533,0.,0.678813484,              1051P   2149
1.587504247,0.,0.678813484,1.570796327,0.,0.,1.,0.,0.,1.;           1051P   2150
124,-7.37085821171971E-015,-1.,7.40655039324679E-015,               1053P   2151
16.5227116418579,-0.707106781186556,-2.52381835930089E-017,         1053P   2152
-0.707106781186539,28.2060330874059,0.707106781186539,              1053P   2153
-1.04492058329363E-014,-0.707106781186556,28.2060330874068;         1053P   2154
100,16.522711642,0.,16.522711642,2.5,16.522711642,-2.5,             1055P   2155
16.522711642;                                                       1055P   2156
126,32,2,1,0,1,0,0.,0.,0.,0.0625,0.0625,0.125,0.125,0.1875,         1057P   2157
0.1875,0.25,0.25,0.3125,0.3125,0.375,0.375,0.4375,0.4375,0.5,       1057P   2158
0.5,0.5625,0.5625,0.625,0.625,0.6875,0.6875,0.75,0.75,0.8125,       1057P   2159
0.8125,0.875,0.875,0.9375,0.9375,1.,1.,1.,1.,1.,1.,1.,1.,1.,1.,     1057P   2160
1.,1.,1.,1.,1.,1.,1.,1.,1.,1.,1.,1.,1.,1.,1.,1.,1.,1.,1.,1.,1.,     1057P   2161
1.,1.,1.,1.,1.,0.678813484,1.570796327,0.,0.678813484,              1057P   2162
1.554088407,0.,0.681112296,1.537829121,0.,0.683408696,              1057P   2163
1.5215869,0.,0.687882506,1.506630659,0.,0.692341551,                1057P   2164
1.491723776,0.,0.698759589,1.478787015,0.,0.705131861,              1057P   2165
1.465942501,0.,0.713179397,1.455562345,0.,0.721130973,              1057P   2166
1.445305964,0.,0.730431762,1.43782786,0.,0.739579007,               1057P   2167
1.430473209,0.,0.749717877,1.426058459,0.,0.759656691,              1057P   2168
1.421730818,0.,0.770202599,1.420378026,0.,0.780528695,              1057P   2169
1.419053431,0.,0.791056943,1.4206285,0.,0.801378161,                1057P   2170
1.422172596,0.,0.811489806,1.426442058,0.,0.821433775,              1057P   2171
1.430640721,0.,0.830770352,1.437303965,0.,0.839991117,              1057P   2172
1.443884558,0.,0.848243388,1.452601222,0.,0.856428976,              1057P   2173
1.46124745,0.,0.863340012,1.471657172,0.,0.870220558,               1057P   2174
1.482020968,0.,0.875585247,1.493754658,0.,0.88094003,               1057P   2175
1.505466679,0.,0.884603783,1.518150974,0.,0.888265896,              1057P   2176
1.53082959,0.,0.890124334,1.54408751,0.,0.891982823,                1057P   2177
1.557345785,0.,0.891982823,1.570796327,0.,0.,1.,0.,0.,1.;           1057P   2178
124,2.10151590371569E-014,1.,7.40655039324679E-015,                 1059P   2179
-16.5227116418585,0.707106781186556,-9.62273945462297E-015,         1059P   2180
-0.707106781186539,28.2060330874063,-0.707106781186539,             1059P   2181
2.0097183471152E-014,-0.707106781186556,28.2060330874061;           1059P   2182
100,16.522711642,0.,16.522711642,2.5,16.522711642,-2.5,             1061P   2183
16.522711642;                                                       1061P   2184
102,2,1051,1057;                                                    1063P   2185
102,2,1055,1061;                                                    1065P   2186
142,1,1031,1063,1065,1;                                             1067P   2187
126,32,2,1,0,1,0,0.,0.,0.,0.0625,0.0625,0.125,0.125,0.1875,         1069P   2188
0.1875,0.25,0.25,0.3125,0.3125,0.375,0.375,0.4375,0.4375,0.5,       1069P   2189
0.5,0.5625,0.5625,0.625,0.625,0.6875,0.6875,0.75,0.75,0.8125,       1069P   2190
0.8125,0.875,0.875,0.9375,0.9375,1.,1.,1.,1.,1.,1.,1.,1.,1.,1.,     1069P   2191
1.,1.,1.,1.,1.,1.,1.,1.,1.,1.,1.,1.,1.,1.,1.,1.,1.,1.,1.,1.,1.,     1069P   2192
1.,1.,1.,1.,1.,0.891982823,0.785398163,0.,0.891982823,              1069P   2193
0.798848705,0.,0.890124334,0.81210698,0.,0.888265896,0.8253649,     1069P   2194
0.,0.884603783,0.838043516,0.,0.88094003,0.850727811,0.,            1069P   2195
0.875585247,0.862439832,0.,0.870220558,0.874173522,0.,              1069P   2196
0.863340012,0.884537318,0.,0.856428976,0.89494704,0.,               1069P   2197
0.848243388,0.903593268,0.,0.839991117,0.912309932,0.,              1069P   2198
0.830770352,0.918890525,0.,0.821433775,0.925553769,0.,              1069P   2199
0.811489806,0.929752433,0.,0.801378161,0.934021895,0.,              1069P   2200
0.791056943,0.935565991,0.,0.780528695,0.937141059,0.,              1069P   2201
0.770202599,0.935816464,0.,0.759656691,0.934463672,0.,              1069P   2202
0.749717877,0.930136031,0.,0.739579007,0.925721281,0.,              1069P   2203
0.730431762,0.918366631,0.,0.721130973,0.910888527,0.,              1069P   2204
0.713179397,0.900632145,0.,0.705131861,0.890251989,0.,              1069P   2205
0.698759589,0.877407476,0.,0.692341551,0.864470714,0.,              1069P   2206
0.687882506,0.849563831,0.,0.683408696,0.83460759,0.,               1069P   2207
0.681112296,0.818365369,0.,0.678813484,0.802106083,0.,              1069P   2208
0.678813484,0.785398163,0.,0.,1.,0.,0.,1.;                          1069P   2209
124,0.499999999999994,-0.707106781186554,-0.499999999999996,        1071P   2210
23.366642891096,-0.707106781186554,-7.105427357601E-015,            1071P   2211
-0.707106781186541,33.0454232837167,0.499999999999997,              1071P   2212
0.707106781186541,-0.500000000000013,6.48786580015326E-013;         1071P   2213
100,11.683321446,11.683321446,16.522711642,14.183321446,            1073P   2214
16.522711642,9.183321446,16.522711642;                              1073P   2215
126,32,2,1,0,1,0,0.,0.,0.,0.0625,0.0625,0.125,0.125,0.1875,         1075P   2216
0.1875,0.25,0.25,0.3125,0.3125,0.375,0.375,0.4375,0.4375,0.5,       1075P   2217
0.5,0.5625,0.5625,0.625,0.625,0.6875,0.6875,0.75,0.75,0.8125,       1075P   2218
0.8125,0.875,0.875,0.9375,0.9375,1.,1.,1.,1.,1.,1.,1.,1.,1.,1.,     1075P   2219
1.,1.,1.,1.,1.,1.,1.,1.,1.,1.,1.,1.,1.,1.,1.,1.,1.,1.,1.,1.,1.,     1075P   2220
1.,1.,1.,1.,1.,0.678813484,0.785398163,0.,0.678813484,              1075P   2221
0.768690244,0.,0.681112296,0.752430958,0.,0.683408696,              1075P   2222
0.736188737,0.,0.687882506,0.721232495,0.,0.692341551,              1075P   2223
0.706325613,0.,0.698759589,0.693388851,0.,0.705131861,              1075P   2224
0.680544338,0.,0.713179397,0.670164182,0.,0.721130973,              1075P   2225
0.6599078,0.,0.730431762,0.652429696,0.,0.739579007,                1075P   2226
0.645075046,0.,0.749717877,0.640660295,0.,0.759656691,              1075P   2227
0.636332655,0.,0.770202599,0.634979863,0.,0.780528695,              1075P   2228
0.633655267,0.,0.791056943,0.635230336,0.,0.801378161,              1075P   2229
0.636774432,0.,0.811489806,0.641043894,0.,0.821433775,              1075P   2230
0.645242558,0.,0.830770352,0.651905802,0.,0.839991117,              1075P   2231
0.658486395,0.,0.848243388,0.667203059,0.,0.856428976,              1075P   2232
0.675849287,0.,0.863340012,0.686259008,0.,0.870220558,              1075P   2233
0.696622805,0.,0.875585247,0.708356495,0.,0.88094003,               1075P   2234
0.720068516,0.,0.884603783,0.732752811,0.,0.888265896,              1075P   2235
0.745431427,0.,0.890124334,0.758689346,0.,0.891982823,              1075P   2236
0.771947622,0.,0.891982823,0.785398163,0.,0.,1.,0.,0.,1.;           1075P   2237
124,-0.499999999999984,0.707106781186561,-0.499999999999996,        1077P   2238
11.6833214455476,0.707106781186554,-2.85656877235171E-015,          1077P   2239
-0.707106781186541,16.5227116418582,-0.500000000000006,             1077P   2240
-0.707106781186534,-0.500000000000013,35.049964336644;              1077P   2241
100,11.683321446,11.683321446,16.522711642,14.183321446,            1079P   2242
16.522711642,9.183321446,16.522711642;                              1079P   2243
102,2,1069,1075;                                                    1081P   2244
102,2,1073,1079;                                                    1083P   2245
142,1,1031,1081,1083,1;                                             1085P   2246
126,1,1,1,0,1,0,0.,0.,1.,1.,1.,1.,0.678813484,0.,0.,1E-008,0.,      1087P   2247
0.,0.,1.,0.,0.,1.;                                                  1087P   2248
100,0.,0.,0.,14.754944689,18.290478595,0.,23.5;                     1089P   2249
126,1,1,1,0,1,0,0.,0.,1.,1.,1.,1.,1E-008,3.141592654,0.,            1091P   2250
0.678813484,3.141592654,0.,0.,1.,0.,0.,1.;                          1091P   2251
100,0.,0.,0.,0.,23.5,-14.754944689,18.290478595;                    1093P   2252
126,32,2,1,0,1,0,0.,0.,0.,0.0625,0.0625,0.125,0.125,0.1875,         1095P   2253
0.1875,0.25,0.25,0.3125,0.3125,0.375,0.375,0.4375,0.4375,0.5,       1095P   2254
0.5,0.5625,0.5625,0.625,0.625,0.6875,0.6875,0.75,0.75,0.8125,       1095P   2255
0.8125,0.875,0.875,0.9375,0.9375,1.,1.,1.,1.,1.,1.,1.,1.,1.,1.,     1095P   2256
1.,1.,1.,1.,1.,1.,1.,1.,1.,1.,1.,1.,1.,1.,1.,1.,1.,1.,1.,1.,1.,     1095P   2257
1.,1.,1.,1.,1.,0.678813484,3.141592654,0.,0.678813484,              1095P   2258
3.124884734,0.,0.681112296,3.108625448,0.,0.683408696,              1095P   2259
3.092383227,0.,0.687882506,3.077426986,0.,0.692341551,              1095P   2260
3.062520103,0.,0.698759589,3.049583341,0.,0.705131861,              1095P   2261
3.036738828,0.,0.713179397,3.026358672,0.,0.721130973,              1095P   2262
3.01610229,0.,0.730431762,3.008624186,0.,0.739579007,               1095P   2263
3.001269536,0.,0.749717877,2.996854786,0.,0.759656691,              1095P   2264
2.992527145,0.,0.770202599,2.991174353,0.,0.780528695,              1095P   2265
2.989849758,0.,0.791056943,2.991424826,0.,0.801378161,              1095P   2266
2.992968922,0.,0.811489806,2.997238384,0.,0.821433775,              1095P   2267
3.001437048,0.,0.830770352,3.008100292,0.,0.839991117,              1095P   2268
3.014680885,0.,0.848243388,3.023397549,0.,0.856428976,              1095P   2269
3.032043777,0.,0.863340012,3.042453499,0.,0.870220558,              1095P   2270
3.052817295,0.,0.875585247,3.064550985,0.,0.88094003,               1095P   2271
3.076263006,0.,0.884603783,3.088947301,0.,0.888265896,              1095P   2272
3.101625917,0.,0.890124334,3.114883837,0.,0.891982823,              1095P   2273
3.128142112,0.,0.891982823,3.141592654,0.,0.,1.,0.,0.,1.;           1095P   2274
124,0.707106781186544,-2.77555756156289E-016,0.707106781186552,     1097P   2275
-4.83939019631048,0.707106781186551,-1.66533453693773E-016,         1097P   2276
-0.707106781186544,28.2060330874063,2.77555756156289E-016,1.,       1097P   2277
6.12323399573677E-017,-16.5227116418582;                            1097P   2278
100,0.,-16.522711642,16.522711642,-14.022711642,16.522711642,       1099P   2279
-19.022711642,16.522711642;                                         1099P   2280
126,1,1,1,0,1,0,0.,0.,1.,1.,1.,1.,0.891982823,3.141592654,0.,       1101P   2281
1.528230272,3.141592654,0.,0.,1.,0.,0.,1.;                          1101P   2282
100,0.,0.,0.,-18.290478595,14.754944689,-23.478713764,1.;           1103P   2283
126,1,1,1,0,1,0,0.,0.,1.,1.,1.,1.,1.528230272,3.141592654,0.,       1105P   2284
1.528230272,0.,0.,0.,1.,0.,0.,1.;                                   1105P   2285
124,-1.,1.40883900352873E-014,0.,-1.40883900352873E-014,            1107P   2286
-8.62665088092701E-031,-6.12323399573677E-017,1.,1.,                1107P   2287
1.40883900352873E-014,1.,6.12323399573677E-017,-1.;                 1107P   2288
100,0.,0.,1.,23.478713764,1.,-23.478713764,1.;                      1109P   2289
126,1,1,1,0,1,0,0.,0.,1.,1.,1.,1.,1.528230272,0.,0.,                1111P   2290
0.891982823,0.,0.,0.,1.,0.,0.,1.;                                   1111P   2291
100,0.,0.,0.,23.478713764,1.,18.290478595,14.754944689;             1113P   2292
126,32,2,1,0,1,0,0.,0.,0.,0.0625,0.0625,0.125,0.125,0.1875,         1115P   2293
0.1875,0.25,0.25,0.3125,0.3125,0.375,0.375,0.4375,0.4375,0.5,       1115P   2294
0.5,0.5625,0.5625,0.625,0.625,0.6875,0.6875,0.75,0.75,0.8125,       1115P   2295
0.8125,0.875,0.875,0.9375,0.9375,1.,1.,1.,1.,1.,1.,1.,1.,1.,1.,     1115P   2296
1.,1.,1.,1.,1.,1.,1.,1.,1.,1.,1.,1.,1.,1.,1.,1.,1.,1.,1.,1.,1.,     1115P   2297
1.,1.,1.,1.,1.,0.891982823,0.,0.,0.891982823,0.013450542,0.,        1115P   2298
0.890124334,0.026708817,0.,0.888265896,0.039966737,0.,              1115P   2299
0.884603783,0.052645353,0.,0.88094003,0.065329648,0.,               1115P   2300
0.875585247,0.077041668,0.,0.870220558,0.088775359,0.,              1115P   2301
0.863340012,0.099139155,0.,0.856428976,0.109548877,0.,              1115P   2302
0.848243388,0.118195105,0.,0.839991117,0.126911769,0.,              1115P   2303
0.830770352,0.133492362,0.,0.821433775,0.140155605,0.,              1115P   2304
0.811489806,0.144354269,0.,0.801378161,0.148623731,0.,              1115P   2305
0.791056943,0.150167827,0.,0.780528695,0.151742896,0.,              1115P   2306
0.770202599,0.150418301,0.,0.759656691,0.149065509,0.,              1115P   2307
0.749717877,0.144737868,0.,0.739579007,0.140323118,0.,              1115P   2308
0.730431762,0.132968467,0.,0.721130973,0.125490363,0.,              1115P   2309
0.713179397,0.115233981,0.,0.705131861,0.104853826,0.,              1115P   2310
0.698759589,0.092009312,0.,0.692341551,0.079072551,0.,              1115P   2311
0.687882506,0.064165668,0.,0.683408696,0.049209427,0.,              1115P   2312
0.681112296,0.032967206,0.,0.678813484,0.01670792,0.,               1115P   2313
0.678813484,0.,0.,0.,1.,0.,0.,1.;                                   1115P   2314
124,0.707106781186544,-9.38138455808257E-015,                       1117P   2315
-0.707106781186552,4.83939019631064,-0.707106781186551,             1117P   2316
9.49240686054509E-015,-0.707106781186544,28.2060330874061,          1117P   2317
1.33226762955019E-014,1.,6.12323399573677E-017,                     1117P   2318
-16.5227116418584;                                                  1117P   2319
100,0.,16.522711642,16.522711642,19.022711642,16.522711642,         1119P   2320
14.022711642,16.522711642;                                          1119P   2321
102,7,1087,1091,1095,1101,1105,1111,1115;                           1121P   2322
102,7,1089,1093,1099,1103,1109,1113,1119;                           1123P   2323
142,1,1031,1121,1123,1;                                             1125P   2324
144,1031,1,3,1049,1067,1085,1125;                                   1127P   2325
110,0.,0.,0.,0.,-20.5,0.;                                           1129P   2326
100,0.,0.,0.,0.,20.5,0.,-20.5;                                      1131P   2327
120,1129,1131,0.,6.28318530717959;                                  1133P   2328
126,32,2,1,0,1,0,0.,0.,0.,0.0625,0.0625,0.125,0.125,0.1875,         1135P   2329
0.1875,0.25,0.25,0.3125,0.3125,0.375,0.375,0.4375,0.4375,0.5,       1135P   2330
0.5,0.5625,0.5625,0.625,0.625,0.6875,0.6875,0.75,0.75,0.8125,       1135P   2331
0.8125,0.875,0.875,0.9375,0.9375,1.,1.,1.,1.,1.,1.,1.,1.,1.,1.,     1135P   2332
1.,1.,1.,1.,1.,1.,1.,1.,1.,1.,1.,1.,1.,1.,1.,1.,1.,1.,1.,1.,1.,     1135P   2333
1.,1.,1.,1.,1.,0.907653692,5.497787144,0.,0.907653692,              1135P   2334
5.513013812,0.,0.905549418,5.528031433,0.,0.903445317,              1135P   2335
5.543047808,0.,0.899296943,5.557433343,0.,0.895147031,              1135P   2336
5.571824215,0.,0.889076635,5.585152999,0.,0.882995109,              1135P   2337
5.598506221,0.,0.875186889,5.610355928,0.,0.867342642,              1135P   2338
5.62226031,0.,0.858041062,5.632217161,0.,0.848658345,               1135P   2339
5.642260866,0.,0.838163484,5.649928146,0.,0.827524402,              1135P   2340
5.65770079,0.,0.81618456,5.662709179,0.,0.804631475,                1135P   2341
5.667811749,0.,0.792834478,5.669831357,0.,0.780768827,              1135P   2342
5.671896957,0.,0.768934285,5.670653079,0.,0.756808748,              1135P   2343
5.669378616,0.,0.745382134,5.664676196,0.,0.733685244,              1135P   2344
5.659862548,0.,0.723131415,5.651624691,0.,0.712365741,              1135P   2345
5.643221476,0.,0.703156945,5.631542652,0.,0.693812832,              1135P   2346
5.619692215,0.,0.686406003,5.604897183,0.,0.678933173,              1135P   2347
5.589970313,0.,0.673733939,5.572657655,0.,0.668512912,              1135P   2348
5.555272426,0.,0.665829587,5.536312215,0.,0.663142614,              1135P   2349
5.517326222,0.,0.663142614,5.497787144,0.,0.,1.,0.,0.,1.;           1135P   2350
124,-0.499999999999994,-0.707106781186547,0.500000000000007,        1137P   2351
-10.1734949746882,-0.707106781186554,-3.91579167786175E-015,        1137P   2352
-0.707106781186541,14.3874945699378,0.499999999999997,              1137P   2353
-0.707106781186548,-0.500000000000002,30.5204849240636;             1137P   2354
100,10.173494975,-10.173494975,14.38749457,-7.673494975,            1139P   2355
14.38749457,-12.673494975,14.38749457;                              1139P   2356
126,32,2,1,0,1,0,0.,0.,0.,0.0625,0.0625,0.125,0.125,0.1875,         1141P   2357
0.1875,0.25,0.25,0.3125,0.3125,0.375,0.375,0.4375,0.4375,0.5,       1141P   2358
0.5,0.5625,0.5625,0.625,0.625,0.6875,0.6875,0.75,0.75,0.8125,       1141P   2359
0.8125,0.875,0.875,0.9375,0.9375,1.,1.,1.,1.,1.,1.,1.,1.,1.,1.,     1141P   2360
1.,1.,1.,1.,1.,1.,1.,1.,1.,1.,1.,1.,1.,1.,1.,1.,1.,1.,1.,1.,1.,     1141P   2361
1.,1.,1.,1.,1.,0.663142614,5.497787144,0.,0.663142614,              1141P   2362
5.478248065,0.,0.665829587,5.459262073,0.,0.668512912,              1141P   2363
5.440301862,0.,0.673733939,5.422916633,0.,0.678933173,              1141P   2364
5.405603974,0.,0.686406003,5.390677105,0.,0.693812832,              1141P   2365
5.375882072,0.,0.703156945,5.364031636,0.,0.712365741,              1141P   2366
5.352352812,0.,0.723131415,5.343949597,0.,0.733685244,              1141P   2367
5.33571174,0.,0.745382134,5.330898092,0.,0.756808748,               1141P   2368
5.326195671,0.,0.768934285,5.324921208,0.,0.780768827,              1141P   2369
5.323677331,0.,0.792834478,5.325742931,0.,0.804631475,              1141P   2370
5.327762538,0.,0.81618456,5.332865109,0.,0.827524402,               1141P   2371
5.337873498,0.,0.838163484,5.345646141,0.,0.848658345,              1141P   2372
5.353313421,0.,0.858041062,5.363357126,0.,0.867342642,              1141P   2373
5.373313978,0.,0.875186889,5.38521836,0.,0.882995109,               1141P   2374
5.397068066,0.,0.889076635,5.410421289,0.,0.895147031,              1141P   2375
5.423750073,0.,0.899296943,5.438140945,0.,0.903445317,              1141P   2376
5.45252648,0.,0.905549418,5.467542855,0.,0.907653692,               1141P   2377
5.482560475,0.,0.907653692,5.497787144,0.,0.,1.,0.,0.,1.;           1141P   2378
124,0.499999999999984,0.707106781186554,0.500000000000007,          1143P   2379
-20.3469899493761,0.707106781186554,1.38777878078145E-014,          1143P   2380
-0.707106781186541,28.7749891398761,-0.500000000000007,             1143P   2381
0.707106781186541,-0.500000000000002,-8.50014503228635E-014;        1143P   2382
100,10.173494975,-10.173494975,14.38749457,-7.673494975,            1145P   2383
14.38749457,-12.673494975,14.38749457;                              1145P   2384
102,2,1135,1141;                                                    1147P   2385
102,2,1139,1145;                                                    1149P   2386
142,1,1133,1147,1149,1;                                             1151P   2387
126,32,2,1,0,1,0,0.,0.,0.,0.0625,0.0625,0.125,0.125,0.1875,         1153P   2388
0.1875,0.25,0.25,0.3125,0.3125,0.375,0.375,0.4375,0.4375,0.5,       1153P   2389
0.5,0.5625,0.5625,0.625,0.625,0.6875,0.6875,0.75,0.75,0.8125,       1153P   2390
0.8125,0.875,0.875,0.9375,0.9375,1.,1.,1.,1.,1.,1.,1.,1.,1.,1.,     1153P   2391
1.,1.,1.,1.,1.,1.,1.,1.,1.,1.,1.,1.,1.,1.,1.,1.,1.,1.,1.,1.,1.,     1153P   2392
1.,1.,1.,1.,1.,0.907653692,4.71238898,0.,0.907653692,               1153P   2393
4.727615649,0.,0.905549418,4.742633269,0.,0.903445317,              1153P   2394
4.757649644,0.,0.899296943,4.77203518,0.,0.895147031,               1153P   2395
4.786426051,0.,0.889076635,4.799754836,0.,0.882995109,              1153P   2396
4.813108058,0.,0.875186889,4.824957764,0.,0.867342642,              1153P   2397
4.836862146,0.,0.858041062,4.846818998,0.,0.848658345,              1153P   2398
4.856862703,0.,0.838163484,4.864529983,0.,0.827524402,              1153P   2399
4.872302627,0.,0.81618456,4.877311015,0.,0.804631475,               1153P   2400
4.882413586,0.,0.792834478,4.884433193,0.,0.780768827,              1153P   2401
4.886498793,0.,0.768934285,4.885254916,0.,0.756808748,              1153P   2402
4.883980453,0.,0.745382134,4.879278032,0.,0.733685244,              1153P   2403
4.874464384,0.,0.723131415,4.866226527,0.,0.712365741,              1153P   2404
4.857823313,0.,0.703156945,4.846144488,0.,0.693812832,              1153P   2405
4.834294052,0.,0.686406003,4.81949902,0.,0.678933173,               1153P   2406
4.80457215,0.,0.673733939,4.787259491,0.,0.668512912,               1153P   2407
4.769874263,0.,0.665829587,4.750914051,0.,0.663142614,              1153P   2408
4.731928059,0.,0.663142614,4.71238898,0.,0.,1.,0.,0.,1.;            1153P   2409
124,-7.37085821171971E-015,-1.,7.40655039324679E-015,               1155P   2410
14.3874945699378,-0.707106781186556,-2.52381835930089E-017,         1155P   2411
-0.707106781186539,24.5609895446258,0.707106781186539,              1155P   2412
-1.04492058329363E-014,-0.707106781186556,24.5609895446266;         1155P   2413
100,14.38749457,0.,14.38749457,2.5,14.38749457,-2.5,                1157P   2414
14.38749457;                                                        1157P   2415
126,32,2,1,0,1,0,0.,0.,0.,0.0625,0.0625,0.125,0.125,0.1875,         1159P   2416
0.1875,0.25,0.25,0.3125,0.3125,0.375,0.375,0.4375,0.4375,0.5,       1159P   2417
0.5,0.5625,0.5625,0.625,0.625,0.6875,0.6875,0.75,0.75,0.8125,       1159P   2418
0.8125,0.875,0.875,0.9375,0.9375,1.,1.,1.,1.,1.,1.,1.,1.,1.,1.,     1159P   2419
1.,1.,1.,1.,1.,1.,1.,1.,1.,1.,1.,1.,1.,1.,1.,1.,1.,1.,1.,1.,1.,     1159P   2420
1.,1.,1.,1.,1.,0.663142614,4.71238898,0.,0.663142614,               1159P   2421
4.692849902,0.,0.665829587,4.673863909,0.,0.668512912,              1159P   2422
4.654903698,0.,0.673733939,4.63751847,0.,0.678933173,               1159P   2423
4.620205811,0.,0.686406003,4.605278941,0.,0.693812832,              1159P   2424
4.590483909,0.,0.703156945,4.578633472,0.,0.712365741,              1159P   2425
4.566954648,0.,0.723131415,4.558551433,0.,0.733685244,              1159P   2426
4.550313576,0.,0.745382134,4.545499928,0.,0.756808748,              1159P   2427
4.540797508,0.,0.768934285,4.539523045,0.,0.780768827,              1159P   2428
4.538279167,0.,0.792834478,4.540344767,0.,0.804631475,              1159P   2429
4.542364375,0.,0.81618456,4.547466945,0.,0.827524402,               1159P   2430
4.552475334,0.,0.838163484,4.560247978,0.,0.848658345,              1159P   2431
4.567915258,0.,0.858041062,4.577958963,0.,0.867342642,              1159P   2432
4.587915815,0.,0.875186889,4.599820196,0.,0.882995109,              1159P   2433
4.611669903,0.,0.889076635,4.625023125,0.,0.895147031,              1159P   2434
4.63835191,0.,0.899296943,4.652742781,0.,0.903445317,               1159P   2435
4.667128316,0.,0.905549418,4.682144691,0.,0.907653692,              1159P   2436
4.697162312,0.,0.907653692,4.71238898,0.,0.,1.,0.,0.,1.;            1159P   2437
124,2.10151590371569E-014,1.,7.40655039324679E-015,                 1161P   2438
-14.3874945699383,0.707106781186556,-9.62273945462297E-015,         1161P   2439
-0.707106781186539,24.5609895446262,-0.707106781186539,             1161P   2440
2.0097183471152E-014,-0.707106781186556,24.5609895446259;           1161P   2441
100,14.38749457,0.,14.38749457,2.5,14.38749457,-2.5,                1163P   2442
14.38749457;                                                        1163P   2443
102,2,1153,1159;                                                    1165P   2444
102,2,1157,1163;                                                    1167P   2445
142,1,1133,1165,1167,1;                                             1169P   2446
126,32,2,1,0,1,0,0.,0.,0.,0.0625,0.0625,0.125,0.125,0.1875,         1171P   2447
0.1875,0.25,0.25,0.3125,0.3125,0.375,0.375,0.4375,0.4375,0.5,       1171P   2448
0.5,0.5625,0.5625,0.625,0.625,0.6875,0.6875,0.75,0.75,0.8125,       1171P   2449
0.8125,0.875,0.875,0.9375,0.9375,1.,1.,1.,1.,1.,1.,1.,1.,1.,1.,     1171P   2450
1.,1.,1.,1.,1.,1.,1.,1.,1.,1.,1.,1.,1.,1.,1.,1.,1.,1.,1.,1.,1.,     1171P   2451
1.,1.,1.,1.,1.,0.907653692,3.926990817,0.,0.907653692,              1171P   2452
3.942217485,0.,0.905549418,3.957235106,0.,0.903445317,              1171P   2453
3.972251481,0.,0.899296943,3.986637016,0.,0.895147031,              1171P   2454
4.001027888,0.,0.889076635,4.014356672,0.,0.882995109,              1171P   2455
4.027709895,0.,0.875186889,4.039559601,0.,0.867342642,              1171P   2456
4.051463983,0.,0.858041062,4.061420835,0.,0.848658345,              1171P   2457
4.07146454,0.,0.838163484,4.079131819,0.,0.827524402,               1171P   2458
4.086904463,0.,0.81618456,4.091912852,0.,0.804631475,               1171P   2459
4.097015422,0.,0.792834478,4.09903503,0.,0.780768827,               1171P   2460
4.10110063,0.,0.768934285,4.099856752,0.,0.756808748,               1171P   2461
4.098582289,0.,0.745382134,4.093879869,0.,0.733685244,              1171P   2462
4.089066221,0.,0.723131415,4.080828364,0.,0.712365741,              1171P   2463
4.072425149,0.,0.703156945,4.060746325,0.,0.693812832,              1171P   2464
4.048895888,0.,0.686406003,4.034100856,0.,0.678933173,              1171P   2465
4.019173987,0.,0.673733939,4.001861328,0.,0.668512912,              1171P   2466
3.984476099,0.,0.665829587,3.965515888,0.,0.663142614,              1171P   2467
3.946529896,0.,0.663142614,3.926990817,0.,0.,1.,0.,0.,1.;           1171P   2468
124,0.499999999999994,-0.707106781186554,-0.499999999999996,        1173P   2469
20.3469899493759,-0.707106781186554,-7.105427357601E-015,           1173P   2470
-0.707106781186541,28.7749891398764,0.499999999999997,              1173P   2471
0.707106781186541,-0.500000000000013,5.62050406216486E-013;         1173P   2472
100,10.173494975,10.173494975,14.38749457,12.673494975,             1175P   2473
14.38749457,7.673494975,14.38749457;                                1175P   2474
126,32,2,1,0,1,0,0.,0.,0.,0.0625,0.0625,0.125,0.125,0.1875,         1177P   2475
0.1875,0.25,0.25,0.3125,0.3125,0.375,0.375,0.4375,0.4375,0.5,       1177P   2476
0.5,0.5625,0.5625,0.625,0.625,0.6875,0.6875,0.75,0.75,0.8125,       1177P   2477
0.8125,0.875,0.875,0.9375,0.9375,1.,1.,1.,1.,1.,1.,1.,1.,1.,1.,     1177P   2478
1.,1.,1.,1.,1.,1.,1.,1.,1.,1.,1.,1.,1.,1.,1.,1.,1.,1.,1.,1.,1.,     1177P   2479
1.,1.,1.,1.,1.,0.663142614,3.926990817,0.,0.663142614,              1177P   2480
3.907451738,0.,0.665829587,3.888465746,0.,0.668512912,              1177P   2481
3.869505535,0.,0.673733939,3.852120306,0.,0.678933173,              1177P   2482
3.834807647,0.,0.686406003,3.819880778,0.,0.693812832,              1177P   2483
3.805085746,0.,0.703156945,3.793235309,0.,0.712365741,              1177P   2484
3.781556485,0.,0.723131415,3.77315327,0.,0.733685244,               1177P   2485
3.764915413,0.,0.745382134,3.760101765,0.,0.756808748,              1177P   2486
3.755399345,0.,0.768934285,3.754124882,0.,0.780768827,              1177P   2487
3.752881004,0.,0.792834478,3.754946604,0.,0.804631475,              1177P   2488
3.756966211,0.,0.81618456,3.762068782,0.,0.827524402,               1177P   2489
3.767077171,0.,0.838163484,3.774849815,0.,0.848658345,              1177P   2490
3.782517094,0.,0.858041062,3.792560799,0.,0.867342642,              1177P   2491
3.802517651,0.,0.875186889,3.814422033,0.,0.882995109,              1177P   2492
3.826271739,0.,0.889076635,3.839624962,0.,0.895147031,              1177P   2493
3.852953746,0.,0.899296943,3.867344618,0.,0.903445317,              1177P   2494
3.881730153,0.,0.905549418,3.896746528,0.,0.907653692,              1177P   2495
3.911764149,0.,0.907653692,3.926990817,0.,0.,1.,0.,0.,1.;           1177P   2496
124,-0.499999999999984,0.707106781186561,-0.499999999999996,        1179P   2497
10.1734949746876,0.707106781186554,-2.85656877235171E-015,          1179P   2498
-0.707106781186541,14.3874945699381,-0.500000000000006,             1179P   2499
-0.707106781186534,-0.500000000000013,30.5204849240639;             1179P   2500
100,10.173494975,10.173494975,14.38749457,12.673494975,             1181P   2501
14.38749457,7.673494975,14.38749457;                                1181P   2502
102,2,1171,1177;                                                    1183P   2503
102,2,1175,1181;                                                    1185P   2504
142,1,1133,1183,1185,1;                                             1187P   2505
126,32,2,1,0,1,0,0.,0.,0.,0.0625,0.0625,0.125,0.125,0.1875,         1189P   2506
0.1875,0.25,0.25,0.3125,0.3125,0.375,0.375,0.4375,0.4375,0.5,       1189P   2507
0.5,0.5625,0.5625,0.625,0.625,0.6875,0.6875,0.75,0.75,0.8125,       1189P   2508
0.8125,0.875,0.875,0.9375,0.9375,1.,1.,1.,1.,1.,1.,1.,1.,1.,1.,     1189P   2509
1.,1.,1.,1.,1.,1.,1.,1.,1.,1.,1.,1.,1.,1.,1.,1.,1.,1.,1.,1.,1.,     1189P   2510
1.,1.,1.,1.,1.,0.663142614,6.283185307,0.,0.663142614,              1189P   2511
6.263646228,0.,0.665829587,6.244660236,0.,0.668512912,              1189P   2512
6.225700025,0.,0.673733939,6.208314796,0.,0.678933173,              1189P   2513
6.191002138,0.,0.686406003,6.176075268,0.,0.693812832,              1189P   2514
6.161280236,0.,0.703156945,6.149429799,0.,0.712365741,              1189P   2515
6.137750975,0.,0.723131415,6.12934776,0.,0.733685244,               1189P   2516
6.121109903,0.,0.745382134,6.116296255,0.,0.756808748,              1189P   2517
6.111593835,0.,0.768934285,6.110319372,0.,0.780768827,              1189P   2518
6.109075494,0.,0.792834478,6.111141094,0.,0.804631475,              1189P   2519
6.113160702,0.,0.81618456,6.118263272,0.,0.827524402,               1189P   2520
6.123271661,0.,0.838163484,6.131044305,0.,0.848658345,              1189P   2521
6.138711585,0.,0.858041062,6.14875529,0.,0.867342642,               1189P   2522
6.158712141,0.,0.875186889,6.170616523,0.,0.882995109,              1189P   2523
6.18246623,0.,0.889076635,6.195819452,0.,0.895147031,               1189P   2524
6.209148236,0.,0.899296943,6.223539108,0.,0.903445317,              1189P   2525
6.237924643,0.,0.905549418,6.252941018,0.,0.907653692,              1189P   2526
6.267958639,0.,0.907653692,6.283185307,0.,0.,1.,0.,0.,1.;           1189P   2527
124,0.707106781186544,-2.77555756156289E-016,0.707106781186552,     1191P   2528
-4.21399959525034,0.707106781186551,-1.66533453693773E-016,         1191P   2529
-0.707106781186544,24.5609895446261,2.77555756156289E-016,1.,       1191P   2530
6.12323399573677E-017,-14.3874945699381;                            1191P   2531
100,0.,-14.38749457,14.38749457,-11.88749457,14.38749457,           1193P   2532
-16.88749457,14.38749457;                                           1193P   2533
126,1,1,1,0,1,0,0.,0.,1.,1.,1.,1.,0.907653692,6.283185307,0.,       1195P   2534
1.521996462,6.283185307,0.,0.,1.,0.,0.,1.;                          1195P   2535
100,0.,0.,0.,-16.155261523,12.619727617,-20.475595229,1.;           1197P   2536
126,1,1,1,0,1,0,0.,0.,1.,1.,1.,1.,1.521996462,6.283185307,0.,       1199P   2537
1.521996462,3.141592654,0.,0.,1.,0.,0.,1.;                          1199P   2538
124,-1.,6.98296267768627E-015,0.,-6.98296267768627E-015,            1201P   2539
-4.27583144589696E-031,-6.12323399573677E-017,1.,1.,                1201P   2540
6.98296267768627E-015,1.,6.12323399573677E-017,-1.;                 1201P   2541
100,0.,0.,1.,20.475595229,1.,-20.475595229,1.;                      1203P   2542
126,1,1,1,0,1,0,0.,0.,1.,1.,1.,1.,1.521996462,3.141592654,0.,       1205P   2543
0.907653692,3.141592654,0.,0.,1.,0.,0.,1.;                          1205P   2544
100,0.,0.,0.,20.475595229,1.,16.155261523,12.619727617;             1207P   2545
126,32,2,1,0,1,0,0.,0.,0.,0.0625,0.0625,0.125,0.125,0.1875,         1209P   2546
0.1875,0.25,0.25,0.3125,0.3125,0.375,0.375,0.4375,0.4375,0.5,       1209P   2547
0.5,0.5625,0.5625,0.625,0.625,0.6875,0.6875,0.75,0.75,0.8125,       1209P   2548
0.8125,0.875,0.875,0.9375,0.9375,1.,1.,1.,1.,1.,1.,1.,1.,1.,1.,     1209P   2549
1.,1.,1.,1.,1.,1.,1.,1.,1.,1.,1.,1.,1.,1.,1.,1.,1.,1.,1.,1.,1.,     1209P   2550
1.,1.,1.,1.,1.,0.907653692,3.141592654,0.,0.907653692,              1209P   2551
3.156819322,0.,0.905549418,3.171836943,0.,0.903445317,              1209P   2552
3.186853318,0.,0.899296943,3.201238853,0.,0.895147031,              1209P   2553
3.215629724,0.,0.889076635,3.228958509,0.,0.882995109,              1209P   2554
3.242311731,0.,0.875186889,3.254161438,0.,0.867342642,              1209P   2555
3.266065819,0.,0.858041062,3.276022671,0.,0.848658345,              1209P   2556
3.286066376,0.,0.838163484,3.293733656,0.,0.827524402,              1209P   2557
3.3015063,0.,0.81618456,3.306514689,0.,0.804631475,3.311617259,     1209P   2558
0.,0.792834478,3.313636867,0.,0.780768827,3.315702467,0.,           1209P   2559
0.768934285,3.314458589,0.,0.756808748,3.313184126,0.,              1209P   2560
0.745382134,3.308481706,0.,0.733685244,3.303668058,0.,              1209P   2561
0.723131415,3.295430201,0.,0.712365741,3.287026986,0.,              1209P   2562
0.703156945,3.275348161,0.,0.693812832,3.263497725,0.,              1209P   2563
0.686406003,3.248702693,0.,0.678933173,3.233775823,0.,              1209P   2564
0.673733939,3.216463164,0.,0.668512912,3.199077936,0.,              1209P   2565
0.665829587,3.180117725,0.,0.663142614,3.161131732,0.,              1209P   2566
0.663142614,3.141592654,0.,0.,1.,0.,0.,1.;                          1209P   2567
124,0.707106781186544,-9.38138455808257E-015,                       1211P   2568
-0.707106781186552,4.21399959525048,-0.707106781186551,             1211P   2569
9.49240686054509E-015,-0.707106781186544,24.560989544626,           1211P   2570
1.33226762955019E-014,1.,6.12323399573677E-017,                     1211P   2571
-14.3874945699383;                                                  1211P   2572
100,0.,14.38749457,14.38749457,16.88749457,14.38749457,             1213P   2573
11.88749457,14.38749457;                                            1213P   2574
126,1,1,1,0,1,0,0.,0.,1.,1.,1.,1.,0.663142614,3.141592654,0.,       1215P   2575
1E-008,3.141592654,0.,0.,1.,0.,0.,1.;                               1215P   2576
100,0.,0.,0.,12.619727617,16.155261523,0.,20.5;                     1217P   2577
126,1,1,1,0,1,0,0.,0.,1.,1.,1.,1.,1E-008,3.141592654,0.,1E-008,     1219P   2578
6.283185307,0.,0.,1.,0.,0.,1.;                                      1219P   2579
126,1,1,1,0,1,0,0.,0.,1.,1.,1.,1.,1E-008,6.283185307,0.,            1221P   2580
0.663142614,6.283185307,0.,0.,1.,0.,0.,1.;                          1221P   2581
100,0.,0.,0.,0.,20.5,-12.619727617,16.155261523;                    1223P   2582
102,8,1189,1195,1199,1205,1209,1215,1219,1221;                      1225P   2583
102,7,1193,1197,1203,1207,1213,1217,1223;                           1227P   2584
142,1,1133,1225,1227,1;                                             1229P   2585
144,1133,1,3,1151,1169,1187,1229;                                   1231P   2586
110,0.,0.,0.,0.,-20.5,0.;                                           1233P   2587
100,0.,0.,0.,0.,20.5,0.,-20.5;                                      1235P   2588
120,1233,1235,0.,6.28318530717959;                                  1237P   2589
126,32,2,1,0,1,0,0.,0.,0.,0.0625,0.0625,0.125,0.125,0.1875,         1239P   2590
0.1875,0.25,0.25,0.3125,0.3125,0.375,0.375,0.4375,0.4375,0.5,       1239P   2591
0.5,0.5625,0.5625,0.625,0.625,0.6875,0.6875,0.75,0.75,0.8125,       1239P   2592
0.8125,0.875,0.875,0.9375,0.9375,1.,1.,1.,1.,1.,1.,1.,1.,1.,1.,     1239P   2593
1.,1.,1.,1.,1.,1.,1.,1.,1.,1.,1.,1.,1.,1.,1.,1.,1.,1.,1.,1.,1.,     1239P   2594
1.,1.,1.,1.,1.,0.663142614,3.141592654,0.,0.663142614,              1239P   2595
3.122053575,0.,0.665829587,3.103067583,0.,0.668512912,              1239P   2596
3.084107371,0.,0.673733939,3.066722143,0.,0.678933173,              1239P   2597
3.049409484,0.,0.686406003,3.034482614,0.,0.693812832,              1239P   2598
3.019687582,0.,0.703156945,3.007837146,0.,0.712365741,              1239P   2599
2.996158321,0.,0.723131415,2.987755107,0.,0.733685244,              1239P   2600
2.97951725,0.,0.745382134,2.974703602,0.,0.756808748,               1239P   2601
2.970001181,0.,0.768934285,2.968726718,0.,0.780768827,              1239P   2602
2.967482841,0.,0.792834478,2.969548441,0.,0.804631475,              1239P   2603
2.971568048,0.,0.81618456,2.976670618,0.,0.827524402,               1239P   2604
2.981679007,0.,0.838163484,2.989451651,0.,0.848658345,              1239P   2605
2.997118931,0.,0.858041062,3.007162636,0.,0.867342642,              1239P   2606
3.017119488,0.,0.875186889,3.02902387,0.,0.882995109,               1239P   2607
3.040873576,0.,0.889076635,3.054226798,0.,0.895147031,              1239P   2608
3.067555583,0.,0.899296943,3.081946454,0.,0.903445317,              1239P   2609
3.09633199,0.,0.905549418,3.111348365,0.,0.907653692,               1239P   2610
3.126365985,0.,0.907653692,3.141592654,0.,0.,1.,0.,0.,1.;           1239P   2611
124,-0.707106781186544,5.55111512312578E-017,                       1241P   2612
-0.707106781186552,24.5609895446262,0.707106781186551,              1241P   2613
-1.66533453693773E-016,-0.707106781186544,4.21399959525007,         1241P   2614
-2.22044604925031E-016,-1.,6.12323399573677E-017,                   1241P   2615
14.3874945699381;                                                   1241P   2616
100,0.,14.38749457,14.38749457,16.88749457,14.38749457,             1243P   2617
11.88749457,14.38749457;                                            1243P   2618
126,1,1,1,0,1,0,0.,0.,1.,1.,1.,1.,0.907653692,3.141592654,0.,       1245P   2619
1.521996462,3.141592654,0.,0.,1.,0.,0.,1.;                          1245P   2620
124,0.788061537702663,0.615596469120572,9.62857841381628E-017,      1247P   2621
0.,0.615596469120572,-0.788061537702663,-6.98658317403747E-015,     1247P   2622
0.,-4.22503681004784E-015,5.56513066816148E-015,-1.,0.;             1247P   2623
100,0.,0.,0.,20.5,0.,16.751625531,11.816642589;                     1249P   2624
126,1,1,1,0,1,0,0.,0.,1.,1.,1.,1.,1.521996462,3.141592654,0.,       1251P   2625
1.521996462,0.,0.,0.,1.,0.,0.,1.;                                   1251P   2626
124,1.,0.,0.,0.,0.,6.12323399573677E-017,1.,1.,0.,-1.,              1253P   2627
6.12323399573677E-017,1.;                                           1253P   2628
100,0.,0.,1.,20.475595229,1.,-20.475595229,1.;                      1255P   2629
126,1,1,1,0,1,0,0.,0.,1.,1.,1.,1.,1.521996462,0.,0.,                1257P   2630
0.907653692,0.,0.,0.,1.,0.,0.,1.;                                   1257P   2631
124,-0.998809523387477,0.0487804878048783,                          1259P   2632
4.29868716838439E-015,0.,0.0487804878048785,0.998809523387477,      1259P   2633
5.50300430549774E-015,0.,-4.02513044743135E-015,                    1259P   2634
5.7061451645678E-015,-1.,0.;                                        1259P   2635
100,0.,0.,0.,20.5,0.,16.751625531,11.816642589;                     1261P   2636
126,32,2,1,0,1,0,0.,0.,0.,0.0625,0.0625,0.125,0.125,0.1875,         1263P   2637
0.1875,0.25,0.25,0.3125,0.3125,0.375,0.375,0.4375,0.4375,0.5,       1263P   2638
0.5,0.5625,0.5625,0.625,0.625,0.6875,0.6875,0.75,0.75,0.8125,       1263P   2639
0.8125,0.875,0.875,0.9375,0.9375,1.,1.,1.,1.,1.,1.,1.,1.,1.,1.,     1263P   2640
1.,1.,1.,1.,1.,1.,1.,1.,1.,1.,1.,1.,1.,1.,1.,1.,1.,1.,1.,1.,1.,     1263P   2641
1.,1.,1.,1.,1.,0.907653692,0.,0.,0.907653692,0.015226668,0.,        1263P   2642
0.905549418,0.030244289,0.,0.903445317,0.045260664,0.,              1263P   2643
0.899296943,0.059646199,0.,0.895147031,0.074037071,0.,              1263P   2644
0.889076635,0.087365855,0.,0.882995109,0.100719078,0.,              1263P   2645
0.875186889,0.112568784,0.,0.867342642,0.124473166,0.,              1263P   2646
0.858041062,0.134430018,0.,0.848658345,0.144473723,0.,              1263P   2647
0.838163484,0.152141002,0.,0.827524402,0.159913646,0.,              1263P   2648
0.81618456,0.164922035,0.,0.804631475,0.170024605,0.,               1263P   2649
0.792834478,0.172044213,0.,0.780768827,0.174109813,0.,              1263P   2650
0.768934285,0.172865935,0.,0.756808748,0.171591472,0.,              1263P   2651
0.745382134,0.166889052,0.,0.733685244,0.162075404,0.,              1263P   2652
0.723131415,0.153837547,0.,0.712365741,0.145434332,0.,              1263P   2653
0.703156945,0.133755508,0.,0.693812832,0.121905071,0.,              1263P   2654
0.686406003,0.107110039,0.,0.678933173,0.09218317,0.,               1263P   2655
0.673733939,0.074870511,0.,0.668512912,0.057485282,0.,              1263P   2656
0.665829587,0.038525071,0.,0.663142614,0.019539079,0.,              1263P   2657
0.663142614,0.,0.,0.,1.,0.,0.,1.;                                   1263P   2658
124,-0.707106781186544,1.01585406753202E-014,0.707106781186552,     1265P   2659
-24.5609895446263,-0.707106781186551,1.00475183728577E-014,         1265P   2660
-0.707106781186544,4.21399959524992,-1.42663658664333E-014,-1.,     1265P   2661
6.12323399573677E-017,14.3874945699379;                             1265P   2662
100,0.,-14.38749457,14.38749457,-11.88749457,14.38749457,           1267P   2663
-16.88749457,14.38749457;                                           1267P   2664
126,1,1,1,0,1,0,0.,0.,1.,1.,1.,1.,0.663142614,0.,0.,1E-008,0.,      1269P   2665
0.,0.,1.,0.,0.,1.;                                                  1269P   2666
124,-0.61559646912058,0.788061537702656,6.98296267768627E-015,      1271P   2667
0.,0.788061537702656,0.61559646912058,4.27583144589696E-031,0.,     1271P   2668
-4.29868716838445E-015,5.5030043054977E-015,-1.,0.;                 1271P   2669
100,0.,0.,0.,20.5,0.,16.155261523,12.619727617;                     1273P   2670
126,1,1,1,0,1,0,0.,0.,1.,1.,1.,1.,1E-008,0.,0.,1E-008,              1275P   2671
3.141592654,0.,0.,1.,0.,0.,1.;                                      1275P   2672
126,1,1,1,0,1,0,0.,0.,1.,1.,1.,1.,1E-008,3.141592654,0.,            1277P   2673
0.663142614,3.141592654,0.,0.,1.,0.,0.,1.;                          1277P   2674
124,-1.11022302462516E-016,1.,5.41018611709252E-015,0.,1.,          1279P   2675
1.11022302462516E-016,-4.41750923438144E-015,0.,                    1279P   2676
-4.41750923438144E-015,5.41018611709252E-015,-1.,0.;                1279P   2677
100,0.,0.,0.,20.5,0.,16.155261523,12.619727617;                     1281P   2678
102,8,1239,1245,1251,1257,1263,1269,1275,1277;                      1283P   2679
102,7,1243,1249,1255,1261,1267,1273,1281;                           1285P   2680
142,1,1237,1283,1285,1;                                             1287P   2681
126,32,2,1,0,1,0,0.,0.,0.,0.0625,0.0625,0.125,0.125,0.1875,         1289P   2682
0.1875,0.25,0.25,0.3125,0.3125,0.375,0.375,0.4375,0.4375,0.5,       1289P   2683
0.5,0.5625,0.5625,0.625,0.625,0.6875,0.6875,0.75,0.75,0.8125,       1289P   2684
0.8125,0.875,0.875,0.9375,0.9375,1.,1.,1.,1.,1.,1.,1.,1.,1.,1.,     1289P   2685
1.,1.,1.,1.,1.,1.,1.,1.,1.,1.,1.,1.,1.,1.,1.,1.,1.,1.,1.,1.,1.,     1289P   2686
1.,1.,1.,1.,1.,0.907653692,0.785398163,0.,0.907653692,              1289P   2687
0.800624832,0.,0.905549418,0.815642452,0.,0.903445317,              1289P   2688
0.830658827,0.,0.899296943,0.845044363,0.,0.895147031,              1289P   2689
0.859435234,0.,0.889076635,0.872764019,0.,0.882995109,              1289P   2690
0.886117241,0.,0.875186889,0.897966947,0.,0.867342642,              1289P   2691
0.909871329,0.,0.858041062,0.919828181,0.,0.848658345,              1289P   2692
0.929871886,0.,0.838163484,0.937539166,0.,0.827524402,              1289P   2693
0.94531181,0.,0.81618456,0.950320198,0.,0.804631475,                1289P   2694
0.955422769,0.,0.792834478,0.957442376,0.,0.780768827,              1289P   2695
0.959507976,0.,0.768934285,0.958264099,0.,0.756808748,              1289P   2696
0.956989636,0.,0.745382134,0.952287215,0.,0.733685244,              1289P   2697
0.947473567,0.,0.723131415,0.93923571,0.,0.712365741,               1289P   2698
0.930832496,0.,0.703156945,0.919153671,0.,0.693812832,              1289P   2699
0.907303235,0.,0.686406003,0.892508203,0.,0.678933173,              1289P   2700
0.877581333,0.,0.673733939,0.860268674,0.,0.668512912,              1289P   2701
0.842883446,0.,0.665829587,0.823923234,0.,0.663142614,              1289P   2702
0.804937242,0.,0.663142614,0.785398163,0.,0.,1.,0.,0.,1.;           1289P   2703
124,-0.499999999999986,0.707106781186556,0.500000000000002,         1291P   2704
-20.3469899493757,-0.707106781186551,1.01862962509358E-014,         1291P   2705
-0.707106781186544,-3.05311331771918E-013,-0.500000000000008,       1291P   2706
-0.707106781186539,0.500000000000004,-2.81892564846231E-013;        1291P   2707
100,-10.173494975,-10.173494975,14.38749457,-7.673494975,           1293P   2708
14.38749457,-12.673494975,14.38749457;                              1293P   2709
126,32,2,1,0,1,0,0.,0.,0.,0.0625,0.0625,0.125,0.125,0.1875,         1295P   2710
0.1875,0.25,0.25,0.3125,0.3125,0.375,0.375,0.4375,0.4375,0.5,       1295P   2711
0.5,0.5625,0.5625,0.625,0.625,0.6875,0.6875,0.75,0.75,0.8125,       1295P   2712
0.8125,0.875,0.875,0.9375,0.9375,1.,1.,1.,1.,1.,1.,1.,1.,1.,1.,     1295P   2713
1.,1.,1.,1.,1.,1.,1.,1.,1.,1.,1.,1.,1.,1.,1.,1.,1.,1.,1.,1.,1.,     1295P   2714
1.,1.,1.,1.,1.,0.663142614,0.785398163,0.,0.663142614,              1295P   2715
0.765859085,0.,0.665829587,0.746873092,0.,0.668512912,              1295P   2716
0.727912881,0.,0.673733939,0.710527653,0.,0.678933173,              1295P   2717
0.693214994,0.,0.686406003,0.678288124,0.,0.693812832,              1295P   2718
0.663493092,0.,0.703156945,0.651642656,0.,0.712365741,              1295P   2719
0.639963831,0.,0.723131415,0.631560616,0.,0.733685244,              1295P   2720
0.623322759,0.,0.745382134,0.618509111,0.,0.756808748,              1295P   2721
0.613806691,0.,0.768934285,0.612532228,0.,0.780768827,              1295P   2722
0.61128835,0.,0.792834478,0.61335395,0.,0.804631475,                1295P   2723
0.615373558,0.,0.81618456,0.620476128,0.,0.827524402,               1295P   2724
0.625484517,0.,0.838163484,0.633257161,0.,0.848658345,              1295P   2725
0.640924441,0.,0.858041062,0.650968146,0.,0.867342642,              1295P   2726
0.660924998,0.,0.875186889,0.672829379,0.,0.882995109,              1295P   2727
0.684679086,0.,0.889076635,0.698032308,0.,0.895147031,              1295P   2728
0.711361093,0.,0.899296943,0.725751964,0.,0.903445317,              1295P   2729
0.740137499,0.,0.905549418,0.755153874,0.,0.907653692,              1295P   2730
0.770171495,0.,0.907653692,0.785398163,0.,0.,1.,0.,0.,1.;           1295P   2731
124,0.499999999999996,-0.707106781186549,0.500000000000002,         1297P   2732
10.1734949746879,0.707106781186552,-3.88578058618805E-016,          1297P   2733
-0.707106781186544,14.3874945699381,0.499999999999998,              1297P   2734
0.707106781186546,0.500000000000004,-10.1734949746878;              1297P   2735
100,-10.173494975,-10.173494975,14.38749457,-7.673494975,           1299P   2736
14.38749457,-12.673494975,14.38749457;                              1299P   2737
102,2,1289,1295;                                                    1301P   2738
102,2,1293,1299;                                                    1303P   2739
142,1,1237,1301,1303,1;                                             1305P   2740
126,32,2,1,0,1,0,0.,0.,0.,0.0625,0.0625,0.125,0.125,0.1875,         1307P   2741
0.1875,0.25,0.25,0.3125,0.3125,0.375,0.375,0.4375,0.4375,0.5,       1307P   2742
0.5,0.5625,0.5625,0.625,0.625,0.6875,0.6875,0.75,0.75,0.8125,       1307P   2743
0.8125,0.875,0.875,0.9375,0.9375,1.,1.,1.,1.,1.,1.,1.,1.,1.,1.,     1307P   2744
1.,1.,1.,1.,1.,1.,1.,1.,1.,1.,1.,1.,1.,1.,1.,1.,1.,1.,1.,1.,1.,     1307P   2745
1.,1.,1.,1.,1.,0.907653692,1.570796327,0.,0.907653692,              1307P   2746
1.586022995,0.,0.905549418,1.601040616,0.,0.903445317,              1307P   2747
1.616056991,0.,0.899296943,1.630442526,0.,0.895147031,              1307P   2748
1.644833398,0.,0.889076635,1.658162182,0.,0.882995109,              1307P   2749
1.671515404,0.,0.875186889,1.683365111,0.,0.867342642,              1307P   2750
1.695269493,0.,0.858041062,1.705226344,0.,0.848658345,              1307P   2751
1.715270049,0.,0.838163484,1.722937329,0.,0.827524402,              1307P   2752
1.730709973,0.,0.81618456,1.735718362,0.,0.804631475,               1307P   2753
1.740820932,0.,0.792834478,1.74284054,0.,0.780768827,               1307P   2754
1.74490614,0.,0.768934285,1.743662262,0.,0.756808748,               1307P   2755
1.742387799,0.,0.745382134,1.737685379,0.,0.733685244,              1307P   2756
1.732871731,0.,0.723131415,1.724633874,0.,0.712365741,              1307P   2757
1.716230659,0.,0.703156945,1.704551835,0.,0.693812832,              1307P   2758
1.692701398,0.,0.686406003,1.677906366,0.,0.678933173,              1307P   2759
1.662979496,0.,0.673733939,1.645666838,0.,0.668512912,              1307P   2760
1.628281609,0.,0.665829587,1.609321398,0.,0.663142614,              1307P   2761
1.590335405,0.,0.663142614,1.570796327,0.,0.,1.,0.,0.,1.;           1307P   2762
124,1.6826145742491E-014,1.,-2.46885013108228E-015,                 1309P   2763
-14.3874945699381,-0.707106781186551,1.01521410863271E-014,         1309P   2764
-0.707106781186544,4.21399959525007,-0.707106781186544,             1309P   2765
1.36436224251701E-014,0.707106781186551,-4.21399959525038;          1309P   2766
100,-14.38749457,0.,14.38749457,2.5,14.38749457,-2.5,               1311P   2767
14.38749457;                                                        1311P   2768
126,32,2,1,0,1,0,0.,0.,0.,0.0625,0.0625,0.125,0.125,0.1875,         1313P   2769
0.1875,0.25,0.25,0.3125,0.3125,0.375,0.375,0.4375,0.4375,0.5,       1313P   2770
0.5,0.5625,0.5625,0.625,0.625,0.6875,0.6875,0.75,0.75,0.8125,       1313P   2771
0.8125,0.875,0.875,0.9375,0.9375,1.,1.,1.,1.,1.,1.,1.,1.,1.,1.,     1313P   2772
1.,1.,1.,1.,1.,1.,1.,1.,1.,1.,1.,1.,1.,1.,1.,1.,1.,1.,1.,1.,1.,     1313P   2773
1.,1.,1.,1.,1.,0.663142614,1.570796327,0.,0.663142614,              1313P   2774
1.551257248,0.,0.665829587,1.532271256,0.,0.668512912,              1313P   2775
1.513311045,0.,0.673733939,1.495925816,0.,0.678933173,              1313P   2776
1.478613157,0.,0.686406003,1.463686288,0.,0.693812832,              1313P   2777
1.448891255,0.,0.703156945,1.437040819,0.,0.712365741,              1313P   2778
1.425361995,0.,0.723131415,1.41695878,0.,0.733685244,               1313P   2779
1.408720923,0.,0.745382134,1.403907275,0.,0.756808748,              1313P   2780
1.399204854,0.,0.768934285,1.397930391,0.,0.780768827,              1313P   2781
1.396686514,0.,0.792834478,1.398752114,0.,0.804631475,              1313P   2782
1.400771721,0.,0.81618456,1.405874292,0.,0.827524402,               1313P   2783
1.410882681,0.,0.838163484,1.418655324,0.,0.848658345,              1313P   2784
1.426322604,0.,0.858041062,1.436366309,0.,0.867342642,              1313P   2785
1.446323161,0.,0.875186889,1.458227543,0.,0.882995109,              1313P   2786
1.470077249,0.,0.889076635,1.483430472,0.,0.895147031,              1313P   2787
1.496759256,0.,0.899296943,1.511150128,0.,0.903445317,              1313P   2788
1.525535663,0.,0.905549418,1.540552038,0.,0.907653692,              1313P   2789
1.555569658,0.,0.907653692,1.570796327,0.,0.,1.,0.,0.,1.;           1313P   2790
124,-2.51571110227872E-015,-1.,-2.46885013108228E-015,              1315P   2791
14.3874945699381,0.707106781186551,-3.31357105060083E-017,          1315P   2792
-0.707106781186544,4.21399959525014,0.707106781186544,              1315P   2793
-3.52461704934914E-015,0.707106781186551,-4.21399959525021;         1315P   2794
100,-14.38749457,0.,14.38749457,2.5,14.38749457,-2.5,               1317P   2795
14.38749457;                                                        1317P   2796
102,2,1307,1313;                                                    1319P   2797
102,2,1311,1317;                                                    1321P   2798
142,1,1237,1319,1321,1;                                             1323P   2799
126,32,2,1,0,1,0,0.,0.,0.,0.0625,0.0625,0.125,0.125,0.1875,         1325P   2800
0.1875,0.25,0.25,0.3125,0.3125,0.375,0.375,0.4375,0.4375,0.5,       1325P   2801
0.5,0.5625,0.5625,0.625,0.625,0.6875,0.6875,0.75,0.75,0.8125,       1325P   2802
0.8125,0.875,0.875,0.9375,0.9375,1.,1.,1.,1.,1.,1.,1.,1.,1.,1.,     1325P   2803
1.,1.,1.,1.,1.,1.,1.,1.,1.,1.,1.,1.,1.,1.,1.,1.,1.,1.,1.,1.,1.,     1325P   2804
1.,1.,1.,1.,1.,0.907653692,2.35619449,0.,0.907653692,               1325P   2805
2.371421159,0.,0.905549418,2.386438779,0.,0.903445317,              1325P   2806
2.401455154,0.,0.899296943,2.415840689,0.,0.895147031,              1325P   2807
2.430231561,0.,0.889076635,2.443560345,0.,0.882995109,              1325P   2808
2.456913568,0.,0.875186889,2.468763274,0.,0.867342642,              1325P   2809
2.480667656,0.,0.858041062,2.490624508,0.,0.848658345,              1325P   2810
2.500668213,0.,0.838163484,2.508335493,0.,0.827524402,              1325P   2811
2.516108136,0.,0.81618456,2.521116525,0.,0.804631475,               1325P   2812
2.526219096,0.,0.792834478,2.528238703,0.,0.780768827,              1325P   2813
2.530304303,0.,0.768934285,2.529060426,0.,0.756808748,              1325P   2814
2.527785963,0.,0.745382134,2.523083542,0.,0.733685244,              1325P   2815
2.518269894,0.,0.723131415,2.510032037,0.,0.712365741,              1325P   2816
2.501628822,0.,0.703156945,2.489949998,0.,0.693812832,              1325P   2817
2.478099562,0.,0.686406003,2.463304529,0.,0.678933173,              1325P   2818
2.44837766,0.,0.673733939,2.431065001,0.,0.668512912,               1325P   2819
2.413679772,0.,0.665829587,2.394719561,0.,0.663142614,              1325P   2820
2.375733569,0.,0.663142614,2.35619449,0.,0.,1.,0.,0.,1.;            1325P   2821
124,0.50000000000001,0.707106781186536,-0.500000000000005,          1327P   2822
-10.1734949746878,-0.707106781186552,1.07529044990999E-014,         1327P   2823
-0.707106781186543,14.3874945699381,-0.499999999999984,             1327P   2824
0.707106781186559,0.5,-10.1734949746881;                            1327P   2825
100,-10.173494975,10.173494975,14.38749457,12.673494975,            1329P   2826
14.38749457,7.673494975,14.38749457;                                1329P   2827
126,32,2,1,0,1,0,0.,0.,0.,0.0625,0.0625,0.125,0.125,0.1875,         1331P   2828
0.1875,0.25,0.25,0.3125,0.3125,0.375,0.375,0.4375,0.4375,0.5,       1331P   2829
0.5,0.5625,0.5625,0.625,0.625,0.6875,0.6875,0.75,0.75,0.8125,       1331P   2830
0.8125,0.875,0.875,0.9375,0.9375,1.,1.,1.,1.,1.,1.,1.,1.,1.,1.,     1331P   2831
1.,1.,1.,1.,1.,1.,1.,1.,1.,1.,1.,1.,1.,1.,1.,1.,1.,1.,1.,1.,1.,     1331P   2832
1.,1.,1.,1.,1.,0.663142614,2.35619449,0.,0.663142614,               1331P   2833
2.336655412,0.,0.665829587,2.317669419,0.,0.668512912,              1331P   2834
2.298709208,0.,0.673733939,2.281323979,0.,0.678933173,              1331P   2835
2.264011321,0.,0.686406003,2.249084451,0.,0.693812832,              1331P   2836
2.234289419,0.,0.703156945,2.222438982,0.,0.712365741,              1331P   2837
2.210760158,0.,0.723131415,2.202356943,0.,0.733685244,              1331P   2838
2.194119086,0.,0.745382134,2.189305438,0.,0.756808748,              1331P   2839
2.184603018,0.,0.768934285,2.183328555,0.,0.780768827,              1331P   2840
2.182084677,0.,0.792834478,2.184150277,0.,0.804631475,              1331P   2841
2.186169885,0.,0.81618456,2.191272455,0.,0.827524402,               1331P   2842
2.196280844,0.,0.838163484,2.204053488,0.,0.848658345,              1331P   2843
2.211720768,0.,0.858041062,2.221764473,0.,0.867342642,              1331P   2844
2.231721324,0.,0.875186889,2.243625706,0.,0.882995109,              1331P   2845
2.255475413,0.,0.889076635,2.268828635,0.,0.895147031,              1331P   2846
2.282157419,0.,0.899296943,2.296548291,0.,0.903445317,              1331P   2847
2.310933826,0.,0.905549418,2.325950201,0.,0.907653692,              1331P   2848
2.340967822,0.,0.907653692,2.35619449,0.,0.,1.,0.,0.,1.;            1331P   2849
124,-0.499999999999999,-0.707106781186544,-0.500000000000005,       1333P   2850
20.3469899493758,0.707106781186552,3.88578058618805E-016,           1333P   2851
-0.707106781186544,-1.62196645003831E-013,0.499999999999995,        1333P   2852
-0.707106781186551,0.5,-1.38777878078145E-014;                      1333P   2853
100,-10.173494975,10.173494975,14.38749457,12.673494975,            1335P   2854
14.38749457,7.673494975,14.38749457;                                1335P   2855
102,2,1325,1331;                                                    1337P   2856
102,2,1329,1335;                                                    1339P   2857
142,1,1237,1337,1339,1;                                             1341P   2858
144,1237,1,3,1287,1305,1323,1341;                                   1343P   2859
110,0.,0.,0.,0.,-23.5,0.;                                           1345P   2860
124,1.40271576953299E-014,1.,-6.98296267768627E-015,0.,1.,          1347P   2861
-1.40271576953299E-014,-4.27583144589696E-031,0.,                   1347P   2862
-9.83787018050981E-029,-6.98296267768627E-015,-1.,0.;               1347P   2863
100,0.,0.,0.,23.5,0.,-23.5,0.;                                      1349P   2864
120,1345,1349,0.,6.28318530717959;                                  1351P   2865
126,1,1,1,0,1,0,0.,0.,1.,1.,1.,1.,0.678813484,3.141592654,0.,       1353P   2866
1E-008,3.141592654,0.,0.,1.,0.,0.,1.;                               1353P   2867
124,-0.627869986761364,0.778318238077642,6.98296267768627E-015,     1355P   2868
0.,0.778318238077642,0.627869986761364,-4.27583144589696E-031,      1355P   2869
0.,-4.38439268399397E-015,5.43496720785871E-015,-1.,0.;             1355P   2870
100,0.,0.,0.,23.5,0.,18.290478595,14.754944689;                     1357P   2871
126,1,1,1,0,1,0,0.,0.,1.,1.,1.,1.,1E-008,3.141592654,0.,1E-008,     1359P   2872
6.283185307,0.,0.,1.,0.,0.,1.;                                      1359P   2873
126,1,1,1,0,1,0,0.,0.,1.,1.,1.,1.,1E-008,6.283185307,0.,            1361P   2874
0.678813484,6.283185307,0.,0.,1.,0.,0.,1.;                          1361P   2875
124,-7.21644966006352E-016,1.,5.43496720785871E-015,0.,1.,0.,       1363P   2876
-4.38439268399397E-015,0.,-4.38439268399397E-015,                   1363P   2877
5.43496720785871E-015,-1.,0.;                                       1363P   2878
100,0.,0.,0.,23.5,0.,18.290478595,14.754944689;                     1365P   2879
126,32,2,1,0,1,0,0.,0.,0.,0.0625,0.0625,0.125,0.125,0.1875,         1367P   2880
0.1875,0.25,0.25,0.3125,0.3125,0.375,0.375,0.4375,0.4375,0.5,       1367P   2881
0.5,0.5625,0.5625,0.625,0.625,0.6875,0.6875,0.75,0.75,0.8125,       1367P   2882
0.8125,0.875,0.875,0.9375,0.9375,1.,1.,1.,1.,1.,1.,1.,1.,1.,1.,     1367P   2883
1.,1.,1.,1.,1.,1.,1.,1.,1.,1.,1.,1.,1.,1.,1.,1.,1.,1.,1.,1.,1.,     1367P   2884
1.,1.,1.,1.,1.,0.678813484,6.283185307,0.,0.678813484,              1367P   2885
6.266477387,0.,0.681112296,6.250218101,0.,0.683408696,              1367P   2886
6.233975881,0.,0.687882506,6.219019639,0.,0.692341551,              1367P   2887
6.204112756,0.,0.698759589,6.191175995,0.,0.705131861,              1367P   2888
6.178331482,0.,0.713179397,6.167951326,0.,0.721130973,              1367P   2889
6.157694944,0.,0.730431762,6.15021684,0.,0.739579007,               1367P   2890
6.14286219,0.,0.749717877,6.138447439,0.,0.759656691,               1367P   2891
6.134119799,0.,0.770202599,6.132767006,0.,0.780528695,              1367P   2892
6.131442411,0.,0.791056943,6.13301748,0.,0.801378161,               1367P   2893
6.134561576,0.,0.811489806,6.138831038,0.,0.821433775,              1367P   2894
6.143029702,0.,0.830770352,6.149692945,0.,0.839991117,              1367P   2895
6.156273539,0.,0.848243388,6.164990203,0.,0.856428976,              1367P   2896
6.173636431,0.,0.863340012,6.184046152,0.,0.870220558,              1367P   2897
6.194409949,0.,0.875585247,6.206143639,0.,0.88094003,               1367P   2898
6.21785566,0.,0.884603783,6.230539954,0.,0.888265896,               1367P   2899
6.243218571,0.,0.890124334,6.25647649,0.,0.891982823,               1367P   2900
6.269734765,0.,0.891982823,6.283185307,0.,0.,1.,0.,0.,1.;           1367P   2901
124,-0.707106781186544,-2.77555756156289E-016,                      1369P   2902
-0.707106781186552,28.2060330874063,0.707106781186551,              1369P   2903
1.66533453693773E-016,-0.707106781186544,4.83939019631016,          1369P   2904
2.77555756156289E-016,-1.,6.12323399573677E-017,                    1369P   2905
16.5227116418582;                                                   1369P   2906
100,0.,16.522711642,16.522711642,19.022711642,16.522711642,         1371P   2907
14.022711642,16.522711642;                                          1371P   2908
126,1,1,1,0,1,0,0.,0.,1.,1.,1.,1.,0.891982823,6.283185307,0.,       1373P   2909
1.528230272,6.283185307,0.,0.,1.,0.,0.,1.;                          1373P   2910
124,0.778318238077649,0.627869986761355,2.9714734798665E-016,       1375P   2911
0.,0.627869986761355,-0.778318238077649,-6.97663752903531E-015,     1375P   2912
0.,-4.14914611265976E-015,5.61661413075171E-015,-1.,0.;             1375P   2913
100,0.,0.,0.,23.5,0.,18.901781116,13.963261462;                     1377P   2914
126,1,1,1,0,1,0,0.,0.,1.,1.,1.,1.,1.528230272,6.283185307,0.,       1379P   2915
1.528230272,3.141592654,0.,0.,1.,0.,0.,1.;                          1379P   2916
124,1.,0.,0.,0.,0.,6.12323399573677E-017,1.,1.,0.,-1.,              1381P   2917
6.12323399573677E-017,1.;                                           1381P   2918
100,0.,0.,1.,23.478713764,1.,-23.478713764,1.;                      1383P   2919
126,1,1,1,0,1,0,0.,0.,1.,1.,1.,1.,1.528230272,3.141592654,0.,       1385P   2920
0.891982823,3.141592654,0.,0.,1.,0.,0.,1.;                          1385P   2921
124,-0.999094202712672,0.0425531914893615,                          1387P   2922
4.23601955281308E-015,0.,0.0425531914893613,0.999094202712672,      1387P   2923
5.55465993938249E-015,0.,-3.99581406973425E-015,                    1387P   2924
5.7298846946609E-015,-1.,0.;                                        1387P   2925
100,0.,0.,0.,23.5,0.,18.901781116,13.963261462;                     1389P   2926
126,32,2,1,0,1,0,0.,0.,0.,0.0625,0.0625,0.125,0.125,0.1875,         1391P   2927
0.1875,0.25,0.25,0.3125,0.3125,0.375,0.375,0.4375,0.4375,0.5,       1391P   2928
0.5,0.5625,0.5625,0.625,0.625,0.6875,0.6875,0.75,0.75,0.8125,       1391P   2929
0.8125,0.875,0.875,0.9375,0.9375,1.,1.,1.,1.,1.,1.,1.,1.,1.,1.,     1391P   2930
1.,1.,1.,1.,1.,1.,1.,1.,1.,1.,1.,1.,1.,1.,1.,1.,1.,1.,1.,1.,1.,     1391P   2931
1.,1.,1.,1.,1.,0.891982823,3.141592654,0.,0.891982823,              1391P   2932
3.155043195,0.,0.890124334,3.168301471,0.,0.888265896,              1391P   2933
3.18155939,0.,0.884603783,3.194238006,0.,0.88094003,                1391P   2934
3.206922301,0.,0.875585247,3.218634322,0.,0.870220558,              1391P   2935
3.230368012,0.,0.863340012,3.240731809,0.,0.856428976,              1391P   2936
3.25114153,0.,0.848243388,3.259787758,0.,0.839991117,               1391P   2937
3.268504422,0.,0.830770352,3.275085015,0.,0.821433775,              1391P   2938
3.281748259,0.,0.811489806,3.285946923,0.,0.801378161,              1391P   2939
3.290216385,0.,0.791056943,3.291760481,0.,0.780528695,              1391P   2940
3.29333555,0.,0.770202599,3.292010954,0.,0.759656691,               1391P   2941
3.290658162,0.,0.749717877,3.286330522,0.,0.739579007,              1391P   2942
3.281915771,0.,0.730431762,3.274561121,0.,0.721130973,              1391P   2943
3.267083017,0.,0.713179397,3.256826635,0.,0.705131861,              1391P   2944
3.246446479,0.,0.698759589,3.233601966,0.,0.692341551,              1391P   2945
3.220665204,0.,0.687882506,3.205758322,0.,0.683408696,              1391P   2946
3.19080208,0.,0.681112296,3.174559859,0.,0.678813484,               1391P   2947
3.158300573,0.,0.678813484,3.141592654,0.,0.,1.,0.,0.,1.;           1391P   2948
124,-0.707106781186544,9.49240686054509E-015,0.707106781186552,     1393P   2949
-28.2060330874065,-0.707106781186551,9.38138455808257E-015,         1393P   2950
-0.707106781186544,4.83939019631001,-1.33226762955019E-014,-1.,     1393P   2951
6.12323399573677E-017,16.522711641858;                              1393P   2952
100,0.,-16.522711642,16.522711642,-14.022711642,16.522711642,       1395P   2953
-19.022711642,16.522711642;                                         1395P   2954
102,8,1353,1359,1361,1367,1373,1379,1385,1391;                      1397P   2955
102,7,1357,1365,1371,1377,1383,1389,1395;                           1399P   2956
142,1,1351,1397,1399,1;                                             1401P   2957
126,32,2,1,0,1,0,0.,0.,0.,0.0625,0.0625,0.125,0.125,0.1875,         1403P   2958
0.1875,0.25,0.25,0.3125,0.3125,0.375,0.375,0.4375,0.4375,0.5,       1403P   2959
0.5,0.5625,0.5625,0.625,0.625,0.6875,0.6875,0.75,0.75,0.8125,       1403P   2960
0.8125,0.875,0.875,0.9375,0.9375,1.,1.,1.,1.,1.,1.,1.,1.,1.,1.,     1403P   2961
1.,1.,1.,1.,1.,1.,1.,1.,1.,1.,1.,1.,1.,1.,1.,1.,1.,1.,1.,1.,1.,     1403P   2962
1.,1.,1.,1.,1.,0.891982823,3.926990817,0.,0.891982823,              1403P   2963
3.940441359,0.,0.890124334,3.953699634,0.,0.888265896,              1403P   2964
3.966957554,0.,0.884603783,3.97963617,0.,0.88094003,                1403P   2965
3.992320464,0.,0.875585247,4.004032485,0.,0.870220558,              1403P   2966
4.015766176,0.,0.863340012,4.026129972,0.,0.856428976,              1403P   2967
4.036539694,0.,0.848243388,4.045185922,0.,0.839991117,              1403P   2968
4.053902586,0.,0.830770352,4.060483179,0.,0.821433775,              1403P   2969
4.067146422,0.,0.811489806,4.071345086,0.,0.801378161,              1403P   2970
4.075614548,0.,0.791056943,4.077158644,0.,0.780528695,              1403P   2971
4.078733713,0.,0.770202599,4.077409118,0.,0.759656691,              1403P   2972
4.076056326,0.,0.749717877,4.071728685,0.,0.739579007,              1403P   2973
4.067313935,0.,0.730431762,4.059959284,0.,0.721130973,              1403P   2974
4.05248118,0.,0.713179397,4.042224798,0.,0.705131861,               1403P   2975
4.031844643,0.,0.698759589,4.019000129,0.,0.692341551,              1403P   2976
4.006063368,0.,0.687882506,3.991156485,0.,0.683408696,              1403P   2977
3.976200244,0.,0.681112296,3.959958023,0.,0.678813484,              1403P   2978
3.943698737,0.,0.678813484,3.926990817,0.,0.,1.,0.,0.,1.;           1403P   2979
124,-0.499999999999986,0.707106781186556,0.500000000000002,         1405P   2980
-23.3666428910958,-0.707106781186551,1.01862962509358E-014,         1405P   2981
-0.707106781186544,-3.50414142147315E-013,-0.500000000000008,       1405P   2982
-0.707106781186539,0.500000000000004,-3.24393290007663E-013;        1405P   2983
100,-11.683321446,-11.683321446,16.522711642,-9.183321446,          1407P   2984
16.522711642,-14.183321446,16.522711642;                            1407P   2985
126,32,2,1,0,1,0,0.,0.,0.,0.0625,0.0625,0.125,0.125,0.1875,         1409P   2986
0.1875,0.25,0.25,0.3125,0.3125,0.375,0.375,0.4375,0.4375,0.5,       1409P   2987
0.5,0.5625,0.5625,0.625,0.625,0.6875,0.6875,0.75,0.75,0.8125,       1409P   2988
0.8125,0.875,0.875,0.9375,0.9375,1.,1.,1.,1.,1.,1.,1.,1.,1.,1.,     1409P   2989
1.,1.,1.,1.,1.,1.,1.,1.,1.,1.,1.,1.,1.,1.,1.,1.,1.,1.,1.,1.,1.,     1409P   2990
1.,1.,1.,1.,1.,0.678813484,3.926990817,0.,0.678813484,              1409P   2991
3.910282897,0.,0.681112296,3.894023611,0.,0.683408696,              1409P   2992
3.87778139,0.,0.687882506,3.862825149,0.,0.692341551,               1409P   2993
3.847918266,0.,0.698759589,3.834981505,0.,0.705131861,              1409P   2994
3.822136991,0.,0.713179397,3.811756836,0.,0.721130973,              1409P   2995
3.801500454,0.,0.730431762,3.79402235,0.,0.739579007,               1409P   2996
3.786667699,0.,0.749717877,3.782252949,0.,0.759656691,              1409P   2997
3.777925308,0.,0.770202599,3.776572516,0.,0.780528695,              1409P   2998
3.775247921,0.,0.791056943,3.77682299,0.,0.801378161,               1409P   2999
3.778367086,0.,0.811489806,3.782636548,0.,0.821433775,              1409P   3000
3.786835212,0.,0.830770352,3.793498455,0.,0.839991117,              1409P   3001
3.800079048,0.,0.848243388,3.808795712,0.,0.856428976,              1409P   3002
3.81744194,0.,0.863340012,3.827851662,0.,0.870220558,               1409P   3003
3.838215458,0.,0.875585247,3.849949149,0.,0.88094003,               1409P   3004
3.861661169,0.,0.884603783,3.874345464,0.,0.888265896,              1409P   3005
3.88702408,0.,0.890124334,3.900282,0.,0.891982823,3.913540275,      1409P   3006
0.,0.891982823,3.926990817,0.,0.,1.,0.,0.,1.;                       1409P   3007
124,0.499999999999996,-0.707106781186549,0.500000000000002,         1411P   3008
11.6833214455479,0.707106781186552,-3.88578058618805E-016,          1411P   3009
-0.707106781186544,16.5227116418583,0.499999999999998,              1411P   3010
0.707106781186546,0.500000000000004,-11.6833214455478;              1411P   3011
100,-11.683321446,-11.683321446,16.522711642,-9.183321446,          1413P   3012
16.522711642,-14.183321446,16.522711642;                            1413P   3013
102,2,1403,1409;                                                    1415P   3014
102,2,1407,1413;                                                    1417P   3015
142,1,1351,1415,1417,1;                                             1419P   3016
126,32,2,1,0,1,0,0.,0.,0.,0.0625,0.0625,0.125,0.125,0.1875,         1421P   3017
0.1875,0.25,0.25,0.3125,0.3125,0.375,0.375,0.4375,0.4375,0.5,       1421P   3018
0.5,0.5625,0.5625,0.625,0.625,0.6875,0.6875,0.75,0.75,0.8125,       1421P   3019
0.8125,0.875,0.875,0.9375,0.9375,1.,1.,1.,1.,1.,1.,1.,1.,1.,1.,     1421P   3020
1.,1.,1.,1.,1.,1.,1.,1.,1.,1.,1.,1.,1.,1.,1.,1.,1.,1.,1.,1.,1.,     1421P   3021
1.,1.,1.,1.,1.,0.891982823,4.71238898,0.,0.891982823,               1421P   3022
4.725839522,0.,0.890124334,4.739097797,0.,0.888265896,              1421P   3023
4.752355717,0.,0.884603783,4.765034333,0.,0.88094003,               1421P   3024
4.777718628,0.,0.875585247,4.789430649,0.,0.870220558,              1421P   3025
4.801164339,0.,0.863340012,4.811528135,0.,0.856428976,              1421P   3026
4.821937857,0.,0.848243388,4.830584085,0.,0.839991117,              1421P   3027
4.839300749,0.,0.830770352,4.845881342,0.,0.821433775,              1421P   3028
4.852544586,0.,0.811489806,4.85674325,0.,0.801378161,               1421P   3029
4.861012711,0.,0.791056943,4.862556808,0.,0.780528695,              1421P   3030
4.864131876,0.,0.770202599,4.862807281,0.,0.759656691,              1421P   3031
4.861454489,0.,0.749717877,4.857126848,0.,0.739579007,              1421P   3032
4.852712098,0.,0.730431762,4.845357448,0.,0.721130973,              1421P   3033
4.837879344,0.,0.713179397,4.827622962,0.,0.705131861,              1421P   3034
4.817242806,0.,0.698759589,4.804398293,0.,0.692341551,              1421P   3035
4.791461531,0.,0.687882506,4.776554648,0.,0.683408696,              1421P   3036
4.761598407,0.,0.681112296,4.745356186,0.,0.678813484,              1421P   3037
4.7290969,0.,0.678813484,4.71238898,0.,0.,1.,0.,0.,1.;              1421P   3038
124,1.6826145742491E-014,1.,-2.46885013108228E-015,                 1423P   3039
-16.5227116418582,-0.707106781186551,1.01521410863271E-014,         1423P   3040
-0.707106781186544,4.83939019631017,-0.707106781186544,             1423P   3041
1.36436224251701E-014,0.707106781186551,-4.83939019631053;          1423P   3042
100,-16.522711642,0.,16.522711642,2.5,16.522711642,-2.5,            1425P   3043
16.522711642;                                                       1425P   3044
126,32,2,1,0,1,0,0.,0.,0.,0.0625,0.0625,0.125,0.125,0.1875,         1427P   3045
0.1875,0.25,0.25,0.3125,0.3125,0.375,0.375,0.4375,0.4375,0.5,       1427P   3046
0.5,0.5625,0.5625,0.625,0.625,0.6875,0.6875,0.75,0.75,0.8125,       1427P   3047
0.8125,0.875,0.875,0.9375,0.9375,1.,1.,1.,1.,1.,1.,1.,1.,1.,1.,     1427P   3048
1.,1.,1.,1.,1.,1.,1.,1.,1.,1.,1.,1.,1.,1.,1.,1.,1.,1.,1.,1.,1.,     1427P   3049
1.,1.,1.,1.,1.,0.678813484,4.71238898,0.,0.678813484,               1427P   3050
4.695681061,0.,0.681112296,4.679421775,0.,0.683408696,              1427P   3051
4.663179554,0.,0.687882506,4.648223312,0.,0.692341551,              1427P   3052
4.63331643,0.,0.698759589,4.620379668,0.,0.705131861,               1427P   3053
4.607535155,0.,0.713179397,4.597154999,0.,0.721130973,              1427P   3054
4.586898617,0.,0.730431762,4.579420513,0.,0.739579007,              1427P   3055
4.572065863,0.,0.749717877,4.567651112,0.,0.759656691,              1427P   3056
4.563323472,0.,0.770202599,4.56197068,0.,0.780528695,               1427P   3057
4.560646084,0.,0.791056943,4.562221153,0.,0.801378161,              1427P   3058
4.563765249,0.,0.811489806,4.568034711,0.,0.821433775,              1427P   3059
4.572233375,0.,0.830770352,4.578896619,0.,0.839991117,              1427P   3060
4.585477212,0.,0.848243388,4.594193876,0.,0.856428976,              1427P   3061
4.602840104,0.,0.863340012,4.613249825,0.,0.870220558,              1427P   3062
4.623613622,0.,0.875585247,4.635347312,0.,0.88094003,               1427P   3063
4.647059333,0.,0.884603783,4.659743628,0.,0.888265896,              1427P   3064
4.672422244,0.,0.890124334,4.685680163,0.,0.891982823,              1427P   3065
4.698938439,0.,0.891982823,4.71238898,0.,0.,1.,0.,0.,1.;            1427P   3066
124,-2.51571110227872E-015,-1.,-2.46885013108228E-015,              1429P   3067
16.5227116418582,0.707106781186551,-3.31357105060083E-017,          1429P   3068
-0.707106781186544,4.83939019631025,0.707106781186544,              1429P   3069
-3.52461704934914E-015,0.707106781186551,-4.83939019631033;         1429P   3070
100,-16.522711642,0.,16.522711642,2.5,16.522711642,-2.5,            1431P   3071
16.522711642;                                                       1431P   3072
102,2,1421,1427;                                                    1433P   3073
102,2,1425,1431;                                                    1435P   3074
142,1,1351,1433,1435,1;                                             1437P   3075
126,32,2,1,0,1,0,0.,0.,0.,0.0625,0.0625,0.125,0.125,0.1875,         1439P   3076
0.1875,0.25,0.25,0.3125,0.3125,0.375,0.375,0.4375,0.4375,0.5,       1439P   3077
0.5,0.5625,0.5625,0.625,0.625,0.6875,0.6875,0.75,0.75,0.8125,       1439P   3078
0.8125,0.875,0.875,0.9375,0.9375,1.,1.,1.,1.,1.,1.,1.,1.,1.,1.,     1439P   3079
1.,1.,1.,1.,1.,1.,1.,1.,1.,1.,1.,1.,1.,1.,1.,1.,1.,1.,1.,1.,1.,     1439P   3080
1.,1.,1.,1.,1.,0.891982823,5.497787144,0.,0.891982823,              1439P   3081
5.511237685,0.,0.890124334,5.524495961,0.,0.888265896,              1439P   3082
5.53775388,0.,0.884603783,5.550432497,0.,0.88094003,                1439P   3083
5.563116791,0.,0.875585247,5.574828812,0.,0.870220558,              1439P   3084
5.586562502,0.,0.863340012,5.596926299,0.,0.856428976,              1439P   3085
5.60733602,0.,0.848243388,5.615982248,0.,0.839991117,               1439P   3086
5.624698912,0.,0.830770352,5.631279506,0.,0.821433775,              1439P   3087
5.637942749,0.,0.811489806,5.642141413,0.,0.801378161,              1439P   3088
5.646410875,0.,0.791056943,5.647954971,0.,0.780528695,              1439P   3089
5.64953004,0.,0.770202599,5.648205445,0.,0.759656691,               1439P   3090
5.646852652,0.,0.749717877,5.642525012,0.,0.739579007,              1439P   3091
5.638110261,0.,0.730431762,5.630755611,0.,0.721130973,              1439P   3092
5.623277507,0.,0.713179397,5.613021125,0.,0.705131861,              1439P   3093
5.602640969,0.,0.698759589,5.589796456,0.,0.692341551,              1439P   3094
5.576859695,0.,0.687882506,5.561952812,0.,0.683408696,              1439P   3095
5.54699657,0.,0.681112296,5.53075435,0.,0.678813484,                1439P   3096
5.514495064,0.,0.678813484,5.497787144,0.,0.,1.,0.,0.,1.;           1439P   3097
124,0.500000000000009,0.707106781186537,-0.500000000000005,         1441P   3098
-11.6833214455478,-0.707106781186552,9.4091401336982E-015,          1441P   3099
-0.707106781186544,16.5227116418582,-0.499999999999985,             1441P   3100
0.707106781186558,0.5,-11.6833214455481;                            1441P   3101
100,-11.683321446,11.683321446,16.522711642,14.183321446,           1443P   3102
16.522711642,9.183321446,16.522711642;                              1443P   3103
126,32,2,1,0,1,0,0.,0.,0.,0.0625,0.0625,0.125,0.125,0.1875,         1445P   3104
0.1875,0.25,0.25,0.3125,0.3125,0.375,0.375,0.4375,0.4375,0.5,       1445P   3105
0.5,0.5625,0.5625,0.625,0.625,0.6875,0.6875,0.75,0.75,0.8125,       1445P   3106
0.8125,0.875,0.875,0.9375,0.9375,1.,1.,1.,1.,1.,1.,1.,1.,1.,1.,     1445P   3107
1.,1.,1.,1.,1.,1.,1.,1.,1.,1.,1.,1.,1.,1.,1.,1.,1.,1.,1.,1.,1.,     1445P   3108
1.,1.,1.,1.,1.,0.678813484,5.497787144,0.,0.678813484,              1445P   3109
5.481079224,0.,0.681112296,5.464819938,0.,0.683408696,              1445P   3110
5.448577717,0.,0.687882506,5.433621476,0.,0.692341551,              1445P   3111
5.418714593,0.,0.698759589,5.405777831,0.,0.705131861,              1445P   3112
5.392933318,0.,0.713179397,5.382553162,0.,0.721130973,              1445P   3113
5.372296781,0.,0.730431762,5.364818677,0.,0.739579007,              1445P   3114
5.357464026,0.,0.749717877,5.353049276,0.,0.759656691,              1445P   3115
5.348721635,0.,0.770202599,5.347368843,0.,0.780528695,              1445P   3116
5.346044248,0.,0.791056943,5.347619317,0.,0.801378161,              1445P   3117
5.349163413,0.,0.811489806,5.353432875,0.,0.821433775,              1445P   3118
5.357631538,0.,0.830770352,5.364294782,0.,0.839991117,              1445P   3119
5.370875375,0.,0.848243388,5.379592039,0.,0.856428976,              1445P   3120
5.388238267,0.,0.863340012,5.398647989,0.,0.870220558,              1445P   3121
5.409011785,0.,0.875585247,5.420745475,0.,0.88094003,               1445P   3122
5.432457496,0.,0.884603783,5.445141791,0.,0.888265896,              1445P   3123
5.457820407,0.,0.890124334,5.471078327,0.,0.891982823,              1445P   3124
5.484336602,0.,0.891982823,5.497787144,0.,0.,1.,0.,0.,1.;           1445P   3125
124,-0.5,-0.707106781186544,-0.500000000000005,                     1447P   3126
23.3666428910959,0.707106781186552,-5.82867087928207E-016,          1447P   3127
-0.707106781186544,-1.71737624121704E-013,0.499999999999994,        1447P   3128
-0.707106781186552,0.5,1.04083408558608E-014;                       1447P   3129
100,-11.683321446,11.683321446,16.522711642,14.183321446,           1449P   3130
16.522711642,9.183321446,16.522711642;                              1449P   3131
102,2,1439,1445;                                                    1451P   3132
102,2,1443,1449;                                                    1453P   3133
142,1,1351,1451,1453,1;                                             1455P   3134
144,1351,1,3,1401,1419,1437,1455;                                   1457P   3135
110,0.,0.,0.,707.106781187,-707.106781187,0.;                       1459P   3136
110,-14.754944689,18.290478595,0.,-12.619727617,16.155261523,       1461P   3137
0.;                                                                 1461P   3138
120,1459,1461,0.,6.28318530717959;                                  1463P   3139
126,1,1,1,0,1,0,0.,0.,1.,1.,1.,1.,1.,3.141592654,0.,1.,0.,0.,       1465P   3140
0.,1.,0.,0.,1.;                                                     1465P   3141
124,-0.707106781186544,1.01585406753202E-014,                       1467P   3142
-0.707106781186552,-24.5609895446263,-0.707106781186551,            1467P   3143
1.00475183728577E-014,0.707106781186544,4.21399959524992,           1467P   3144
1.42663658664333E-014,1.,6.12323399573677E-017,                     1467P   3145
-14.3874945699379;                                                  1467P   3146
100,0.,-14.38749457,14.38749457,-11.88749457,14.38749457,           1469P   3147
-16.88749457,14.38749457;                                           1469P   3148
126,1,1,1,0,1,0,0.,0.,1.,1.,1.,1.,1.,0.,0.,0.,0.,0.,0.,1.,0.,       1471P   3149
0.,1.;                                                              1471P   3150
110,-12.619727617,16.155261523,0.,-14.754944689,18.290478595,       1473P   3151
0.;                                                                 1473P   3152
126,1,1,1,0,1,0,0.,0.,1.,1.,1.,1.,0.,0.,0.,0.,3.141592654,0.,       1475P   3153
0.,1.,0.,0.,1.;                                                     1475P   3154
124,0.707106781186544,-2.77555756156289E-016,0.707106781186552,     1477P   3155
-4.83939019631048,0.707106781186551,-1.66533453693773E-016,         1477P   3156
-0.707106781186544,28.2060330874063,2.77555756156289E-016,1.,       1477P   3157
6.12323399573677E-017,-16.5227116418582;                            1477P   3158
100,0.,-16.522711642,16.522711642,-14.022711642,16.522711642,       1479P   3159
-19.022711642,16.522711642;                                         1479P   3160
126,1,1,1,0,1,0,0.,0.,1.,1.,1.,1.,0.,3.141592654,0.,1.,             1481P   3161
3.141592654,0.,0.,1.,0.,0.,1.;                                      1481P   3162
110,-18.290478595,14.754944689,0.,-16.155261523,12.619727617,       1483P   3163
0.;                                                                 1483P   3164
102,4,1465,1471,1475,1481;                                          1485P   3165
102,4,1469,1473,1479,1483;                                          1487P   3166
142,1,1463,1485,1487,1;                                             1489P   3167
144,1463,1,0,1489;                                                  1491P   3168
110,0.,0.,0.,500.,-707.106781187,500.;                              1493P   3169
110,-10.433321446,18.290478595,-10.433321446,-8.923494975,          1495P   3170
16.155261523,-8.923494975;                                          1495P   3171
120,1493,1495,0.,6.28318530717959;                                  1497P   3172
126,1,1,1,0,1,0,0.,0.,1.,1.,1.,1.,1.,3.141592654,0.,1.,0.,0.,       1499P   3173
0.,1.,0.,0.,1.;                                                     1499P   3174
124,-0.5,-0.707106781186547,-0.5,-10.1734949746881,                 1501P   3175
-0.707106781186554,9.85097382749019E-015,0.707106781186541,         1501P   3176
14.3874945699378,-0.49999999999999,0.707106781186548,               1501P   3177
-0.500000000000009,-30.5204849240638;                               1501P   3178
100,-10.173494975,-10.173494975,14.38749457,-7.673494975,           1503P   3179
14.38749457,-12.673494975,14.38749457;                              1503P   3180
126,1,1,1,0,1,0,0.,0.,1.,1.,1.,1.,1.,0.,0.,0.,0.,0.,0.,1.,0.,       1505P   3181
0.,1.;                                                              1505P   3182
110,-8.923494975,16.155261523,-8.923494975,-10.433321446,           1507P   3183
18.290478595,-10.433321446;                                         1507P   3184
126,1,1,1,0,1,0,0.,0.,1.,1.,1.,1.,0.,0.,0.,0.,3.141592654,0.,       1509P   3185
0.,1.,0.,0.,1.;                                                     1509P   3186
124,0.499999999999996,-0.707106781186549,0.500000000000002,         1511P   3187
11.6833214455479,0.707106781186552,-3.88578058618805E-016,          1511P   3188
-0.707106781186544,16.5227116418583,0.499999999999998,              1511P   3189
0.707106781186546,0.500000000000004,-11.6833214455478;              1511P   3190
100,-11.683321446,-11.683321446,16.522711642,-9.183321446,          1513P   3191
16.522711642,-14.183321446,16.522711642;                            1513P   3192
126,1,1,1,0,1,0,0.,0.,1.,1.,1.,1.,0.,3.141592654,0.,1.,             1515P   3193
3.141592654,0.,0.,1.,0.,0.,1.;                                      1515P   3194
110,-12.933321446,14.754944689,-12.933321446,-11.423494975,         1517P   3195
12.619727617,-11.423494975;                                         1517P   3196
102,4,1499,1505,1509,1515;                                          1519P   3197
102,4,1503,1507,1513,1517;                                          1521P   3198
142,1,1497,1519,1521,1;                                             1523P   3199
144,1497,1,0,1523;                                                  1525P   3200
110,0.,0.,0.,0.,-707.106781187,707.106781187;                       1527P   3201
110,0.,18.290478595,-14.754944689,0.,16.155261523,                  1529P   3202
-12.619727617;                                                      1529P   3203
120,1527,1529,0.,6.28318530717959;                                  1531P   3204
126,1,1,1,0,1,0,0.,0.,1.,1.,1.,1.,1.,3.141592654,0.,1.,0.,0.,       1533P   3205
0.,1.,0.,0.,1.;                                                     1533P   3206
124,2.31655125225803E-015,-1.,2.46885013108226E-015,                1535P   3207
14.3874945699382,-0.707106781186556,1.07691569983681E-016,          1535P   3208
0.707106781186539,24.5609895446259,-0.707106781186539,              1535P   3209
-3.38378976885941E-015,-0.707106781186556,-24.5609895446262;        1535P   3210
100,-14.38749457,0.,14.38749457,2.5,14.38749457,-2.5,               1537P   3211
14.38749457;                                                        1537P   3212
126,1,1,1,0,1,0,0.,0.,1.,1.,1.,1.,1.,0.,0.,0.,0.,0.,0.,1.,0.,       1539P   3213
0.,1.;                                                              1539P   3214
110,0.,16.155261523,-12.619727617,0.,18.290478595,                  1541P   3215
-14.754944689;                                                      1541P   3216
126,1,1,1,0,1,0,0.,0.,1.,1.,1.,1.,0.,0.,0.,0.,3.141592654,0.,       1543P   3217
0.,1.,0.,0.,1.;                                                     1543P   3218
124,-2.51571110227872E-015,-1.,-2.46885013108228E-015,              1545P   3219
16.5227116418582,0.707106781186551,-3.31357105060083E-017,          1545P   3220
-0.707106781186544,4.83939019631025,0.707106781186544,              1545P   3221
-3.52461704934914E-015,0.707106781186551,-4.83939019631033;         1545P   3222
100,-16.522711642,0.,16.522711642,2.5,16.522711642,-2.5,            1547P   3223
16.522711642;                                                       1547P   3224
126,1,1,1,0,1,0,0.,0.,1.,1.,1.,1.,0.,3.141592654,0.,1.,             1549P   3225
3.141592654,0.,0.,1.,0.,0.,1.;                                      1549P   3226
110,0.,14.754944689,-18.290478595,0.,12.619727617,                  1551P   3227
-16.155261523;                                                      1551P   3228
102,4,1533,1539,1543,1549;                                          1553P   3229
102,4,1537,1541,1547,1551;                                          1555P   3230
142,1,1531,1553,1555,1;                                             1557P   3231
144,1531,1,0,1557;                                                  1559P   3232
110,0.,0.,0.,-500.,-707.106781187,500.;                             1561P   3233
110,10.433321446,18.290478595,-10.433321446,8.923494975,            1563P   3234
16.155261523,-8.923494975;                                          1563P   3235
120,1561,1563,0.,6.28318530717959;                                  1565P   3236
126,1,1,1,0,1,0,0.,0.,1.,1.,1.,1.,1.,3.141592654,0.,1.,0.,0.,       1567P   3237
0.,1.,0.,0.,1.;                                                     1567P   3238
124,0.499999999999977,-0.707106781186561,0.500000000000003,         1569P   3239
20.3469899493763,-0.707106781186554,1.66477609745426E-014,          1569P   3240
0.707106781186541,28.7749891398761,-0.500000000000013,              1569P   3241
-0.707106781186534,-0.500000000000006,-1.33573707650214E-013;       1569P   3242
100,-10.173494975,10.173494975,14.38749457,12.673494975,            1571P   3243
14.38749457,7.673494975,14.38749457;                                1571P   3244
126,1,1,1,0,1,0,0.,0.,1.,1.,1.,1.,1.,0.,0.,0.,0.,0.,0.,1.,0.,       1573P   3245
0.,1.;                                                              1573P   3246
110,8.923494975,16.155261523,-8.923494975,10.433321446,             1575P   3247
18.290478595,-10.433321446;                                         1575P   3248
126,1,1,1,0,1,0,0.,0.,1.,1.,1.,1.,0.,0.,0.,0.,3.141592654,0.,       1577P   3249
0.,1.,0.,0.,1.;                                                     1577P   3250
124,-0.5,-0.707106781186544,-0.500000000000005,                     1579P   3251
23.3666428910959,0.707106781186552,-5.82867087928207E-016,          1579P   3252
-0.707106781186544,-1.71737624121704E-013,0.499999999999994,        1579P   3253
-0.707106781186552,0.5,1.04083408558608E-014;                       1579P   3254
100,-11.683321446,11.683321446,16.522711642,14.183321446,           1581P   3255
16.522711642,9.183321446,16.522711642;                              1581P   3256
126,1,1,1,0,1,0,0.,0.,1.,1.,1.,1.,0.,3.141592654,0.,1.,             1583P   3257
3.141592654,0.,0.,1.,0.,0.,1.;                                      1583P   3258
110,12.933321446,14.754944689,-12.933321446,11.423494975,           1585P   3259
12.619727617,-11.423494975;                                         1585P   3260
102,4,1567,1573,1577,1583;                                          1587P   3261
102,4,1571,1575,1581,1585;                                          1589P   3262
142,1,1565,1587,1589,1;                                             1591P   3263
144,1565,1,0,1591;                                                  1593P   3264
110,0.,0.,0.,-707.106781187,-707.106781187,0.;                      1595P   3265
110,14.754944689,18.290478595,0.,12.619727617,16.155261523,0.;      1597P   3266
120,1595,1597,0.,6.28318530717959;                                  1599P   3267
126,1,1,1,0,1,0,0.,0.,1.,1.,1.,1.,1.,3.141592654,0.,1.,0.,0.,       1601P   3268
0.,1.,0.,0.,1.;                                                     1601P   3269
124,0.707106781186544,-1.06026298851702E-014,0.707106781186552,     1603P   3270
4.21399959525049,-0.707106781186551,1.07136521876328E-014,          1603P   3271
0.707106781186544,24.5609895446259,-1.50990331349021E-014,-1.,      1603P   3272
6.12323399573677E-017,14.3874945699383;                             1603P   3273
100,0.,14.38749457,14.38749457,16.88749457,14.38749457,             1605P   3274
11.88749457,14.38749457;                                            1605P   3275
126,1,1,1,0,1,0,0.,0.,1.,1.,1.,1.,1.,0.,0.,0.,0.,0.,0.,1.,0.,       1607P   3276
0.,1.;                                                              1607P   3277
110,12.619727617,16.155261523,0.,14.754944689,18.290478595,0.;      1609P   3278
126,1,1,1,0,1,0,0.,0.,1.,1.,1.,1.,0.,0.,0.,0.,3.141592654,0.,       1611P   3279
0.,1.,0.,0.,1.;                                                     1611P   3280
124,-0.707106781186544,-2.77555756156289E-016,                      1613P   3281
-0.707106781186552,28.2060330874063,0.707106781186551,              1613P   3282
1.66533453693773E-016,-0.707106781186544,4.83939019631016,          1613P   3283
2.77555756156289E-016,-1.,6.12323399573677E-017,                    1613P   3284
16.5227116418582;                                                   1613P   3285
100,0.,16.522711642,16.522711642,19.022711642,16.522711642,         1615P   3286
14.022711642,16.522711642;                                          1615P   3287
126,1,1,1,0,1,0,0.,0.,1.,1.,1.,1.,0.,3.141592654,0.,1.,             1617P   3288
3.141592654,0.,0.,1.,0.,0.,1.;                                      1617P   3289
110,18.290478595,14.754944689,0.,16.155261523,12.619727617,0.;      1619P   3290
102,4,1601,1607,1611,1617;                                          1621P   3291
102,4,1605,1609,1615,1619;                                          1623P   3292
142,1,1599,1621,1623,1;                                             1625P   3293
144,1599,1,0,1625;                                                  1627P   3294
110,0.,0.,0.,-500.,-707.106781187,-500.;                            1629P   3295
110,10.433321446,18.290478595,10.433321446,8.923494975,             1631P   3296
16.155261523,8.923494975;                                           1631P   3297
120,1629,1631,0.,6.28318530717959;                                  1633P   3298
126,1,1,1,0,1,0,0.,0.,1.,1.,1.,1.,1.,3.141592654,0.,1.,0.,0.,       1635P   3299
0.,1.,0.,0.,1.;                                                     1635P   3300
124,0.500000000000003,0.707106781186546,0.499999999999999,          1637P   3301
-10.1734949746879,-0.707106781186551,1.01030295240889E-014,         1637P   3302
0.707106781186544,14.3874945699379,0.499999999999991,               1637P   3303
-0.707106781186549,0.500000000000007,10.173494974688;               1637P   3304
100,10.173494975,10.173494975,14.38749457,12.673494975,             1639P   3305
14.38749457,7.673494975,14.38749457;                                1639P   3306
126,1,1,1,0,1,0,0.,0.,1.,1.,1.,1.,1.,0.,0.,0.,0.,0.,0.,1.,0.,       1641P   3307
0.,1.;                                                              1641P   3308
110,8.923494975,16.155261523,8.923494975,10.433321446,              1643P   3309
18.290478595,10.433321446;                                          1643P   3310
126,1,1,1,0,1,0,0.,0.,1.,1.,1.,1.,0.,0.,0.,0.,3.141592654,0.,       1645P   3311
0.,1.,0.,0.,1.;                                                     1645P   3312
124,-0.499999999999984,0.707106781186561,-0.499999999999996,        1647P   3313
11.6833214455476,0.707106781186554,-2.85656877235171E-015,          1647P   3314
-0.707106781186541,16.5227116418582,-0.500000000000006,             1647P   3315
-0.707106781186534,-0.500000000000013,35.049964336644;              1647P   3316
100,11.683321446,11.683321446,16.522711642,14.183321446,            1649P   3317
16.522711642,9.183321446,16.522711642;                              1649P   3318
126,1,1,1,0,1,0,0.,0.,1.,1.,1.,1.,0.,3.141592654,0.,1.,             1651P   3319
3.141592654,0.,0.,1.,0.,0.,1.;                                      1651P   3320
110,12.933321446,14.754944689,12.933321446,11.423494975,            1653P   3321
12.619727617,11.423494975;                                          1653P   3322
102,4,1635,1641,1645,1651;                                          1655P   3323
102,4,1639,1643,1649,1653;                                          1657P   3324
142,1,1633,1655,1657,1;                                             1659P   3325
144,1633,1,0,1659;                                                  1661P   3326
110,0.,0.,0.,0.,-707.106781187,-707.106781187;                      1663P   3327
110,0.,18.290478595,14.754944689,0.,16.155261523,12.619727617;      1665P   3328
120,1663,1665,0.,6.28318530717959;                                  1667P   3329
126,1,1,1,0,1,0,0.,0.,1.,1.,1.,1.,1.,3.141592654,0.,1.,0.,0.,       1669P   3330
0.,1.,0.,0.,1.;                                                     1669P   3331
124,6.51837197354668E-015,1.,-7.40655039324684E-015,                1671P   3332
-14.3874945699381,-0.707106781186551,9.84640703305592E-015,         1671P   3333
0.707106781186544,4.21399959524993,0.707106781186544,               1671P   3334
6.28036983473588E-016,0.707106781186551,4.21399959525032;           1671P   3335
100,14.38749457,0.,14.38749457,2.5,14.38749457,-2.5,                1673P   3336
14.38749457;                                                        1673P   3337
126,1,1,1,0,1,0,0.,0.,1.,1.,1.,1.,1.,0.,0.,0.,0.,0.,0.,1.,0.,       1675P   3338
0.,1.;                                                              1675P   3339
110,0.,16.155261523,12.619727617,0.,18.290478595,14.754944689;      1677P   3340
126,1,1,1,0,1,0,0.,0.,1.,1.,1.,1.,0.,0.,0.,0.,3.141592654,0.,       1679P   3341
0.,1.,0.,0.,1.;                                                     1679P   3342
124,2.10151590371569E-014,1.,7.40655039324679E-015,                 1681P   3343
-16.5227116418585,0.707106781186556,-9.62273945462297E-015,         1681P   3344
-0.707106781186539,28.2060330874063,-0.707106781186539,             1681P   3345
2.0097183471152E-014,-0.707106781186556,28.2060330874061;           1681P   3346
100,16.522711642,0.,16.522711642,2.5,16.522711642,-2.5,             1683P   3347
16.522711642;                                                       1683P   3348
126,1,1,1,0,1,0,0.,0.,1.,1.,1.,1.,0.,3.141592654,0.,1.,             1685P   3349
3.141592654,0.,0.,1.,0.,0.,1.;                                      1685P   3350
110,0.,14.754944689,18.290478595,0.,12.619727617,16.155261523;      1687P   3351
102,4,1669,1675,1679,1685;                                          1689P   3352
102,4,1673,1677,1683,1687;                                          1691P   3353
142,1,1667,1689,1691,1;                                             1693P   3354
144,1667,1,0,1693;                                                  1695P   3355
110,0.,0.,0.,500.,-707.106781187,-500.;                             1697P   3356
110,-10.433321446,18.290478595,10.433321446,-8.923494975,           1699P   3357
16.155261523,8.923494975;                                           1699P   3358
120,1697,1699,0.,6.28318530717959;                                  1701P   3359
126,1,1,1,0,1,0,0.,0.,1.,1.,1.,1.,1.,3.141592654,0.,1.,0.,0.,       1703P   3360
0.,1.,0.,0.,1.;                                                     1703P   3361
124,-0.499999999999993,0.707106781186546,-0.500000000000009,        1705P   3362
-20.3469899493759,-0.707106781186551,1.03528297046296E-014,         1705P   3363
0.707106781186544,-3.0964814046186E-013,0.500000000000002,          1705P   3364
0.707106781186549,0.499999999999997,1.42247325030098E-013;          1705P   3365
100,10.173494975,-10.173494975,14.38749457,-7.673494975,            1707P   3366
14.38749457,-12.673494975,14.38749457;                              1707P   3367
126,1,1,1,0,1,0,0.,0.,1.,1.,1.,1.,1.,0.,0.,0.,0.,0.,0.,1.,0.,       1709P   3368
0.,1.;                                                              1709P   3369
110,-8.923494975,16.155261523,8.923494975,-10.433321446,            1711P   3370
18.290478595,10.433321446;                                          1711P   3371
126,1,1,1,0,1,0,0.,0.,1.,1.,1.,1.,0.,0.,0.,0.,3.141592654,0.,       1713P   3372
0.,1.,0.,0.,1.;                                                     1713P   3373
124,0.499999999999984,0.707106781186554,0.500000000000007,          1715P   3374
-23.3666428910962,0.707106781186554,1.38777878078145E-014,          1715P   3375
-0.707106781186541,33.0454232837164,-0.500000000000007,             1715P   3376
0.707106781186541,-0.500000000000002,-9.36750677027476E-014;        1715P   3377
100,11.683321446,-11.683321446,16.522711642,-9.183321446,           1717P   3378
16.522711642,-14.183321446,16.522711642;                            1717P   3379
126,1,1,1,0,1,0,0.,0.,1.,1.,1.,1.,0.,3.141592654,0.,1.,             1719P   3380
3.141592654,0.,0.,1.,0.,0.,1.;                                      1719P   3381
110,-12.933321446,14.754944689,12.933321446,-11.423494975,          1721P   3382
12.619727617,11.423494975;                                          1721P   3383
102,4,1703,1709,1713,1719;                                          1723P   3384
102,4,1707,1711,1717,1721;                                          1725P   3385
142,1,1701,1723,1725,1;                                             1727P   3386
144,1701,1,0,1727;                                                  1729P   3387
128,1,1,1,1,0,0,1,0,0,0.,0.,1.,1.,0.,0.,1.,1.,1.,1.,1.,1.,          1731P   3388
-23.760458329,1.,-23.760458329,-23.760458329,1.,23.760458329,       1731P   3389
23.760458329,1.,-23.760458329,23.760458329,1.,23.760458329,0.,      1731P   3390
1.,0.,1.;                                                           1731P   3391
126,64,2,1,0,1,0,0.,0.,0.,0.03125,0.03125,0.0625,0.0625,            1733P   3392
0.09375,0.09375,0.125,0.125,0.15625,0.15625,0.1875,0.1875,          1733P   3393
0.21875,0.21875,0.25,0.25,0.28125,0.28125,0.3125,0.3125,            1733P   3394
0.34375,0.34375,0.375,0.375,0.40625,0.40625,0.4375,0.4375,          1733P   3395
0.46875,0.46875,0.5,0.5,0.53125,0.53125,0.5625,0.5625,0.59375,      1733P   3396
0.59375,0.625,0.625,0.65625,0.65625,0.6875,0.6875,0.71875,          1733P   3397
0.71875,0.75,0.75,0.78125,0.78125,0.8125,0.8125,0.84375,            1733P   3398
0.84375,0.875,0.875,0.90625,0.90625,0.9375,0.9375,0.96875,          1733P   3399
0.96875,1.,1.,1.,1.,1.,1.,1.,1.,1.,1.,1.,1.,1.,1.,1.,1.,1.,1.,      1733P   3400
1.,1.,1.,1.,1.,1.,1.,1.,1.,1.,1.,1.,1.,1.,1.,1.,1.,1.,1.,1.,1.,     1733P   3401
1.,1.,1.,1.,1.,1.,1.,1.,1.,1.,1.,1.,1.,1.,1.,1.,1.,1.,1.,1.,1.,     1733P   3402
1.,1.,1.,1.,1.,1.,1.,1.,0.5,0.005928854,0.,0.524272159,             1733P   3403
0.005928854,0.,0.548427441,0.008307941,0.,0.572582723,              1733P   3404
0.010687029,0.,0.596388499,0.015422292,0.,0.620194275,              1733P   3405
0.020157556,0.,0.643421283,0.027203391,0.,0.666648291,              1733P   3406
0.034249227,0.,0.689072842,0.04353778,0.,0.711497393,               1733P   3407
0.052826333,0.,0.732903526,0.06426815,0.,0.754309659,               1733P   3408
0.075709967,0.,0.774491222,0.089194856,0.,0.794672784,              1733P   3409
0.102679745,0.,0.813435417,0.118077839,0.,0.83219805,               1733P   3410
0.133475934,0.,0.849361058,0.150638942,0.,0.866524066,              1733P   3411
0.16780195,0.,0.881922161,0.186564583,0.,0.897320255,               1733P   3412
0.205327216,0.,0.910805144,0.225508778,0.,0.924290033,              1733P   3413
0.245690341,0.,0.93573185,0.267096474,0.,0.947173667,               1733P   3414
0.288502607,0.,0.95646222,0.310927158,0.,0.965750773,               1733P   3415
0.333351709,0.,0.972796609,0.356578717,0.,0.979842444,              1733P   3416
0.379805725,0.,0.984577708,0.403611501,0.,0.989312971,              1733P   3417
0.427417277,0.,0.991692059,0.451572559,0.,0.994071146,              1733P   3418
0.475727841,0.,0.994071146,0.5,0.,0.994071146,0.524272159,0.,       1733P   3419
0.991692059,0.548427441,0.,0.989312971,0.572582723,0.,              1733P   3420
0.984577708,0.596388499,0.,0.979842444,0.620194275,0.,              1733P   3421
0.972796609,0.643421283,0.,0.965750773,0.666648291,0.,              1733P   3422
0.95646222,0.689072842,0.,0.947173667,0.711497393,0.,               1733P   3423
0.93573185,0.732903526,0.,0.924290033,0.754309659,0.,               1733P   3424
0.910805144,0.774491222,0.,0.897320255,0.794672784,0.,              1733P   3425
0.881922161,0.813435417,0.,0.866524066,0.83219805,0.,               1733P   3426
0.849361058,0.849361058,0.,0.83219805,0.866524066,0.,               1733P   3427
0.813435417,0.881922161,0.,0.794672784,0.897320255,0.,              1733P   3428
0.774491222,0.910805144,0.,0.754309659,0.924290033,0.,              1733P   3429
0.732903526,0.93573185,0.,0.711497393,0.947173667,0.,               1733P   3430
0.689072842,0.95646222,0.,0.666648291,0.965750773,0.,               1733P   3431
0.643421283,0.972796609,0.,0.620194275,0.979842444,0.,              1733P   3432
0.596388499,0.984577708,0.,0.572582723,0.989312971,0.,              1733P   3433
0.548427441,0.991692059,0.,0.524272159,0.994071146,0.,0.5,          1733P   3434
0.994071146,0.,0.,1.,0.,0.,-1.;                                     1733P   3435
124,-1.,1.40883900352873E-014,0.,-1.40883900352873E-014,            1735P   3436
-8.62665088092701E-031,-6.12323399573677E-017,1.,1.,                1735P   3437
1.40883900352873E-014,1.,6.12323399573677E-017,-1.;                 1735P   3438
100,0.,0.,1.,23.478713764,1.,-23.478713764,1.;                      1737P   3439
126,64,2,1,0,1,0,0.,0.,0.,0.03125,0.03125,0.0625,0.0625,            1739P   3440
0.09375,0.09375,0.125,0.125,0.15625,0.15625,0.1875,0.1875,          1739P   3441
0.21875,0.21875,0.25,0.25,0.28125,0.28125,0.3125,0.3125,            1739P   3442
0.34375,0.34375,0.375,0.375,0.40625,0.40625,0.4375,0.4375,          1739P   3443
0.46875,0.46875,0.5,0.5,0.53125,0.53125,0.5625,0.5625,0.59375,      1739P   3444
0.59375,0.625,0.625,0.65625,0.65625,0.6875,0.6875,0.71875,          1739P   3445
0.71875,0.75,0.75,0.78125,0.78125,0.8125,0.8125,0.84375,            1739P   3446
0.84375,0.875,0.875,0.90625,0.90625,0.9375,0.9375,0.96875,          1739P   3447
0.96875,1.,1.,1.,1.,1.,1.,1.,1.,1.,1.,1.,1.,1.,1.,1.,1.,1.,1.,      1739P   3448
1.,1.,1.,1.,1.,1.,1.,1.,1.,1.,1.,1.,1.,1.,1.,1.,1.,1.,1.,1.,1.,     1739P   3449
1.,1.,1.,1.,1.,1.,1.,1.,1.,1.,1.,1.,1.,1.,1.,1.,1.,1.,1.,1.,1.,     1739P   3450
1.,1.,1.,1.,1.,1.,1.,1.,0.5,0.994071146,0.,0.475727841,             1739P   3451
0.994071146,0.,0.451572559,0.991692059,0.,0.427417277,              1739P   3452
0.989312971,0.,0.403611501,0.984577708,0.,0.379805725,              1739P   3453
0.979842444,0.,0.356578717,0.972796609,0.,0.333351709,              1739P   3454
0.965750773,0.,0.310927158,0.95646222,0.,0.288502607,               1739P   3455
0.947173667,0.,0.267096474,0.93573185,0.,0.245690341,               1739P   3456
0.924290033,0.,0.225508778,0.910805144,0.,0.205327216,              1739P   3457
0.897320255,0.,0.186564583,0.881922161,0.,0.16780195,               1739P   3458
0.866524066,0.,0.150638942,0.849361058,0.,0.133475934,              1739P   3459
0.83219805,0.,0.118077839,0.813435417,0.,0.102679745,               1739P   3460
0.794672784,0.,0.089194856,0.774491222,0.,0.075709967,              1739P   3461
0.754309659,0.,0.06426815,0.732903526,0.,0.052826333,               1739P   3462
0.711497393,0.,0.04353778,0.689072842,0.,0.034249227,               1739P   3463
0.666648291,0.,0.027203391,0.643421283,0.,0.020157556,              1739P   3464
0.620194275,0.,0.015422292,0.596388499,0.,0.010687029,              1739P   3465
0.572582723,0.,0.008307941,0.548427441,0.,0.005928854,              1739P   3466
0.524272159,0.,0.005928854,0.5,0.,0.005928854,0.475727841,0.,       1739P   3467
0.008307941,0.451572559,0.,0.010687029,0.427417277,0.,              1739P   3468
0.015422292,0.403611501,0.,0.020157556,0.379805725,0.,              1739P   3469
0.027203391,0.356578717,0.,0.034249227,0.333351709,0.,              1739P   3470
0.04353778,0.310927158,0.,0.052826333,0.288502607,0.,               1739P   3471
0.06426815,0.267096474,0.,0.075709967,0.245690341,0.,               1739P   3472
0.089194856,0.225508778,0.,0.102679745,0.205327216,0.,              1739P   3473
0.118077839,0.186564583,0.,0.133475934,0.16780195,0.,               1739P   3474
0.150638942,0.150638942,0.,0.16780195,0.133475934,0.,               1739P   3475
0.186564583,0.118077839,0.,0.205327216,0.102679745,0.,              1739P   3476
0.225508778,0.089194856,0.,0.245690341,0.075709967,0.,              1739P   3477
0.267096474,0.06426815,0.,0.288502607,0.052826333,0.,               1739P   3478
0.310927158,0.04353778,0.,0.333351709,0.034249227,0.,               1739P   3479
0.356578717,0.027203391,0.,0.379805725,0.020157556,0.,              1739P   3480
0.403611501,0.015422292,0.,0.427417277,0.010687029,0.,              1739P   3481
0.451572559,0.008307941,0.,0.475727841,0.005928854,0.,0.5,          1739P   3482
0.005928854,0.,0.,1.,0.,0.,-1.;                                     1739P   3483
124,1.,0.,0.,0.,0.,6.12323399573677E-017,1.,1.,0.,-1.,              1741P   3484
6.12323399573677E-017,1.;                                           1741P   3485
100,0.,0.,1.,23.478713764,1.,-23.478713764,1.;                      1743P   3486
102,2,1733,1739;                                                    1745P   3487
102,2,1737,1743;                                                    1747P   3488
142,1,1731,1745,1747,1;                                             1749P   3489
126,64,2,1,0,1,0,0.,0.,0.,0.03125,0.03125,0.0625,0.0625,            1751P   3490
0.09375,0.09375,0.125,0.125,0.15625,0.15625,0.1875,0.1875,          1751P   3491
0.21875,0.21875,0.25,0.25,0.28125,0.28125,0.3125,0.3125,            1751P   3492
0.34375,0.34375,0.375,0.375,0.40625,0.40625,0.4375,0.4375,          1751P   3493
0.46875,0.46875,0.5,0.5,0.53125,0.53125,0.5625,0.5625,0.59375,      1751P   3494
0.59375,0.625,0.625,0.65625,0.65625,0.6875,0.6875,0.71875,          1751P   3495
0.71875,0.75,0.75,0.78125,0.78125,0.8125,0.8125,0.84375,            1751P   3496
0.84375,0.875,0.875,0.90625,0.90625,0.9375,0.9375,0.96875,          1751P   3497
0.96875,1.,1.,1.,1.,1.,1.,1.,1.,1.,1.,1.,1.,1.,1.,1.,1.,1.,1.,      1751P   3498
1.,1.,1.,1.,1.,1.,1.,1.,1.,1.,1.,1.,1.,1.,1.,1.,1.,1.,1.,1.,1.,     1751P   3499
1.,1.,1.,1.,1.,1.,1.,1.,1.,1.,1.,1.,1.,1.,1.,1.,1.,1.,1.,1.,1.,     1751P   3500
1.,1.,1.,1.,1.,1.,1.,1.,0.5,0.930875426,0.,0.521167552,             1751P   3501
0.930875426,0.,0.542233177,0.928800643,0.,0.563298802,              1751P   3502
0.926725861,0.,0.584059626,0.922596276,0.,0.604820449,              1751P   3503
0.918466691,0.,0.625076534,0.912322075,0.,0.645332619,              1751P   3504
0.906177459,0.,0.664888887,0.898076988,0.,0.684445155,              1751P   3505
0.889976516,0.,0.70311327,0.879998201,0.,0.721781385,               1751P   3506
0.870019886,0.,0.739381561,0.858259824,0.,0.756981738,              1751P   3507
0.846499762,0.,0.773344477,0.833071209,0.,0.789707216,              1751P   3508
0.819642656,0.,0.804674936,0.804674936,0.,0.819642656,              1751P   3509
0.789707216,0.,0.833071209,0.773344477,0.,0.846499762,              1751P   3510
0.756981738,0.,0.858259824,0.739381561,0.,0.870019886,              1751P   3511
0.721781385,0.,0.879998201,0.70311327,0.,0.889976516,               1751P   3512
0.684445155,0.,0.898076988,0.664888887,0.,0.906177459,              1751P   3513
0.645332619,0.,0.912322075,0.625076534,0.,0.918466691,              1751P   3514
0.604820449,0.,0.922596276,0.584059626,0.,0.926725861,              1751P   3515
0.563298802,0.,0.928800643,0.542233177,0.,0.930875426,              1751P   3516
0.521167552,0.,0.930875426,0.5,0.,0.930875426,0.478832448,0.,       1751P   3517
0.928800643,0.457766823,0.,0.926725861,0.436701198,0.,              1751P   3518
0.922596276,0.415940374,0.,0.918466691,0.395179551,0.,              1751P   3519
0.912322075,0.374923466,0.,0.906177459,0.354667381,0.,              1751P   3520
0.898076988,0.335111113,0.,0.889976516,0.315554845,0.,              1751P   3521
0.879998201,0.29688673,0.,0.870019886,0.278218615,0.,               1751P   3522
0.858259824,0.260618439,0.,0.846499762,0.243018262,0.,              1751P   3523
0.833071209,0.226655523,0.,0.819642656,0.210292784,0.,              1751P   3524
0.804674936,0.195325064,0.,0.789707216,0.180357344,0.,              1751P   3525
0.773344477,0.166928791,0.,0.756981738,0.153500238,0.,              1751P   3526
0.739381561,0.141740176,0.,0.721781385,0.129980114,0.,              1751P   3527
0.70311327,0.120001799,0.,0.684445155,0.110023484,0.,               1751P   3528
0.664888887,0.101923012,0.,0.645332619,0.093822541,0.,              1751P   3529
0.625076534,0.087677925,0.,0.604820449,0.081533309,0.,              1751P   3530
0.584059626,0.077403724,0.,0.563298802,0.073274139,0.,              1751P   3531
0.542233177,0.071199357,0.,0.521167552,0.069124574,0.,0.5,          1751P   3532
0.069124574,0.,0.,1.,0.,0.,1.;                                      1751P   3533
124,1.,-1.39659253553725E-014,0.,1.39659253553725E-014,             1753P   3534
8.55166289179392E-031,6.12323399573677E-017,-1.,1.,                 1753P   3535
1.39659253553725E-014,1.,6.12323399573677E-017,-1.;                 1753P   3536
100,0.,0.,1.,20.475595229,1.,-20.475595229,1.;                      1755P   3537
126,64,2,1,0,1,0,0.,0.,0.,0.03125,0.03125,0.0625,0.0625,            1757P   3538
0.09375,0.09375,0.125,0.125,0.15625,0.15625,0.1875,0.1875,          1757P   3539
0.21875,0.21875,0.25,0.25,0.28125,0.28125,0.3125,0.3125,            1757P   3540
0.34375,0.34375,0.375,0.375,0.40625,0.40625,0.4375,0.4375,          1757P   3541
0.46875,0.46875,0.5,0.5,0.53125,0.53125,0.5625,0.5625,0.59375,      1757P   3542
0.59375,0.625,0.625,0.65625,0.65625,0.6875,0.6875,0.71875,          1757P   3543
0.71875,0.75,0.75,0.78125,0.78125,0.8125,0.8125,0.84375,            1757P   3544
0.84375,0.875,0.875,0.90625,0.90625,0.9375,0.9375,0.96875,          1757P   3545
0.96875,1.,1.,1.,1.,1.,1.,1.,1.,1.,1.,1.,1.,1.,1.,1.,1.,1.,1.,      1757P   3546
1.,1.,1.,1.,1.,1.,1.,1.,1.,1.,1.,1.,1.,1.,1.,1.,1.,1.,1.,1.,1.,     1757P   3547
1.,1.,1.,1.,1.,1.,1.,1.,1.,1.,1.,1.,1.,1.,1.,1.,1.,1.,1.,1.,1.,     1757P   3548
1.,1.,1.,1.,1.,1.,1.,1.,0.5,0.069124574,0.,0.478832448,             1757P   3549
0.069124574,0.,0.457766823,0.071199357,0.,0.436701198,              1757P   3550
0.073274139,0.,0.415940374,0.077403724,0.,0.395179551,              1757P   3551
0.081533309,0.,0.374923466,0.087677925,0.,0.354667381,              1757P   3552
0.093822541,0.,0.335111113,0.101923012,0.,0.315554845,              1757P   3553
0.110023484,0.,0.29688673,0.120001799,0.,0.278218615,               1757P   3554
0.129980114,0.,0.260618439,0.141740176,0.,0.243018262,              1757P   3555
0.153500238,0.,0.226655523,0.166928791,0.,0.210292784,              1757P   3556
0.180357344,0.,0.195325064,0.195325064,0.,0.180357344,              1757P   3557
0.210292784,0.,0.166928791,0.226655523,0.,0.153500238,              1757P   3558
0.243018262,0.,0.141740176,0.260618439,0.,0.129980114,              1757P   3559
0.278218615,0.,0.120001799,0.29688673,0.,0.110023484,               1757P   3560
0.315554845,0.,0.101923012,0.335111113,0.,0.093822541,              1757P   3561
0.354667381,0.,0.087677925,0.374923466,0.,0.081533309,              1757P   3562
0.395179551,0.,0.077403724,0.415940374,0.,0.073274139,              1757P   3563
0.436701198,0.,0.071199357,0.457766823,0.,0.069124574,              1757P   3564
0.478832448,0.,0.069124574,0.5,0.,0.069124574,0.521167552,0.,       1757P   3565
0.071199357,0.542233177,0.,0.073274139,0.563298802,0.,              1757P   3566
0.077403724,0.584059626,0.,0.081533309,0.604820449,0.,              1757P   3567
0.087677925,0.625076534,0.,0.093822541,0.645332619,0.,              1757P   3568
0.101923012,0.664888887,0.,0.110023484,0.684445155,0.,              1757P   3569
0.120001799,0.70311327,0.,0.129980114,0.721781385,0.,               1757P   3570
0.141740176,0.739381561,0.,0.153500238,0.756981738,0.,              1757P   3571
0.166928791,0.773344477,0.,0.180357344,0.789707216,0.,              1757P   3572
0.195325064,0.804674936,0.,0.210292784,0.819642656,0.,              1757P   3573
0.226655523,0.833071209,0.,0.243018262,0.846499762,0.,              1757P   3574
0.260618439,0.858259824,0.,0.278218615,0.870019886,0.,              1757P   3575
0.29688673,0.879998201,0.,0.315554845,0.889976516,0.,               1757P   3576
0.335111113,0.898076988,0.,0.354667381,0.906177459,0.,              1757P   3577
0.374923466,0.912322075,0.,0.395179551,0.918466691,0.,              1757P   3578
0.415940374,0.922596276,0.,0.436701198,0.926725861,0.,              1757P   3579
0.457766823,0.928800643,0.,0.478832448,0.930875426,0.,0.5,          1757P   3580
0.930875426,0.,0.,1.,0.,0.,1.;                                      1757P   3581
124,-1.,6.98296267768627E-015,0.,-6.98296267768627E-015,            1759P   3582
-4.27583144589696E-031,-6.12323399573677E-017,-1.,1.,               1759P   3583
-6.98296267768627E-015,-1.,6.12323399573677E-017,1.;                1759P   3584
100,0.,0.,1.,20.475595229,1.,-20.475595229,1.;                      1761P   3585
102,2,1751,1757;                                                    1763P   3586
102,2,1755,1761;                                                    1765P   3587
142,1,1731,1763,1765,1;                                             1767P   3588
144,1731,1,1,1749,1767;                                             1769P   3589
308,0,10Hacetabular,21,785,819,853,887,921,955,989,1023,1127,       1771P   3590
1231,1343,1457,1491,1525,1559,1593,1627,1661,1695,1729,1769;        1771P   3591
124,0.706281758612189,-0.707106781186558,-0.0341478762393763,       1773P   3592
38.948856682244,0.706281758612209,0.707106781186538,                1773P   3593
-0.0341478762393773,206.129940513702,0.0482923897039646,0.,         1773P   3594
0.998833241886092,177.677934885761;                                 1773P   3595
408,1771,0.,0.,0.,1.;                                               1775P   3596
S      1G      4D   1776P   3596                                        T      1
