ISO-10303-21;
HEADER;
FILE_DESCRIPTION (( 'STEP AP203' ),
    '1' );
FILE_NAME ('Assem1.STEP',
    '2021-06-01T14:52:01',
    ( '' ),
    ( '' ),
    'SwSTEP 2.0',
    'SolidWorks 2016',
    '' );
FILE_SCHEMA (( 'CONFIG_CONTROL_DESIGN' ));
ENDSEC;

DATA;
#1 = CARTESIAN_POINT ( 'NONE',  ( 32.49796752288815300, 52.29170252989760600, -3.727621118473932500 ) ) ;
#2 = CARTESIAN_POINT ( 'NONE',  ( 70.15714523901367300, 42.13460597120673200, -2.144654027453513700 ) ) ;
#3 = CARTESIAN_POINT ( 'NONE',  ( 140.2415454001212800, 48.76934561549637000, 2.307673112706154100 ) ) ;
#4 = FACE_OUTER_BOUND ( 'NONE', #2141, .T. ) ;
#5 = CC_DESIGN_PERSON_AND_ORGANIZATION_ASSIGNMENT ( #2753, #734, ( #2914 ) ) ;
#6 = CARTESIAN_POINT ( 'NONE',  ( 60.35279464040083000, 58.88285269047833700, -1.012133643130766600 ) ) ;
#7 = APPLICATION_CONTEXT ( 'configuration controlled 3d designs of mechanical parts and assemblies' ) ;
#8 = CARTESIAN_POINT ( 'NONE',  ( 20.82432998051893200, 25.43995718762979400, -4.039131485089946200 ) ) ;
#9 = FACE_OUTER_BOUND ( 'NONE', #2939, .T. ) ;
#10 = FACE_OUTER_BOUND ( 'NONE', #253, .T. ) ;
#11 = DIRECTION ( 'NONE',  ( 0.7071067811865500200, -0.7071067811865449100, 0.0000000000000000000 ) ) ;
#12 = ORIENTED_EDGE ( 'NONE', *, *, #800, .T. ) ;
#13 = CARTESIAN_POINT ( 'NONE',  ( 47.43415016655485800, 31.88466343617257000, 0.0000000000000000000 ) ) ;
#14 = CARTESIAN_POINT ( 'NONE',  ( 10.43332144554790400, 18.29047859482459200, 10.43332144554808300 ) ) ;
#15 = CARTESIAN_POINT ( 'NONE',  ( 170.6514491195346700, 50.68797563788723400, 0.8314345151534235900 ) ) ;
#16 = ADVANCED_FACE ( 'NONE', ( #2893 ), #1731, .T. ) ;
#17 = CARTESIAN_POINT ( 'NONE',  ( 65.53071129947640800, 50.03610970798517600, -4.824163551264753400 ) ) ;
#18 = CARTESIAN_POINT ( 'NONE',  ( 42.53250508835321100, 34.91137363605387400, -3.727621118473927600 ) ) ;
#19 = CARTESIAN_POINT ( 'NONE',  ( 45.59384930011095300, 35.10669183237706600, 3.252793314834930200 ) ) ;
#20 = ORIENTED_EDGE ( 'NONE', *, *, #2373, .T. ) ;
#21 = EDGE_CURVE ( 'NONE', #1789, #81, #1981, .T. ) ;
#22 = APPROVAL_STATUS ( 'not_yet_approved' ) ;
#23 = CARTESIAN_POINT ( 'NONE',  ( 35.41991501719147800, 47.23074093064659000, -4.782048313499095600 ) ) ;
#24 = CARTESIAN_POINT ( 'NONE',  ( 1.438959988998140200E-015, 23.50000000000000000, 0.0000000000000000000 ) ) ;
#25 = AXIS2_PLACEMENT_3D ( 'NONE', #837, #1541, #380 ) ;
#26 = CARTESIAN_POINT ( 'NONE',  ( 70.84812973711937900, 40.94955020993960900, 0.0000000000000000000 ) ) ;
#27 = COORDINATED_UNIVERSAL_TIME_OFFSET ( 5, 30, .AHEAD. ) ;
#28 = CARTESIAN_POINT ( 'NONE',  ( 52.89366772590644000, 52.96112348771283300, -4.394680959720481000 ) ) ;
#29 = CARTESIAN_POINT ( 'NONE',  ( 68.98468112244486900, 44.13644965239139100, -3.457343355140673600 ) ) ;
#30 = UNCERTAINTY_MEASURE_WITH_UNIT (LENGTH_MEASURE( 1.000000000000000100E-005 ), #632, 'distance_accuracy_value', 'NONE');
#31 = CARTESIAN_POINT ( 'NONE',  ( 39.61055765483391200, 39.97233571028889500, 4.782048346458395800 ) ) ;
#32 = APPROVAL_ROLE ( '' ) ;
#33 = DIRECTION ( 'NONE',  ( 0.0000000000000000000, 0.0000000000000000000, -1.000000000000000000 ) ) ;
#34 = ADVANCED_FACE ( 'NONE', ( #1660 ), #1609, .T. ) ;
#35 = AXIS2_PLACEMENT_3D ( 'NONE', #103, #2952, #395 ) ;
#36 = CARTESIAN_POINT ( 'NONE',  ( 44.14697084683444200, 32.11503701881379400, -2.397471148575075300 ) ) ;
#37 = DIRECTION ( 'NONE',  ( -0.7071067811865501300, 0.7071067811865448000, 0.0000000000000000000 ) ) ;
#38 = VERTEX_POINT ( 'NONE', #305 ) ;
#39 = CARTESIAN_POINT ( 'NONE',  ( 138.2025941115539600, 56.99970997104374200, -3.294445747909489500 ) ) ;
#40 = ORIENTED_EDGE ( 'NONE', *, *, #21, .T. ) ;
#41 = CARTESIAN_POINT ( 'NONE',  ( 109.1848481602066800, 47.82404623305432500, 3.560465533480217100 ) ) ;
#42 = DIRECTION ( 'NONE',  ( -0.5000000000000055500, -0.7071067811865436900, 0.5000000000000002200 ) ) ;
#43 = CARTESIAN_POINT ( 'NONE',  ( 34.14390256652621500, 25.59473600934518000, -2.140090379143188200 ) ) ;
#44 = CARTESIAN_POINT ( 'NONE',  ( 47.25417409255114600, 32.19814249086969200, -1.144210117848685200 ) ) ;
#45 = ADVANCED_FACE ( 'NONE', ( #2858 ), #921, .F. ) ;
#46 = CIRCLE ( 'NONE', #2947, 2.500000000000002200 ) ;
#47 = CIRCLE ( 'NONE', #2670, 18.50000000000000000 ) ;
#48 = CC_DESIGN_DATE_AND_TIME_ASSIGNMENT ( #2652, #460, ( #740 ) ) ;
#49 = CARTESIAN_POINT ( 'NONE',  ( 41.01380844686214300, 43.22775276456702900, 4.911872526784340400 ) ) ;
#50 = EDGE_CURVE ( 'NONE', #2299, #302, #1031, .T. ) ;
#51 = CARTESIAN_POINT ( 'NONE',  ( 170.6514491195347300, 54.86766932379794100, -5.210872130371981700E-016 ) ) ;
#52 = ORIENTED_EDGE ( 'NONE', *, *, #2336, .T. ) ;
#53 = CARTESIAN_POINT ( 'NONE',  ( 11.95186170762664600, 13.50398241508905000, -5.517419855254213500 ) ) ;
#54 = CARTESIAN_POINT ( 'NONE',  ( 140.6583717922205500, 47.70869097283429000, -0.09434270844877541700 ) ) ;
#55 = CARTESIAN_POINT ( 'NONE',  ( 34.35486343770456600, 55.05435077948920500, -3.252793053339281000 ) ) ;
#56 = CARTESIAN_POINT ( 'NONE',  ( 68.98468081216692800, 44.13645049521973400, 3.457343433105209800 ) ) ;
#57 = APPROVAL_STATUS ( 'not_yet_approved' ) ;
#58 = CARTESIAN_POINT ( 'NONE',  ( 70.84812973711937900, 40.94955020993960900, 0.0000000000000000000 ) ) ;
#59 = VERTEX_POINT ( 'NONE', #2239 ) ;
#60 = CARTESIAN_POINT ( 'NONE',  ( 15.95304881861218900, 9.502795304103532500, -3.267534982961925100 ) ) ;
#61 = EDGE_CURVE ( 'NONE', #1047, #38, #2666, .T. ) ;
#62 = CARTESIAN_POINT ( 'NONE',  ( 29.96400861706027300, 56.68064916118252900, 9.918235253974183200 ) ) ;
#63 = CARTESIAN_POINT ( 'NONE',  ( 138.0223780678785500, 57.61706640785122600, -2.778750267035418300 ) ) ;
#64 = CARTESIAN_POINT ( 'NONE',  ( 43.19531720622653400, 33.76334991744014500, 3.279872142402660000 ) ) ;
#65 = CARTESIAN_POINT ( 'NONE',  ( 24.30308234080590800, 18.82210123287342200, 3.420897085891362100 ) ) ;
#66 = APPROVAL_PERSON_ORGANIZATION ( #1591, #83, #2325 ) ;
#67 = CARTESIAN_POINT ( 'NONE',  ( 32.83980063628823800, 28.35859235368026200, -4.099681056684909600 ) ) ;
#68 = DIRECTION ( 'NONE',  ( -0.7071067811865449100, -0.7071067811865501300, -0.0000000000000000000 ) ) ;
#69 = CARTESIAN_POINT ( 'NONE',  ( 170.6514491195347900, 58.94593523160511200, -1.237186591991217700 ) ) ;
#70 = EDGE_CURVE ( 'NONE', #1309, #1060, #997, .T. ) ;
#71 = CARTESIAN_POINT ( 'NONE',  ( 138.4183863057257900, 56.17724743437577900, 3.788635337360973600 ) ) ;
#72 = CARTESIAN_POINT ( 'NONE',  ( 45.06646458560575000, 30.52242734622822700, 0.1747974573728662000 ) ) ;
#73 = AXIS2_PLACEMENT_3D ( 'NONE', #1352, #192, #1111 ) ;
#74 = CARTESIAN_POINT ( 'NONE',  ( 24.84553945611972700, 17.79336696142669500, 1.882709609711295400 ) ) ;
#75 = FACE_OUTER_BOUND ( 'NONE', #859, .T. ) ;
#76 = CARTESIAN_POINT ( 'NONE',  ( 32.49796782322521000, 52.29170200969852500, -3.727621291750256900 ) ) ;
#77 = CIRCLE ( 'NONE', #274, 20.49999999999999600 ) ;
#78 = DIRECTION ( 'NONE',  ( -0.0000000000000000000, -1.000000000000000000, -0.0000000000000000000 ) ) ;
#79 = CIRCLE ( 'NONE', #1860, 18.00000000000000000 ) ;
#80 = CARTESIAN_POINT ( 'NONE',  ( 9.914643305165766300, 15.54120081754665600, 3.978581913494983800 ) ) ;
#81 = VERTEX_POINT ( 'NONE', #2937 ) ;
#82 = ORIENTED_EDGE ( 'NONE', *, *, #530, .T. ) ;
#83 = APPROVAL ( #1642, 'UNSPECIFIED' ) ;
#84 = CARTESIAN_POINT ( 'NONE',  ( 64.10916758326867200, 52.46759665397866700, 4.602237041040982700 ) ) ;
#85 = CARTESIAN_POINT ( 'NONE',  ( 40.66648023538633100, 49.78020776298902900, 4.746882749226229800 ) ) ;
#86 = CARTESIAN_POINT ( 'NONE',  ( 33.88230193115349200, 26.12033306110118500, -2.634390242701607900 ) ) ;
#87 = CARTESIAN_POINT ( 'NONE',  ( 34.67235622565759500, 24.58511601770778300, 0.4406529793512346500 ) ) ;
#88 = CARTESIAN_POINT ( 'NONE',  ( 8.845142070419445400, 16.61070205229622900, 1.092283404460681100 ) ) ;
#89 = CARTESIAN_POINT ( 'NONE',  ( 61.27125707480115600, 38.36346351161812900, 0.0000000000000000000 ) ) ;
#90 = LOCAL_TIME ( 20, 22, 1.000000000000000000, #311 ) ;
#91 = CARTESIAN_POINT ( 'NONE',  ( 38.69060275281463400, 53.37311304915827000, 4.112001076108772900 ) ) ;
#92 = CARTESIAN_POINT ( 'NONE',  ( 41.68493606410457600, 36.37940686291031500, 4.160230755508901100 ) ) ;
#93 = CARTESIAN_POINT ( 'NONE',  ( 25.08579911478129500, 17.34872170962300000, 0.8124159240515395100 ) ) ;
#94 = CARTESIAN_POINT ( 'NONE',  ( 28.48791975328280300, 38.66971911625041300, -3.574259188820810200 ) ) ;
#95 = DIRECTION ( 'NONE',  ( 0.0000000000000000000, 0.0000000000000000000, 1.000000000000000000 ) ) ;
#96 = CARTESIAN_POINT ( 'NONE',  ( 8.775195154523240500, 16.68064896818900100, 0.09146616038252529400 ) ) ;
#97 = ORIENTED_EDGE ( 'NONE', *, *, #2630, .T. ) ;
#98 = CC_DESIGN_APPROVAL ( #1007, ( #2827 ) ) ;
#99 = CARTESIAN_POINT ( 'NONE',  ( 39.97435679820202400, 45.08052093543893300, 4.960225550400735100 ) ) ;
#100 = CARTESIAN_POINT ( 'NONE',  ( 27.08481446235066800, 41.49372940905689700, 0.4406529793512346500 ) ) ;
#101 = ORIENTED_EDGE ( 'NONE', *, *, #1310, .T. ) ;
#102 = CARTESIAN_POINT ( 'NONE',  ( 27.06710665973923500, 41.52639950655955700, 0.1470203360972077700 ) ) ;
#103 = CARTESIAN_POINT ( 'NONE',  ( 0.0000000000000000000, 0.0000000000000000000, 0.0000000000000000000 ) ) ;
#104 = ORIENTED_EDGE ( 'NONE', *, *, #643, .F. ) ;
#105 = CARTESIAN_POINT ( 'NONE',  ( 0.0000000000000000000, -3.794707603699265500E-015, 0.0000000000000000000 ) ) ;
#106 = EDGE_CURVE ( 'NONE', #1563, #2360, #1033, .T. ) ;
#107 = CARTESIAN_POINT ( 'NONE',  ( 16.61070205229678400, 8.845142070420219900, -1.092283404460698400 ) ) ;
#108 = LINE ( 'NONE', #1120, #1906 ) ;
#109 = CARTESIAN_POINT ( 'NONE',  ( 42.66093802043295100, 46.12828515694096900, 4.945478767604739400 ) ) ;
#110 = CARTESIAN_POINT ( 'NONE',  ( 41.66273456160784100, 47.95762468903241400, 4.896369465382472100 ) ) ;
#111 = AXIS2_PLACEMENT_3D ( 'NONE', #2681, #1530, #2468 ) ;
#112 = CARTESIAN_POINT ( 'NONE',  ( 27.06710665973923500, 41.52639950655955700, 0.1470203360972077700 ) ) ;
#113 = FACE_BOUND ( 'NONE', #595, .T. ) ;
#114 = CARTESIAN_POINT ( 'NONE',  ( 19.84364007884888200, 27.30025662907448600, 1.328361310040008000 ) ) ;
#115 = DIRECTION ( 'NONE',  ( -0.0000000000000000000, -1.000000000000000000, -0.0000000000000000000 ) ) ;
#116 = ORIENTED_EDGE ( 'NONE', *, *, #1351, .F. ) ;
#117 = DIRECTION ( 'NONE',  ( -2.468850131082279100E-015, -0.7071067811865435800, 0.7071067811865514600 ) ) ;
#118 = CARTESIAN_POINT ( 'NONE',  ( 170.6514491195348500, 54.03226971124018300, 4.199754337915632800 ) ) ;
#119 = CARTESIAN_POINT ( 'NONE',  ( 29.91189088713860800, 35.39424394663387800, 4.920784649256328100 ) ) ;
#120 = CARTESIAN_POINT ( 'NONE',  ( 32.49796807448717600, 52.29170215476472800, 3.727621291750247100 ) ) ;
#121 = CARTESIAN_POINT ( 'NONE',  ( 41.93864333817230500, 35.93997226418778700, -4.959117650617368000 ) ) ;
#122 = AXIS2_PLACEMENT_3D ( 'NONE', #2701, #609, #127 ) ;
#123 = CARTESIAN_POINT ( 'NONE',  ( 62.67641918263066000, 54.91335846013858200, 3.913619126902470500 ) ) ;
#124 = CARTESIAN_POINT ( 'NONE',  ( 20.82433002874494200, 25.43995721547312200, 4.039131485089952500 ) ) ;
#125 = ORIENTED_EDGE ( 'NONE', *, *, #856, .F. ) ;
#126 = CARTESIAN_POINT ( 'NONE',  ( 29.41996718859018100, 36.56279186735276500, 4.580158905294133800 ) ) ;
#127 = DIRECTION ( 'NONE',  ( 0.0000000000000000000, -0.0000000000000000000, 1.000000000000000000 ) ) ;
#128 = DATE_AND_TIME ( #2387, #589 ) ;
#129 = CARTESIAN_POINT ( 'NONE',  ( 45.06646451161697800, 30.52242723467161100, -2.904983842404085700 ) ) ;
#130 = CC_DESIGN_PERSON_AND_ORGANIZATION_ASSIGNMENT ( #1519, #486, ( #361 ) ) ;
#131 = VERTEX_POINT ( 'NONE', #846 ) ;
#132 = EDGE_CURVE ( 'NONE', #557, #669, #1344, .T. ) ;
#133 = CARTESIAN_POINT ( 'NONE',  ( 105.1069459006800700, 57.49772386163302000, 2.606389695381086100 ) ) ;
#134 = ORIENTED_EDGE ( 'NONE', *, *, #416, .F. ) ;
#135 = CARTESIAN_POINT ( 'NONE',  ( 12.72792206135781800, 12.72792206135788500, 5.626586237797162900 ) ) ;
#136 = PRODUCT_DEFINITION_SHAPE ( 'NONE', 'NONE',  #3040 ) ;
#137 = CARTESIAN_POINT ( 'NONE',  ( 137.7732285148242700, 58.36816407226445600, 1.924630231184474100 ) ) ;
#138 =( NAMED_UNIT ( * ) PLANE_ANGLE_UNIT ( ) SI_UNIT ( $, .RADIAN. ) );
#139 = SPHERICAL_SURFACE ( 'NONE', #978, 20.49999999999999600 ) ;
#140 = VECTOR ( 'NONE', #288, 1000.000000000000000 ) ;
#141 = SPHERICAL_SURFACE ( 'NONE', #1799, 18.50000000000000000 ) ;
#142 = CARTESIAN_POINT ( 'NONE',  ( 9.502795304104251900, 15.95304881861302900, -3.267534982961929600 ) ) ;
#143 = ORIENTED_EDGE ( 'NONE', *, *, #1741, .F. ) ;
#144 = CARTESIAN_POINT ( 'NONE',  ( 62.07674215027808600, 55.93576913061365000, 3.457343433105211500 ) ) ;
#145 = ORIENTED_EDGE ( 'NONE', *, *, #260, .T. ) ;
#146 = AXIS2_PLACEMENT_3D ( 'NONE', #2109, #2526, #2813 ) ;
#147 = CARTESIAN_POINT ( 'NONE',  ( 38.56401113130025500, 41.78500747284480400, 4.927375648881092500 ) ) ;
#148 = CARTESIAN_POINT ( 'NONE',  ( 32.54269680522654800, 58.22739548364705100, 0.5170729331462256000 ) ) ;
#149 = DIRECTION ( 'NONE',  ( -0.4758347903373033000, -0.4758347903373169600, -0.7397043359405811600 ) ) ;
#150 = CARTESIAN_POINT ( 'NONE',  ( 16.67743713198310500, 8.778406990733897100, -0.2743934802053755700 ) ) ;
#151 = DATE_AND_TIME ( #2834, #2185 ) ;
#152 = CARTESIAN_POINT ( 'NONE',  ( 50.88196380163045500, 56.45759870206726600, 3.100792621600340300 ) ) ;
#153 = CARTESIAN_POINT ( 'NONE',  ( 65.53071129947640800, 50.03610970798517600, -4.824163551264753400 ) ) ;
#154 = CARTESIAN_POINT ( 'NONE',  ( 35.41991533952747100, 47.23074111674751700, 4.782048313499099200 ) ) ;
#155 = CARTESIAN_POINT ( 'NONE',  ( 170.6514491195346200, 58.94593533306989700, 1.237186249581660800 ) ) ;
#156 =( NAMED_UNIT ( * ) PLANE_ANGLE_UNIT ( ) SI_UNIT ( $, .RADIAN. ) );
#157 = EDGE_CURVE ( 'NONE', #2846, #268, #2171, .T. ) ;
#158 = DIRECTION ( 'NONE',  ( 0.0000000000000000000, 0.0000000000000000000, 1.000000000000000000 ) ) ;
#159 = CARTESIAN_POINT ( 'NONE',  ( -1.321846304278219000E-013, 16.15526152290445700, 12.61972761697187900 ) ) ;
#160 = APPROVAL_DATE_TIME ( #249, #1941 ) ;
#161 = EDGE_CURVE ( 'NONE', #542, #1334, #367, .T. ) ;
#162 = COORDINATED_UNIVERSAL_TIME_OFFSET ( 5, 30, .AHEAD. ) ;
#163 = CARTESIAN_POINT ( 'NONE',  ( 137.5731902070294000, 58.87967076465133700, 1.059208179091879300 ) ) ;
#164 = CARTESIAN_POINT ( 'NONE',  ( 37.89804011490255700, 48.77981788487881000, -4.764465583047379700 ) ) ;
#165 = CARTESIAN_POINT ( 'NONE',  ( 32.33720363141838300, 29.51605363562229200, 4.580158905294133800 ) ) ;
#166 = CARTESIAN_POINT ( 'NONE',  ( 50.10728742777931200, 57.79924306878144300, 2.233980342750917700 ) ) ;
#167 =( LENGTH_UNIT ( ) NAMED_UNIT ( * ) SI_UNIT ( .MILLI., .METRE. ) );
#168 = EDGE_LOOP ( 'NONE', ( #1001, #2267, #2244, #2672 ) ) ;
#169 = DIRECTION ( 'NONE',  ( 0.0000000000000000000, -1.000000000000000000, -0.0000000000000000000 ) ) ;
#170 = CARTESIAN_POINT ( 'NONE',  ( -12.72792206135794800, 12.72792206135776300, -2.204364238465235800E-015 ) ) ;
#171 =( GEOMETRIC_REPRESENTATION_CONTEXT ( 3 ) GLOBAL_UNCERTAINTY_ASSIGNED_CONTEXT ( ( #431 ) ) GLOBAL_UNIT_ASSIGNED_CONTEXT ( ( #1783, #1811, #2055 ) ) REPRESENTATION_CONTEXT ( 'NONE', 'WORKASPACE' ) );
#172 = CARTESIAN_POINT ( 'NONE',  ( 8.775195154524958200, 16.68064896819071700, 0.0000000000000000000 ) ) ;
#173 = CARTESIAN_POINT ( 'NONE',  ( 170.6514491195347900, 58.94593523160511200, -1.237186591991217700 ) ) ;
#174 = CARTESIAN_POINT ( 'NONE',  ( 36.46646163094816000, 45.41806901181923500, -4.927375642739444400 ) ) ;
#175 = CARTESIAN_POINT ( 'NONE',  ( 44.88304684919008000, 30.84011626127579900, 1.158525039789621400 ) ) ;
#176 = LINE ( 'NONE', #654, #398 ) ;
#177 = CARTESIAN_POINT ( 'NONE',  ( 60.23514680495615200, 59.08509006083007600, 0.4551643113800255500 ) ) ;
#178 =( NAMED_UNIT ( * ) SI_UNIT ( $, .STERADIAN. ) SOLID_ANGLE_UNIT ( ) );
#179 = CIRCLE ( 'NONE', #146, 2.500000000000000900 ) ;
#180 = CARTESIAN_POINT ( 'NONE',  ( 0.0000000000000000000, 0.0000000000000000000, 0.0000000000000000000 ) ) ;
#181 = AXIS2_PLACEMENT_3D ( 'NONE', #1939, #1475, #1952 ) ;
#182 = ORIENTED_EDGE ( 'NONE', *, *, #1263, .T. ) ;
#183 = CARTESIAN_POINT ( 'NONE',  ( 108.3237039006897400, 49.84837483110426600, -4.344743180864403700 ) ) ;
#184 = CARTESIAN_POINT ( 'NONE',  ( 137.6700270019034900, 58.64291253262327800, -1.509900376778994900 ) ) ;
#185 = CARTESIAN_POINT ( 'NONE',  ( 170.6514491195347900, 52.48870021954904500, -3.560377568456066100 ) ) ;
#186 = DESIGN_CONTEXT ( 'detailed design', #1586, 'design' ) ;
#187 = DIRECTION ( 'NONE',  ( 0.0000000000000000000, 0.0000000000000000000, -1.000000000000000000 ) ) ;
#188 = CARTESIAN_POINT ( 'NONE',  ( 137.5042944036766500, 59.03375709725586500, 0.6445854290373092000 ) ) ;
#189 = PERSON_AND_ORGANIZATION_ROLE ( 'design_owner' ) ;
#190 = SECURITY_CLASSIFICATION ( '', '', #1914 ) ;
#191 = DIRECTION ( 'NONE',  ( 0.5000000000000020000, -0.7071067811865435800, 0.5000000000000036600 ) ) ;
#192 = DIRECTION ( 'NONE',  ( 0.5000000000000055500, 0.7071067811865436900, -0.5000000000000002200 ) ) ;
#193 = CARTESIAN_POINT ( 'NONE',  ( 42.05067285166051500, 41.38122362235991100, -4.764465583047369000 ) ) ;
#194 = CARTESIAN_POINT ( 'NONE',  ( 140.6583717937152500, 47.70869097369723700, 0.09434267237537805100 ) ) ;
#195 = CARTESIAN_POINT ( 'NONE',  ( 61.60030124511020200, 56.74860292105251600, -3.002949323848437500 ) ) ;
#196 = CARTESIAN_POINT ( 'NONE',  ( 39.97435647713973600, 45.08052075007335400, -4.960225686990951600 ) ) ;
#197 = CARTESIAN_POINT ( 'NONE',  ( 5.768873936463478300E-014, 16.52271164185821600, -16.52271164185840000 ) ) ;
#198 = APPROVAL_ROLE ( '' ) ;
#199 = CARTESIAN_POINT ( 'NONE',  ( 21.20181863664214800, 24.71873310335857000, -4.628797076393203400 ) ) ;
#200 = EDGE_LOOP ( 'NONE', ( #2882, #309, #992, #1086 ) ) ;
#201 = DIRECTION ( 'NONE',  ( 0.5000000000000034400, 0.7071067811865513500, -0.4999999999999909500 ) ) ;
#202 = CARTESIAN_POINT ( 'NONE',  ( 140.3475144842957400, 48.46319615142448400, -1.924630458317891700 ) ) ;
#203 = LOCAL_TIME ( 20, 22, 1.000000000000000000, #1235 ) ;
#204 = DIRECTION ( 'NONE',  ( 7.406550393246760100E-015, 0.7071067811865517900, -0.7071067811865433500 ) ) ;
#205 = CARTESIAN_POINT ( 'NONE',  ( 47.43415017224656800, 31.88466343945867700, 0.1725564767460574000 ) ) ;
#206 = CARTESIAN_POINT ( 'NONE',  ( 49.49643431347440300, 58.85612831449537200, -1.063857071290739400 ) ) ;
#207 = ORIENTED_EDGE ( 'NONE', *, *, #21, .F. ) ;
#208 = CARTESIAN_POINT ( 'NONE',  ( 61.11719379273209500, 38.63000448554765900, -1.063857071290742900 ) ) ;
#209 = CARTESIAN_POINT ( 'NONE',  ( 16.67743713198247200, 8.778406990733261100, 0.2743934802053705200 ) ) ;
#210 = CC_DESIGN_PERSON_AND_ORGANIZATION_ASSIGNMENT ( #613, #271, ( #2827 ) ) ;
#211 = DIRECTION ( 'NONE',  ( -0.7071067811865501300, 0.7071067811865449100, 0.0000000000000000000 ) ) ;
#212 = PERSON_AND_ORGANIZATION_ROLE ( 'creator' ) ;
#213 = CARTESIAN_POINT ( 'NONE',  ( 31.35013470895141900, 54.27980734818601100, -2.880228980763857500 ) ) ;
#214 = CARTESIAN_POINT ( 'NONE',  ( 59.19951453939879100, 41.95141261033632000, -3.552838766875401300 ) ) ;
#215 = CYLINDRICAL_SURFACE ( 'NONE', #2855, 2.500000000000001300 ) ;
#216 = FACE_OUTER_BOUND ( 'NONE', #977, .T. ) ;
#217 = CARTESIAN_POINT ( 'NONE',  ( 49.68363664848034500, 33.44103390698984400, 1.129895517375869600 ) ) ;
#218 = CARTESIAN_POINT ( 'NONE',  ( 32.51456311447832800, 58.27637825262596000, 0.1725564767460577000 ) ) ;
#219 = FACE_OUTER_BOUND ( 'NONE', #2479, .T. ) ;
#220 = CARTESIAN_POINT ( 'NONE',  ( 110.0435798408079500, 45.99637910207194100, -2.218246363384208700 ) ) ;
#221 = EDGE_LOOP ( 'NONE', ( #2953, #2920, #1209, #2424 ) ) ;
#222 = CARTESIAN_POINT ( 'NONE',  ( 70.82627602200082600, 40.98712948677908900, 0.4551643113800297200 ) ) ;
#223 = EDGE_CURVE ( 'NONE', #2247, #1683, #264, .T. ) ;
#224 = ORIENTED_EDGE ( 'NONE', *, *, #2268, .T. ) ;
#225 = CARTESIAN_POINT ( 'NONE',  ( 32.69453910736569900, 57.96289915109635900, -1.144210117848681200 ) ) ;
#226 = DATE_TIME_ROLE ( 'creation_date' ) ;
#227 = CARTESIAN_POINT ( 'NONE',  ( 19.74468824961122900, 27.48176565476952100, -0.8124159240515388400 ) ) ;
#228 = CARTESIAN_POINT ( 'NONE',  ( -1.730662180939043600E-013, 16.52271164185821600, 16.52271164185840000 ) ) ;
#229 = AXIS2_PLACEMENT_3D ( 'NONE', #1328, #1098, #2777 ) ;
#230 = CARTESIAN_POINT ( 'NONE',  ( 110.4436563532318400, 45.21540324229146500, -1.286981836852804800 ) ) ;
#231 = CARTESIAN_POINT ( 'NONE',  ( 4.406154347594063200E-014, 16.15526152290445700, -12.61972761697187900 ) ) ;
#232 = CARTESIAN_POINT ( 'NONE',  ( 170.6514491195347300, 50.61266932379794500, -3.862470239479609500E-016 ) ) ;
#233 = CARTESIAN_POINT ( 'NONE',  ( 54.50383772870925700, 50.14832406541437100, -4.824849594149539700 ) ) ;
#234 = CARTESIAN_POINT ( 'NONE',  ( 49.39333257861360900, 33.95088976267066300, -1.759221469997819500 ) ) ;
#235 = EDGE_LOOP ( 'NONE', ( #926, #1841 ) ) ;
#236 = LOCAL_TIME ( 20, 22, 1.000000000000000000, #1012 ) ;
#237 = CARTESIAN_POINT ( 'NONE',  ( 170.6514491195346700, 51.39592438108458300, 2.487201022547056900 ) ) ;
#238 = APPLICATION_PROTOCOL_DEFINITION ( 'international standard', 'config_control_design', 1994, #7 ) ;
#239 = CARTESIAN_POINT ( 'NONE',  ( 24.00615733564772100, 19.39053014891950600, -4.039131485089951600 ) ) ;
#240 = ADVANCED_FACE ( 'NONE', ( #2049 ), #847, .F. ) ;
#241 = PRODUCT_DEFINITION ( 'UNKNOWN', '', #1805, #2257 ) ;
#242 = DIRECTION ( 'NONE',  ( 1.000000000000000000, 0.0000000000000000000, 0.0000000000000000000 ) ) ;
#243 = DIRECTION ( 'NONE',  ( -0.0000000000000000000, -0.0000000000000000000, -1.000000000000000000 ) ) ;
#244 = CARTESIAN_POINT ( 'NONE',  ( 60.86363818067907500, 39.06866388198508800, 1.663967830746340800 ) ) ;
#245 = CARTESIAN_POINT ( 'NONE',  ( 37.88251918050095000, 54.82877178167596100, -3.674763180843572100 ) ) ;
#246 = DATE_AND_TIME ( #1999, #1016 ) ;
#247 = CARTESIAN_POINT ( 'NONE',  ( 170.6514491195347900, 50.68797568641271300, -0.8314347764370546600 ) ) ;
#248 = CARTESIAN_POINT ( 'NONE',  ( 68.98468081216692800, 44.13645049521973400, 3.457343433105209800 ) ) ;
#249 = DATE_AND_TIME ( #1968, #799 ) ;
#250 = CARTESIAN_POINT ( 'NONE',  ( 10.51795004491406600, 14.93789407780162600, -4.677435247492261400 ) ) ;
#251 = CARTESIAN_POINT ( 'NONE',  ( 0.0000000000000000000, -2.000000000000004400, 0.0000000000000000000 ) ) ;
#252 = CARTESIAN_POINT ( 'NONE',  ( 46.95598428628509400, 32.71830325481297300, -1.779869218677089000 ) ) ;
#253 = EDGE_LOOP ( 'NONE', ( #1050, #1144, #1067 ) ) ;
#254 = ADVANCED_FACE ( 'NONE', ( #2398 ), #967, .F. ) ;
#255 = CARTESIAN_POINT ( 'NONE',  ( 51.41411343850040800, 55.53472011562767800, -3.552838766875405300 ) ) ;
#256 = CARTESIAN_POINT ( 'NONE',  ( 46.07169018915012500, 34.26685617126788200, -2.853612442041494100 ) ) ;
#257 = CC_DESIGN_PERSON_AND_ORGANIZATION_ASSIGNMENT ( #793, #1224, ( #2569 ) ) ;
#258 = CARTESIAN_POINT ( 'NONE',  ( 170.6514491195348500, 54.03226971124018300, 4.199754337915632800 ) ) ;
#259 = APPROVAL_STATUS ( 'not_yet_approved' ) ;
#260 = EDGE_CURVE ( 'NONE', #1205, #2596, #2782, .T. ) ;
#261 = DIRECTION ( 'NONE',  ( -1.000000000000000000, 0.0000000000000000000, 0.0000000000000000000 ) ) ;
#262 = LINE ( 'NONE', #1644, #2454 ) ;
#263 = CARTESIAN_POINT ( 'NONE',  ( 24.69160966331476800, 18.08321399949134200, -2.388551504639375700 ) ) ;
#264 = CIRCLE ( 'NONE', #2620, 20.47559522944326800 ) ;
#265 = CARTESIAN_POINT ( 'NONE',  ( 16.52271164185840000, 16.52271164185821600, 0.0000000000000000000 ) ) ;
#266 = CARTESIAN_POINT ( 'NONE',  ( 110.6652944664008900, 44.80471262273290700, 0.0000000000000000000 ) ) ;
#267 = CARTESIAN_POINT ( 'NONE',  ( 37.25018664325467200, 55.96086728284221600, -3.225714307295652900 ) ) ;
#268 = VERTEX_POINT ( 'NONE', #348 ) ;
#269 = EDGE_CURVE ( 'NONE', #2896, #2322, #579, .T. ) ;
#270 = CARTESIAN_POINT ( 'NONE',  ( 107.8959862278657300, 50.90034313923075600, 4.541795214079455100 ) ) ;
#271 = PERSON_AND_ORGANIZATION_ROLE ( 'design_supplier' ) ;
#272 = ADVANCED_FACE ( 'NONE', ( #1569 ), #2261, .T. ) ;
#273 = CARTESIAN_POINT ( 'NONE',  ( 16.67743713198246900, 8.778406990733261100, -0.2743934802053694100 ) ) ;
#274 = AXIS2_PLACEMENT_3D ( 'NONE', #1934, #756, #1438 ) ;
#275 = CARTESIAN_POINT ( 'NONE',  ( 140.6164485100813100, 47.79760316385550600, -0.6445855043786472600 ) ) ;
#276 = COORDINATED_UNIVERSAL_TIME_OFFSET ( 5, 30, .AHEAD. ) ;
#277 = CARTESIAN_POINT ( 'NONE',  ( 106.1853231928267100, 55.10785629334727500, -4.016893450055936100 ) ) ;
#278 = CARTESIAN_POINT ( 'NONE',  ( 48.07168856469212400, 36.29570375515490400, 3.225714554103718900 ) ) ;
#279 = CARTESIAN_POINT ( 'NONE',  ( 16.65828502818096300, 8.797559094534767300, -0.6393613661824996100 ) ) ;
#280 = CARTESIAN_POINT ( 'NONE',  ( 1.249999999999983100, -1.767766952966379800, 1.250000000000004400 ) ) ;
#281 = ORIENTED_EDGE ( 'NONE', *, *, #2927, .T. ) ;
#282 = COORDINATED_UNIVERSAL_TIME_OFFSET ( 5, 30, .AHEAD. ) ;
#283 = ADVANCED_FACE ( 'NONE', ( #3003 ), #2926, .F. ) ;
#284 = PERSON_AND_ORGANIZATION ( #2725, #3031 ) ;
#285 = EDGE_LOOP ( 'NONE', ( #1455, #52 ) ) ;
#286 = CARTESIAN_POINT ( 'NONE',  ( 59.19951421293831100, 41.95141357286645000, 3.552838892508567900 ) ) ;
#287 = PERSON_AND_ORGANIZATION_ROLE ( 'creator' ) ;
#288 = DIRECTION ( 'NONE',  ( -0.7071067811865514600, -0.7071067811865435800, 0.0000000000000000000 ) ) ;
#289 = DIRECTION ( 'NONE',  ( -2.468850131082251100E-015, 0.7071067811865515700, 0.7071067811865435800 ) ) ;
#290 = AXIS2_PLACEMENT_3D ( 'NONE', #1758, #347, #1990 ) ;
#291 = CARTESIAN_POINT ( 'NONE',  ( 30.87858525242188200, 33.03942266050718500, -5.192177014671267800 ) ) ;
#292 = ORIENTED_EDGE ( 'NONE', *, *, #1042, .F. ) ;
#293 = ORIENTED_EDGE ( 'NONE', *, *, #379, .T. ) ;
#294 = CIRCLE ( 'NONE', #1175, 2.500000000000001300 ) ;
#295 = VECTOR ( 'NONE', #1561, 999.9999999999998900 ) ;
#296 = PRODUCT_DEFINITION ( 'UNKNOWN', '', #2640, #2112 ) ;
#297 = CIRCLE ( 'NONE', #840, 2.500000000000000900 ) ;
#298 = CARTESIAN_POINT ( 'NONE',  ( 43.68033791214747900, 32.92326938095642700, 2.880229203767239000 ) ) ;
#299 = CARTESIAN_POINT ( 'NONE',  ( 170.6514491195346700, 50.68797563788723400, 0.8314345151534235900 ) ) ;
#300 = EDGE_CURVE ( 'NONE', #1334, #1683, #2318, .T. ) ;
#301 = CARTESIAN_POINT ( 'NONE',  ( 16.68064896819065600, 8.775195154525079000, 0.09146616038243675400 ) ) ;
#302 = VERTEX_POINT ( 'NONE', #644 ) ;
#303 = CARTESIAN_POINT ( 'NONE',  ( 16.68064896819065600, 8.775195154525079000, -0.09146616038243533800 ) ) ;
#304 = DIRECTION ( 'NONE',  ( 0.5000000000000033300, 0.7071067811865515700, -0.4999999999999911200 ) ) ;
#305 = CARTESIAN_POINT ( 'NONE',  ( 2.388061258337338900E-015, 2.265596578422603400E-015, 18.50000000000000000 ) ) ;
#306 = CARTESIAN_POINT ( 'NONE',  ( 61.60030124511020200, 56.74860292105251600, -3.002949323848437500 ) ) ;
#307 = CARTESIAN_POINT ( 'NONE',  ( 138.2025942725732600, 56.99971000661247400, 3.294445511520200900 ) ) ;
#308 = CARTESIAN_POINT ( 'NONE',  ( 70.84812974112281800, 40.94955021225099800, 0.1518805467036806700 ) ) ;
#309 = ORIENTED_EDGE ( 'NONE', *, *, #1079, .T. ) ;
#310 = CARTESIAN_POINT ( 'NONE',  ( 34.39472815722933800, 25.10605409054440800, 1.564439215619332700 ) ) ;
#311 = COORDINATED_UNIVERSAL_TIME_OFFSET ( 5, 30, .AHEAD. ) ;
#312 = CARTESIAN_POINT ( 'NONE',  ( 8.775195154524958200, 16.68064896819071700, 0.09146616038243604600 ) ) ;
#313 = CARTESIAN_POINT ( 'NONE',  ( 15.54120081754681200, 9.914643305166087800, 3.978581913494982000 ) ) ;
#314 = CARTESIAN_POINT ( 'NONE',  ( 107.4692938023204800, 51.96369099417369600, 4.608201546449753200 ) ) ;
#315 = CARTESIAN_POINT ( 'NONE',  ( 16.68064896819065600, 8.775195154525079000, 6.979551485375434800E-016 ) ) ;
#316 = CARTESIAN_POINT ( 'NONE',  ( 0.0000000000000000000, 0.0000000000000000000, 0.0000000000000000000 ) ) ;
#317 = CARTESIAN_POINT ( 'NONE',  ( 45.03778775351869300, 30.57209710356589800, 0.5237827289241675500 ) ) ;
#318 = LOCAL_TIME ( 20, 22, 1.000000000000000000, #427 ) ;
#319 = CARTESIAN_POINT ( 'NONE',  ( 27.61326810165060800, 40.48410940596968300, 2.140090379143190900 ) ) ;
#320 = CARTESIAN_POINT ( 'NONE',  ( 45.06646457971459800, 30.52242734282697300, 3.341826008219960300E-008 ) ) ;
#321 = CARTESIAN_POINT ( 'NONE',  ( 10.51795004491237900, 14.93789407780009900, 4.677435247492273800 ) ) ;
#322 = VERTEX_POINT ( 'NONE', #3012 ) ;
#323 = EDGE_CURVE ( 'NONE', #59, #2702, #1531, .T. ) ;
#324 = CARTESIAN_POINT ( 'NONE',  ( 51.41411414411150800, 55.53471937200148300, 3.552838892508570500 ) ) ;
#325 = CARTESIAN_POINT ( 'NONE',  ( 65.53071150345495300, 50.03610982575269600, 4.824163444503845700 ) ) ;
#326 = CARTESIAN_POINT ( 'NONE',  ( 24.84553942269182900, 17.79336694212701500, -1.882709609711300700 ) ) ;
#327 = EDGE_CURVE ( 'NONE', #1789, #542, #1095, .T. ) ;
#328 = CIRCLE ( 'NONE', #612, 20.49999999999999600 ) ;
#329 = CARTESIAN_POINT ( 'NONE',  ( 19.68489991170015700, 27.59035372593194100, -0.1192432482398219400 ) ) ;
#330 = CIRCLE ( 'NONE', #1439, 18.00000000000000000 ) ;
#331 = CARTESIAN_POINT ( 'NONE',  ( 9.236277299624006800, 16.21956682308832500, 2.639234683947923300 ) ) ;
#332 = VECTOR ( 'NONE', #2977, 1000.000000000000000 ) ;
#333 = CC_DESIGN_PERSON_AND_ORGANIZATION_ASSIGNMENT ( #2905, #954, ( #1488 ) ) ;
#334 = CARTESIAN_POINT ( 'NONE',  ( 52.08609820743927800, 54.36749504665263500, 4.000752698364723700 ) ) ;
#335 = CARTESIAN_POINT ( 'NONE',  ( 64.10916758326867200, 52.46759665397866700, 4.602237041040982700 ) ) ;
#336 = CARTESIAN_POINT ( 'NONE',  ( 31.35013490309450300, 54.27980746027457600, 2.880228980763844100 ) ) ;
#337 = CARTESIAN_POINT ( 'NONE',  ( 29.91189072872995800, 35.39424385517644800, -4.920784649256326300 ) ) ;
#338 = DIRECTION ( 'NONE',  ( 1.000000000000000000, 0.0000000000000000000, 0.0000000000000000000 ) ) ;
#339 = CALENDAR_DATE ( 2021, 1, 6 ) ;
#340 = CARTESIAN_POINT ( 'NONE',  ( 12.72792206135852800, 12.72792206135861900, -5.626586237797135400 ) ) ;
#341 = AXIS2_PLACEMENT_3D ( 'NONE', #601, #1748, #1766 ) ;
#342 = CARTESIAN_POINT ( 'NONE',  ( 170.6514491195346200, 57.24663878139322300, 3.560377338800844200 ) ) ;
#343 = CARTESIAN_POINT ( 'NONE',  ( 42.05067278760000000, 41.38122444028773100, 4.764465514424055700 ) ) ;
#344 = CARTESIAN_POINT ( 'NONE',  ( 32.49796807448717600, 52.29170215476472800, 3.727621291750247100 ) ) ;
#345 = CARTESIAN_POINT ( 'NONE',  ( 28.13829742792394100, 39.41340987756947800, -3.066326186298974100 ) ) ;
#346 = ORIENTED_EDGE ( 'NONE', *, *, #894, .F. ) ;
#347 = DIRECTION ( 'NONE',  ( -0.0000000000000000000, -1.000000000000000000, -0.0000000000000000000 ) ) ;
#348 = CARTESIAN_POINT ( 'NONE',  ( 16.97056274847716800, -8.485281374238516200, 0.0000000000000000000 ) ) ;
#349 = CARTESIAN_POINT ( 'NONE',  ( 0.0000000000000000000, 0.0000000000000000000, 0.0000000000000000000 ) ) ;
#350 = APPROVAL ( #259, 'UNKNOWN' ) ;
#351 = CARTESIAN_POINT ( 'NONE',  ( 8.778406990733959200, 16.67743713198336400, -0.2743934802053295000 ) ) ;
#352 = PERSON_AND_ORGANIZATION ( #2725, #3031 ) ;
#353 = CARTESIAN_POINT ( 'NONE',  ( 41.01380844686214300, 43.22775276456702900, 4.911872526784340400 ) ) ;
#354 = ORIENTED_EDGE ( 'NONE', *, *, #885, .T. ) ;
#355 = CARTESIAN_POINT ( 'NONE',  ( 20.52740506911391800, 26.00838615780437000, 3.420897085891368300 ) ) ;
#356 = EDGE_LOOP ( 'NONE', ( #851, #2682, #2867, #2784 ) ) ;
#357 = CARTESIAN_POINT ( 'NONE',  ( 43.19531748084064300, 33.76334944179429700, 3.279871937474482000 ) ) ;
#358 = CARTESIAN_POINT ( 'NONE',  ( 36.78725878301767000, 56.78600501681486200, 2.826996341767901400 ) ) ;
#359 = CARTESIAN_POINT ( 'NONE',  ( 8.485281374238505600, 16.97056274847717100, 0.0000000000000000000 ) ) ;
#360 = ORIENTED_EDGE ( 'NONE', *, *, #2927, .F. ) ;
#361 = PRODUCT ( 'acetabular', 'acetabular', '', ( #1158 ) ) ;
#362 = CARTESIAN_POINT ( 'NONE',  ( 37.51523628955882100, 43.60153801494453800, -4.959117660405350800 ) ) ;
#363 = ORIENTED_EDGE ( 'NONE', *, *, #300, .T. ) ;
#364 = CIRCLE ( 'NONE', #663, 18.00000000000000000 ) ;
#365 = CARTESIAN_POINT ( 'NONE',  ( 137.4689386172509000, 59.10895707478498200, 0.2828823152753137700 ) ) ;
#366 = AXIS2_PLACEMENT_3D ( 'NONE', #1129, #467, #2759 ) ;
#367 = CIRCLE ( 'NONE', #1744, 2.500000000000000900 ) ;
#368 = CARTESIAN_POINT ( 'NONE',  ( 29.91189088713860800, 35.39424394663387800, 4.920784649256328100 ) ) ;
#369 = ORIENTED_EDGE ( 'NONE', *, *, #706, .F. ) ;
#370 = CC_DESIGN_SECURITY_CLASSIFICATION ( #2914, ( #3040 ) ) ;
#371 = ORIENTED_EDGE ( 'NONE', *, *, #2630, .F. ) ;
#372 = ORIENTED_EDGE ( 'NONE', *, *, #2917, .F. ) ;
#373 = CARTESIAN_POINT ( 'NONE',  ( 60.58204869091676400, 58.48935950069627400, 1.589361668857560900 ) ) ;
#374 = CARTESIAN_POINT ( 'NONE',  ( 8.778406990733140300, 16.67743713198254000, 0.2743934802053700800 ) ) ;
#375 = CARTESIAN_POINT ( 'NONE',  ( 41.68493636472315700, 36.37940634222349000, 4.160230628279883500 ) ) ;
#376 = ORIENTED_EDGE ( 'NONE', *, *, #1835, .F. ) ;
#377 = CARTESIAN_POINT ( 'NONE',  ( 170.6514491195346200, 58.80532561260712000, 1.631014160362213700 ) ) ;
#378 = COORDINATED_UNIVERSAL_TIME_OFFSET ( 5, 30, .AHEAD. ) ;
#379 = EDGE_CURVE ( 'NONE', #1563, #2183, #752, .T. ) ;
#380 = DIRECTION ( 'NONE',  ( -0.4999999999999998300, 0.7071067811865515700, 0.4999999999999945600 ) ) ;
#381 = AXIS2_PLACEMENT_3D ( 'NONE', #1718, #1462, #1961 ) ;
#382 = CARTESIAN_POINT ( 'NONE',  ( 104.8950079183637700, 57.93100253668428200, 2.218246302006735300 ) ) ;
#383 = CARTESIAN_POINT ( 'NONE',  ( 32.83980077798824500, 28.35859243549098400, 4.099681056684919300 ) ) ;
#384 = CARTESIAN_POINT ( 'NONE',  ( 29.96400827689757300, 56.68064896478949100, -0.1747973905363485200 ) ) ;
#385 = DIRECTION ( 'NONE',  ( 1.000000000000000000, 0.0000000000000000000, 8.659560562354964900E-017 ) ) ;
#386 = APPROVAL_PERSON_ORGANIZATION ( #908, #2187, #943 ) ;
#387 = DIRECTION ( 'NONE',  ( -0.7071067811865435800, 0.7071067811865515700, 0.0000000000000000000 ) ) ;
#388 = DIRECTION ( 'NONE',  ( 0.5000000000000020000, -0.7071067811865435800, 0.5000000000000036600 ) ) ;
#389 = CC_DESIGN_PERSON_AND_ORGANIZATION_ASSIGNMENT ( #984, #1171, ( #241 ) ) ;
#390 = CARTESIAN_POINT ( 'NONE',  ( 170.6514491195346200, 58.80532561260712000, 1.631014160362213700 ) ) ;
#391 = ORIENTED_EDGE ( 'NONE', *, *, #2581, .F. ) ;
#392 = CARTESIAN_POINT ( 'NONE',  ( 41.01380832506654900, 43.22775224444891500, -4.911872646065041300 ) ) ;
#393 = CARTESIAN_POINT ( 'NONE',  ( 37.51523659892176700, 43.60153825231334700, 4.974972403108325600 ) ) ;
#394 = CARTESIAN_POINT ( 'NONE',  ( 60.21329306180790300, 59.12266932148659700, -0.1518806047775859700 ) ) ;
#395 = DIRECTION ( 'NONE',  ( -1.000000000000000000, 0.0000000000000000000, 1.224646799147353500E-016 ) ) ;
#396 = CYLINDRICAL_SURFACE ( 'NONE', #181, 23.49999999999999600 ) ;
#397 = CARTESIAN_POINT ( 'NONE',  ( 0.0000000000000000000, 0.0000000000000000000, 0.0000000000000000000 ) ) ;
#398 = VECTOR ( 'NONE', #2744, 1000.000000000000000 ) ;
#399 = FACE_BOUND ( 'NONE', #717, .T. ) ;
#400 = CARTESIAN_POINT ( 'NONE',  ( 170.6514491195346700, 59.04736300970859700, 0.8314345151534194800 ) ) ;
#401 = CARTESIAN_POINT ( 'NONE',  ( 139.2737176940074700, 52.46630644990995800, -4.370774821666878500 ) ) ;
#402 = CARTESIAN_POINT ( 'NONE',  ( 15.54120081754814500, 9.914643305167576400, 3.978581913494992200 ) ) ;
#403 = DIRECTION ( 'NONE',  ( 0.7071067811865514600, -0.7071067811865435800, -0.0000000000000000000 ) ) ;
#404 = CARTESIAN_POINT ( 'NONE',  ( 170.6514491195346700, 59.04736300970859700, 0.8314345151534194800 ) ) ;
#405 = CARTESIAN_POINT ( 'NONE',  ( 170.6514491195347300, 54.86766932379794100, -5.210872130371981700E-016 ) ) ;
#406 = CC_DESIGN_SECURITY_CLASSIFICATION ( #618, ( #3038 ) ) ;
#407 = EDGE_CURVE ( 'NONE', #1431, #624, #2368, .T. ) ;
#408 = DIRECTION ( 'NONE',  ( -2.468850131082279100E-015, -0.7071067811865435800, 0.7071067811865514600 ) ) ;
#409 = CARTESIAN_POINT ( 'NONE',  ( 4.242640687119263500, 4.242640687119294500, 0.0000000000000000000 ) ) ;
#410 = CARTESIAN_POINT ( 'NONE',  ( 67.66694628390469300, 46.38402809098580800, -4.319916175288179600 ) ) ;
#411 = DATE_AND_TIME ( #2747, #2974 ) ;
#412 = CARTESIAN_POINT ( 'NONE',  ( 49.34237109730511200, 59.12266932647218500, 0.1599775979345799400 ) ) ;
#413 = CARTESIAN_POINT ( 'NONE',  ( 170.6514491195348700, 56.50666091654828400, -3.956818243939863100 ) ) ;
#414 = CARTESIAN_POINT ( 'NONE',  ( 35.49027204882382600, 59.07468431358243800, 0.5103631075679158100 ) ) ;
#415 = DIRECTION ( 'NONE',  ( -0.0000000000000000000, -1.000000000000000000, -0.0000000000000000000 ) ) ;
#416 = EDGE_CURVE ( 'NONE', #1503, #624, #2280, .T. ) ;
#417 = CARTESIAN_POINT ( 'NONE',  ( 12.93332144554787000, 14.75494468889183400, 12.93332144554809400 ) ) ;
#418 = DIRECTION ( 'NONE',  ( 0.7071067811865435800, 0.7071067811865515700, 0.0000000000000000000 ) ) ;
#419 = ORIENTED_EDGE ( 'NONE', *, *, #1263, .F. ) ;
#420 = CARTESIAN_POINT ( 'NONE',  ( 170.6514491195347900, 52.48870021954904500, -3.560377568456066100 ) ) ;
#421 = CARTESIAN_POINT ( 'NONE',  ( 27.06710665643591400, 41.52639950465238200, 0.0000000000000000000 ) ) ;
#422 = AXIS2_PLACEMENT_3D ( 'NONE', #1719, #2639, #1971 ) ;
#423 = ORIENTED_EDGE ( 'NONE', *, *, #2461, .T. ) ;
#424 = CARTESIAN_POINT ( 'NONE',  ( 33.41778886381857200, 56.69935303796943100, -2.372749386009950900 ) ) ;
#425 = CARTESIAN_POINT ( 'NONE',  ( 109.5452804639547500, 47.03266307829502300, -3.070299105220679200 ) ) ;
#426 = CARTESIAN_POINT ( 'NONE',  ( 34.69006401504406500, 24.55244591256966700, 0.1470203360972078500 ) ) ;
#427 = COORDINATED_UNIVERSAL_TIME_OFFSET ( 5, 30, .AHEAD. ) ;
#428 = CARTESIAN_POINT ( 'NONE',  ( 170.6514491195347000, 59.09859130240996400, 0.4866729813100351700 ) ) ;
#429 = APPLICATION_CONTEXT ( 'configuration controlled 3d designs of mechanical parts and assemblies' ) ;
#430 = ORIENTED_EDGE ( 'NONE', *, *, #856, .T. ) ;
#431 = UNCERTAINTY_MEASURE_WITH_UNIT (LENGTH_MEASURE( 1.000000000000000100E-005 ), #1783, 'distance_accuracy_value', 'NONE');
#432 = CARTESIAN_POINT ( 'NONE',  ( 0.0000000000000000000, -4.228388472693467300E-015, -23.49999999999999600 ) ) ;
#433 = CARTESIAN_POINT ( 'NONE',  ( 20.47559522944326800, 1.000000000000000000, -2.507537215837451800E-015 ) ) ;
#434 = VERTEX_POINT ( 'NONE', #1110 ) ;
#435 = CARTESIAN_POINT ( 'NONE',  ( 68.98468112244486900, 44.13644965239139100, -3.457343355140673600 ) ) ;
#436 = VERTEX_POINT ( 'NONE', #2502 ) ;
#437 = CARTESIAN_POINT ( 'NONE',  ( 48.98021705778743500, 34.68011512152681100, 2.348028088001478800 ) ) ;
#438 = CARTESIAN_POINT ( 'NONE',  ( 29.99268509781894600, 56.63097922679158800, -0.5237826322873345700 ) ) ;
#439 = ORIENTED_EDGE ( 'NONE', *, *, #1341, .T. ) ;
#440 = CARTESIAN_POINT ( 'NONE',  ( 107.4692937298927400, 51.96369095235739600, -4.608201605864679500 ) ) ;
#441 = PRODUCT_DEFINITION_SHAPE ( 'NONE', 'NONE',  #2955 ) ;
#442 = CARTESIAN_POINT ( 'NONE',  ( 34.57738576861370200, 24.76128663244830000, 0.9854704819205802900 ) ) ;
#443 = TOROIDAL_SURFACE ( 'NONE', #2904, 6.000000000000001800, 12.00000000000000000 ) ;
#444 = CARTESIAN_POINT ( 'NONE',  ( 60.58204841005373700, 58.48935978894656500, -1.589361485146650200 ) ) ;
#445 = APPLICATION_CONTEXT ( 'configuration controlled 3d designs of mechanical parts and assemblies' ) ;
#446 = CARTESIAN_POINT ( 'NONE',  ( 24.30308229527871000, 18.82210120658819400, -3.420897085891366100 ) ) ;
#447 = FACE_OUTER_BOUND ( 'NONE', #2312, .T. ) ;
#448 = DIRECTION ( 'NONE',  ( -1.224646799147353200E-016, 0.0000000000000000000, -1.000000000000000000 ) ) ;
#449 = DIRECTION ( 'NONE',  ( 0.7071067811865502400, -0.7071067811865449100, 0.0000000000000000000 ) ) ;
#450 = AXIS2_PLACEMENT_3D ( 'NONE', #798, #2646, #1252 ) ;
#451 = EDGE_LOOP ( 'NONE', ( #354, #281 ) ) ;
#452 = CARTESIAN_POINT ( 'NONE',  ( 109.8316418897142600, 46.42965775383000700, -2.606389784496272500 ) ) ;
#453 = ORIENTED_EDGE ( 'NONE', *, *, #327, .F. ) ;
#454 = CARTESIAN_POINT ( 'NONE',  ( 5.151661403692913600E-014, 18.29047859482459200, -14.75494468889203700 ) ) ;
#455 = CARTESIAN_POINT ( 'NONE',  ( 70.84812974112281800, 40.94955021225099800, 0.1518805467036806700 ) ) ;
#456 = ORIENTED_EDGE ( 'NONE', *, *, #2379, .T. ) ;
#457 = CARTESIAN_POINT ( 'NONE',  ( 49.34237108804119000, 59.12266932112365900, -0.1599776591045193600 ) ) ;
#458 = CARTESIAN_POINT ( 'NONE',  ( 170.6514491195347300, 50.61612741708312100, -0.2088636370746750300 ) ) ;
#459 = CARTESIAN_POINT ( 'NONE',  ( 34.39472815722933800, 25.10605409054440800, 1.564439215619332700 ) ) ;
#460 = DATE_TIME_ROLE ( 'classification_date' ) ;
#461 = CARTESIAN_POINT ( 'NONE',  ( 14.25049050763267600, 11.20535361508303800, -5.198257320770791200 ) ) ;
#462 = PRODUCT_RELATED_PRODUCT_CATEGORY ( 'detail', '', ( #361 ) ) ;
#463 = DIRECTION ( 'NONE',  ( 0.5000000000000088800, -0.7071067811865435800, -0.4999999999999966700 ) ) ;
#464 = ORIENTED_EDGE ( 'NONE', *, *, #2887, .T. ) ;
#465 = CARTESIAN_POINT ( 'NONE',  ( 69.81373797131114100, 42.72156805276645700, -2.608034737943801100 ) ) ;
#466 = PERSON_AND_ORGANIZATION ( #2725, #3031 ) ;
#467 = DIRECTION ( 'NONE',  ( -0.0000000000000000000, 1.000000000000000000, 0.0000000000000000000 ) ) ;
#468 = DIRECTION ( 'NONE',  ( 2.468850131082279100E-015, 0.7071067811865435800, -0.7071067811865514600 ) ) ;
#469 = CARTESIAN_POINT ( 'NONE',  ( 44.88304678937653600, 30.84011636487597500, 1.158525219368197900 ) ) ;
#470 = CARTESIAN_POINT ( 'NONE',  ( 32.51456310309490000, 58.27637824605373100, -0.1725565427257284600 ) ) ;
#471 = CARTESIAN_POINT ( 'NONE',  ( 49.85902792150011500, 33.13390080960991200, -0.1703156280785918200 ) ) ;
#472 = CARTESIAN_POINT ( 'NONE',  ( 170.6514491195346500, 50.93001303498868300, 1.631014160362220100 ) ) ;
#473 = CARTESIAN_POINT ( 'NONE',  ( -1.821021428333006100E-014, -1.767766952966379800, 1.767766952966360000 ) ) ;
#474 = APPROVAL_STATUS ( 'not_yet_approved' ) ;
#475 = CARTESIAN_POINT ( 'NONE',  ( 11.95186170762664600, 13.50398241508905000, -5.517419855254213500 ) ) ;
#476 = CARTESIAN_POINT ( 'NONE',  ( 49.39333257861360900, 33.95088976267066300, -1.759221469997819500 ) ) ;
#477 = APPROVAL_DATE_TIME ( #2764, #726 ) ;
#478 = CARTESIAN_POINT ( 'NONE',  ( -10.17349497468794300, 14.38749456993807900, -10.17349497468797800 ) ) ;
#479 = CARTESIAN_POINT ( 'NONE',  ( 47.43415016655485800, 31.88466343617257000, 0.0000000000000000000 ) ) ;
#480 = ADVANCED_FACE ( 'NONE', ( #399, #447 ), #1587, .F. ) ;
#481 = CARTESIAN_POINT ( 'NONE',  ( 38.93490463224186000, 46.93328925744619800, -4.911872646065043000 ) ) ;
#482 = CARTESIAN_POINT ( 'NONE',  ( 140.6583717929679000, 47.70869097326576700, 0.0000000000000000000 ) ) ;
#483 = CARTESIAN_POINT ( 'NONE',  ( 48.98021705778743500, 34.68011512152681100, 2.348028088001478800 ) ) ;
#484 = CC_DESIGN_APPROVAL ( #1982, ( #1805 ) ) ;
#485 = VERTEX_POINT ( 'NONE', #417 ) ;
#486 = PERSON_AND_ORGANIZATION_ROLE ( 'design_owner' ) ;
#487 = EDGE_CURVE ( 'NONE', #2596, #1647, #2090, .T. ) ;
#488 = CARTESIAN_POINT ( 'NONE',  ( 39.61055752297586000, 39.97233519427037900, -4.782048313499095600 ) ) ;
#489 = ORIENTED_EDGE ( 'NONE', *, *, #1351, .T. ) ;
#490 = ORIENTED_EDGE ( 'NONE', *, *, #963, .F. ) ;
#491 = DIRECTION ( 'NONE',  ( -0.0000000000000000000, -1.000000000000000000, -0.0000000000000000000 ) ) ;
#492 = CARTESIAN_POINT ( 'NONE',  ( 170.6514491195347300, 50.61612741708312100, -0.2088636370746750300 ) ) ;
#493 = TOROIDAL_SURFACE ( 'NONE', #2745, 6.000000000000001800, 12.00000000000000000 ) ;
#494 = CARTESIAN_POINT ( 'NONE',  ( 49.39333244718936600, 33.95089024901606200, 1.759221753437097700 ) ) ;
#495 = DIRECTION ( 'NONE',  ( 0.5000000000000020000, -0.7071067811865435800, 0.5000000000000036600 ) ) ;
#496 = CARTESIAN_POINT ( 'NONE',  ( 105.7537390893763000, 56.10333601668878600, -3.560465660124606700 ) ) ;
#497 = CIRCLE ( 'NONE', #2008, 23.50000000000000000 ) ;
#498 = CARTESIAN_POINT ( 'NONE',  ( 140.2415455095932700, 48.76934554819559500, -2.307673363845904800 ) ) ;
#499 = ORIENTED_EDGE ( 'NONE', *, *, #2887, .F. ) ;
#500 = CARTESIAN_POINT ( 'NONE',  ( 61.11719375122892500, 38.63000469657698900, 1.063857241362598800 ) ) ;
#501 = EDGE_CURVE ( 'NONE', #1837, #784, #2738, .T. ) ;
#502 = DATE_TIME_ROLE ( 'classification_date' ) ;
#503 = CARTESIAN_POINT ( 'NONE',  ( 29.41996703675850700, 36.56279177969275900, -4.580158905294142700 ) ) ;
#504 = ADVANCED_FACE ( 'NONE', ( #216, #113 ), #1331, .F. ) ;
#505 = AXIS2_PLACEMENT_3D ( 'NONE', #2726, #1321, #2269 ) ;
#506 = DIRECTION ( 'NONE',  ( 0.7071067811865449100, 0.7071067811865501300, 0.0000000000000000000 ) ) ;
#507 = ORIENTED_EDGE ( 'NONE', *, *, #2769, .T. ) ;
#508 = CARTESIAN_POINT ( 'NONE',  ( 0.0000000000000000000, 0.0000000000000000000, 0.0000000000000000000 ) ) ;
#509 = CARTESIAN_POINT ( 'NONE',  ( 106.1853231928267100, 55.10785629334727500, -4.016893450055936100 ) ) ;
#510 = CARTESIAN_POINT ( 'NONE',  ( 47.43935632157263900, 37.42779822113385500, -3.674763180843568600 ) ) ;
#511 = APPROVAL_DATE_TIME ( #729, #2936 ) ;
#512 = CARTESIAN_POINT ( 'NONE',  ( 45.06646457971460500, 30.52242734282697300, 6.683651952743043000E-008 ) ) ;
#513 = CARTESIAN_POINT ( 'NONE',  ( 14.93789407780153900, 10.51795004491417800, -4.677435247492265800 ) ) ;
#514 = CARTESIAN_POINT ( 'NONE',  ( 170.6514491195347900, 50.63674736185097900, -0.4866731490825733100 ) ) ;
#515 = VERTEX_POINT ( 'NONE', #2044 ) ;
#516 = ADVANCED_FACE ( 'NONE', ( #2137 ), #2523, .F. ) ;
#517 = COORDINATED_UNIVERSAL_TIME_OFFSET ( 5, 30, .AHEAD. ) ;
#518 = CARTESIAN_POINT ( 'NONE',  ( 62.67641853687386100, 54.91335909665540500, -3.913619107855566400 ) ) ;
#519 = CARTESIAN_POINT ( 'NONE',  ( 56.10979026650861800, 47.33780904592568100, 4.824849486707520900 ) ) ;
#520 = CARTESIAN_POINT ( 'NONE',  ( 8.923494974688015400, 16.15526152290446000, -8.923494974687919500 ) ) ;
#521 = AXIS2_PLACEMENT_3D ( 'NONE', #2944, #828, #1528 ) ;
#522 = APPROVAL_DATE_TIME ( #1715, #1982 ) ;
#523 = CARTESIAN_POINT ( 'NONE',  ( 41.68493608430094400, 36.37940618032161700, -4.160230628279868400 ) ) ;
#524 = CARTESIAN_POINT ( 'NONE',  ( 61.27125707016919900, 38.36346350894385900, -0.1599776591045203600 ) ) ;
#525 = ORIENTED_EDGE ( 'NONE', *, *, #1995, .F. ) ;
#526 = VERTEX_POINT ( 'NONE', #1138 ) ;
#527 = ORIENTED_EDGE ( 'NONE', *, *, #2615, .T. ) ;
#528 = CARTESIAN_POINT ( 'NONE',  ( 45.59384930011095300, 35.10669183237706600, 3.252793314834930200 ) ) ;
#529 =( REPRESENTATION_RELATIONSHIP ('NONE','NONE', #680, #1787 ) REPRESENTATION_RELATIONSHIP_WITH_TRANSFORMATION ( #1227 )SHAPE_REPRESENTATION_RELATIONSHIP( ) );
#530 = EDGE_CURVE ( 'NONE', #131, #1250, #1500, .T. ) ;
#531 = CIRCLE ( 'NONE', #3014, 2.500000000000000900 ) ;
#532 = CARTESIAN_POINT ( 'NONE',  ( 38.56401079916825100, 41.78500728108829800, -4.927375648881090700 ) ) ;
#533 = CIRCLE ( 'NONE', #1056, 18.50000000000000000 ) ;
#534 = DIRECTION ( 'NONE',  ( -0.7071067811865514600, -0.7071067811865435800, 0.0000000000000000000 ) ) ;
#535 = ORIENTED_EDGE ( 'NONE', *, *, #1051, .F. ) ;
#536 = ORIENTED_EDGE ( 'NONE', *, *, #800, .F. ) ;
#537 = CARTESIAN_POINT ( 'NONE',  ( 42.53250473894078700, 34.91137482151844300, 3.727621465026612000 ) ) ;
#538 = PERSON ( 'NAUO-PER1', 'UNSPECIFIED', 'UNSPECIFIED', ('UNSPECIFIED'), ('UNSPECIFIED'), ('UNSPECIFIED') ) ;
#539 = CARTESIAN_POINT ( 'NONE',  ( 34.69006400843741700, 24.55244590875532400, -0.1470203360972078000 ) ) ;
#540 = AXIS2_PLACEMENT_3D ( 'NONE', #2800, #468, #1131 ) ;
#541 = DIRECTION ( 'NONE',  ( -0.7071067811865433500, 0.7071067811865517900, 0.0000000000000000000 ) ) ;
#542 = VERTEX_POINT ( 'NONE', #2056 ) ;
#543 = DATE_AND_TIME ( #1104, #1740 ) ;
#544 = CARTESIAN_POINT ( 'NONE',  ( 45.64732914418222300, 40.66802450192359700, 4.490137410437019300 ) ) ;
#545 = CARTESIAN_POINT ( 'NONE',  ( 43.68033791214747900, 32.92326938095642700, 2.880229203767239000 ) ) ;
#546 = CARTESIAN_POINT ( 'NONE',  ( 0.0000000000000000000, 0.0000000000000000000, 0.0000000000000000000 ) ) ;
#547 = CARTESIAN_POINT ( 'NONE',  ( -4.415885040048101300E-014, -4.415885040048134700E-014, 0.0000000000000000000 ) ) ;
#548 = CARTESIAN_POINT ( 'NONE',  ( 15.95304881861221000, 9.502795304103523600, 3.267534982961921600 ) ) ;
#549 = CARTESIAN_POINT ( 'NONE',  ( 16.68064896819065600, 8.775195154525079000, 6.979551485375434800E-016 ) ) ;
#550 = CARTESIAN_POINT ( 'NONE',  ( 4.242640687119268800, 4.242640687119299900, 0.0000000000000000000 ) ) ;
#551 = DATE_AND_TIME ( #1784, #836 ) ;
#552 = CARTESIAN_POINT ( 'NONE',  ( 31.83515510704860300, 53.43972734486899900, -3.279871732546391100 ) ) ;
#553 = EDGE_CURVE ( 'NONE', #526, #2036, #2207, .T. ) ;
#554 = CARTESIAN_POINT ( 'NONE',  ( 33.34553707882109600, 50.82366961000933300, 4.160230755508884200 ) ) ;
#555 = CARTESIAN_POINT ( 'NONE',  ( 170.6514491195347300, 50.63674734518590300, 0.4866729813100377200 ) ) ;
#556 = CARTESIAN_POINT ( 'NONE',  ( 16.67743713198246900, 8.778406990733261100, -0.2743934802053694100 ) ) ;
#557 = VERTEX_POINT ( 'NONE', #432 ) ;
#558 = CARTESIAN_POINT ( 'NONE',  ( 8.797559094534644700, 16.65828502818103400, 0.6393613661825002800 ) ) ;
#559 = CARTESIAN_POINT ( 'NONE',  ( 47.43415016655485800, 31.88466343617257000, 0.0000000000000000000 ) ) ;
#560 = ORIENTED_EDGE ( 'NONE', *, *, #2976, .T. ) ;
#561 = FACE_OUTER_BOUND ( 'NONE', #1112, .T. ) ;
#562 = AXIS2_PLACEMENT_3D ( 'NONE', #2500, #1540, #385 ) ;
#563 = CIRCLE ( 'NONE', #540, 2.500000000000000900 ) ;
#564 = CARTESIAN_POINT ( 'NONE',  ( 54.50383814553417500, 50.14832393069259800, 4.824849486707523600 ) ) ;
#565 = CARTESIAN_POINT ( 'NONE',  ( 170.6514491195346200, 57.24663878139322300, 3.560377338800844200 ) ) ;
#566 = CARTESIAN_POINT ( 'NONE',  ( 16.68064896819065600, 8.775195154525079000, -0.09146616038243533800 ) ) ;
#567 = CARTESIAN_POINT ( 'NONE',  ( 33.88230203429149200, 26.12033312064805600, 2.634390242701611000 ) ) ;
#568 = ORIENTED_EDGE ( 'NONE', *, *, #223, .T. ) ;
#569 = CARTESIAN_POINT ( 'NONE',  ( 9.069972951238982600, 16.38587117147669000, 2.142712766577141700 ) ) ;
#570 = CARTESIAN_POINT ( 'NONE',  ( 170.6514491195347300, 50.61266932379794500, -1.931235119739804800E-016 ) ) ;
#571 = CARTESIAN_POINT ( 'NONE',  ( 16.65828502817964500, 8.797559094533424300, 0.6393613661824720800 ) ) ;
#572 = ORIENTED_EDGE ( 'NONE', *, *, #2658, .T. ) ;
#573 = CARTESIAN_POINT ( 'NONE',  ( 37.88251998727596300, 54.82877093169781800, 3.674763367337984500 ) ) ;
#574 = CARTESIAN_POINT ( 'NONE',  ( 139.4875764475167200, 51.53852623191319500, 4.150780613453158600 ) ) ;
#575 = CARTESIAN_POINT ( 'NONE',  ( 24.69160966331476800, 18.08321399949134200, -2.388551504639375700 ) ) ;
#576 = CARTESIAN_POINT ( 'NONE',  ( 43.68033815355197900, 32.92326896283176300, 2.880228980763849500 ) ) ;
#577 = CALENDAR_DATE ( 2021, 1, 6 ) ;
#578 = CARTESIAN_POINT ( 'NONE',  ( 20.30144267801190200, 26.43901184946732000, -2.852780435123462700 ) ) ;
#579 =( BOUNDED_CURVE ( )  B_SPLINE_CURVE ( 3, ( #1302, #129, #121, #362, #2703, #1998, #1759 ),
 .UNSPECIFIED., .F., .F. ) 
 B_SPLINE_CURVE_WITH_KNOTS ( ( 4, 3, 4 ),
 ( 3.141592646851042200, 4.712388977015313800, 6.283185307179586200 ),
 .UNSPECIFIED. ) 
 CURVE ( )  GEOMETRIC_REPRESENTATION_ITEM ( )  RATIONAL_B_SPLINE_CURVE ( ( 1.000000000000000000, 0.8047378533301957600, 0.8047378533301957600, 1.000000000000000000, 0.8047378533301954300, 0.8047378533301954300, 1.000000000000000000 ) ) 
 REPRESENTATION_ITEM ( '' )  );
#580 = CARTESIAN_POINT ( 'NONE',  ( 9.502795304101677900, 15.95304881861068800, 3.267534982961904700 ) ) ;
#581 = ADVANCED_FACE ( 'NONE', ( #2825 ), #1694, .T. ) ;
#582 = CC_DESIGN_APPROVAL ( #2936, ( #618 ) ) ;
#583 = EDGE_CURVE ( 'NONE', #2768, #1221, #816, .T. ) ;
#584 = ORIENTED_EDGE ( 'NONE', *, *, #1826, .F. ) ;
#585 = CARTESIAN_POINT ( 'NONE',  ( 43.65914147640322100, 44.29894562320105700, 4.896369465382468500 ) ) ;
#586 = APPROVAL_PERSON_ORGANIZATION ( #2753, #350, #2127 ) ;
#587 = CARTESIAN_POINT ( 'NONE',  ( 30.45111129005135500, 55.83696167095256900, -1.800517121198670100 ) ) ;
#588 = CARTESIAN_POINT ( 'NONE',  ( 0.0000000000000000000, 1.000000000000000000, 0.0000000000000000000 ) ) ;
#589 = LOCAL_TIME ( 20, 22, 1.000000000000000000, #1119 ) ;
#590 = EDGE_LOOP ( 'NONE', ( #2958, #1456, #2002, #1919 ) ) ;
#591 = EDGE_CURVE ( 'NONE', #1060, #928, #179, .T. ) ;
#592 = CARTESIAN_POINT ( 'NONE',  ( 9.914643305168308300, 15.54120081754894000, -3.978581913494987400 ) ) ;
#593 = CARTESIAN_POINT ( 'NONE',  ( 106.6148838106035000, 54.07900695752069700, 4.344743091500211200 ) ) ;
#594 = CARTESIAN_POINT ( 'NONE',  ( 44.10323661332520800, 37.73703172018842600, 4.136115882390583900 ) ) ;
#595 = EDGE_LOOP ( 'NONE', ( #715, #2160 ) ) ;
#596 = AXIS2_PLACEMENT_3D ( 'NONE', #2272, #1551, #2028 ) ;
#597 = CARTESIAN_POINT ( 'NONE',  ( 29.41996718859018100, 36.56279186735276500, 4.580158905294133800 ) ) ;
#598 = ORIENTED_EDGE ( 'NONE', *, *, #2835, .T. ) ;
#599 = CARTESIAN_POINT ( 'NONE',  ( 9.069972951238986200, 16.38587117147670500, -2.142712766577136400 ) ) ;
#600 = ORIENTED_EDGE ( 'NONE', *, *, #2474, .T. ) ;
#601 = CARTESIAN_POINT ( 'NONE',  ( -11.68332144554796800, 16.52271164185821600, -11.68332144554801000 ) ) ;
#602 = FACE_OUTER_BOUND ( 'NONE', #2486, .T. ) ;
#603 = DIRECTION ( 'NONE',  ( -0.0000000000000000000, -1.000000000000000000, -0.0000000000000000000 ) ) ;
#604 = SPHERICAL_SURFACE ( 'NONE', #1422, 20.50000000000000000 ) ;
#605 = CLOSED_SHELL ( 'NONE', ( #581, #2375, #1724, #16, #480, #792, #254, #725, #504, #2600 ) ) ;
#606 = CARTESIAN_POINT ( 'NONE',  ( 107.8959862278657300, 50.90034313923075600, 4.541795214079455100 ) ) ;
#607 = CARTESIAN_POINT ( 'NONE',  ( 24.00615738387375900, 19.39053017676291500, 4.039131485089956000 ) ) ;
#608 = CARTESIAN_POINT ( 'NONE',  ( 61.60030181691805500, 56.74860230691430700, 3.002949449828181500 ) ) ;
#609 = DIRECTION ( 'NONE',  ( -0.0000000000000000000, 1.000000000000000000, 0.0000000000000000000 ) ) ;
#610 = DIRECTION ( 'NONE',  ( 0.0000000000000000000, 0.0000000000000000000, 1.000000000000000000 ) ) ;
#611 = CARTESIAN_POINT ( 'NONE',  ( 9.069972951239819300, 16.38587117147748600, -2.142712766577154600 ) ) ;
#612 = AXIS2_PLACEMENT_3D ( 'NONE', #1022, #2680, #2249 ) ;
#613 = PERSON_AND_ORGANIZATION ( #2725, #3031 ) ;
#614 = CARTESIAN_POINT ( 'NONE',  ( 33.41778939626006200, 56.69935247757867800, 2.372749700481266500 ) ) ;
#615 = CARTESIAN_POINT ( 'NONE',  ( 27.08481444251912900, 41.49372939760715400, -0.4406529793512422600 ) ) ;
#616 = CARTESIAN_POINT ( 'NONE',  ( 15.95304881861221000, 9.502795304103523600, 3.267534982961921600 ) ) ;
#617 = DIRECTION ( 'NONE',  ( -1.000000000000000000, 0.0000000000000000000, 0.0000000000000000000 ) ) ;
#618 = SECURITY_CLASSIFICATION ( '', '', #1656 ) ;
#619 = CALENDAR_DATE ( 2021, 1, 6 ) ;
#620 = CARTESIAN_POINT ( 'NONE',  ( 61.24768520922818700, 57.35065086202003200, 2.608034896614829000 ) ) ;
#621 = CARTESIAN_POINT ( 'NONE',  ( 20.13887770107783800, 26.74727336490118600, 2.388551504639376200 ) ) ;
#622 = CARTESIAN_POINT ( 'NONE',  ( 22.41524370797303700, 22.41524369707858000, 5.409381626234218000 ) ) ;
#623 = CARTESIAN_POINT ( 'NONE',  ( 11.42349497468785400, 12.61972761697169600, 11.42349497468804900 ) ) ;
#624 = VERTEX_POINT ( 'NONE', #1666 ) ;
#625 = VECTOR ( 'NONE', #2227, 999.9999999999998900 ) ;
#626 = CARTESIAN_POINT ( 'NONE',  ( 104.4949312989550500, 58.71197852215190200, 1.286981843030338800 ) ) ;
#627 = CARTESIAN_POINT ( 'NONE',  ( 22.82810562247185600, 21.63356202417317300, 5.320738453129840700 ) ) ;
#628 = CIRCLE ( 'NONE', #1103, 2.500000000000002200 ) ;
#629 = CARTESIAN_POINT ( 'NONE',  ( 22.82810562247185600, 21.63356202417317300, 5.320738453129840700 ) ) ;
#630 = FACE_BOUND ( 'NONE', #1949, .T. ) ;
#631 = CARTESIAN_POINT ( 'NONE',  ( 104.2864281161298700, 59.09870291715509400, 0.3569010706752745500 ) ) ;
#632 =( LENGTH_UNIT ( ) NAMED_UNIT ( * ) SI_UNIT ( .MILLI., .METRE. ) );
#633 = ORIENTED_EDGE ( 'NONE', *, *, #1079, .F. ) ;
#634 = CC_DESIGN_PERSON_AND_ORGANIZATION_ASSIGNMENT ( #973, #1446, ( #884 ) ) ;
#635 = DIRECTION ( 'NONE',  ( -1.000000000000000000, 0.0000000000000000000, 1.224646799147353500E-016 ) ) ;
#636 = CARTESIAN_POINT ( 'NONE',  ( -1.507010064109388100E-013, 14.38749456993807900, 14.38749456993823900 ) ) ;
#637 = CARTESIAN_POINT ( 'NONE',  ( 137.6700271094818200, 58.64291246342356300, 1.509900192124227700 ) ) ;
#638 = CARTESIAN_POINT ( 'NONE',  ( 56.91391564072451800, 45.93181567725604700, -4.665768586035193600 ) ) ;
#639 = CARTESIAN_POINT ( 'NONE',  ( 31.84527993944709900, 30.68460156013868500, 4.920784649256326300 ) ) ;
#640 = PRODUCT_DEFINITION_SHAPE ( 'NONE', 'NONE',  #296 ) ;
#641 = DIRECTION ( 'NONE',  ( -0.5230499520166695900, -0.5230499520166845800, 0.6729320139439821700 ) ) ;
#642 = COORDINATED_UNIVERSAL_TIME_OFFSET ( 5, 30, .AHEAD. ) ;
#643 = EDGE_CURVE ( 'NONE', #557, #2390, #883, .T. ) ;
#644 = CARTESIAN_POINT ( 'NONE',  ( 16.68064896819065600, 8.775195154525079000, 6.979551485375434800E-016 ) ) ;
#645 = DIRECTION ( 'NONE',  ( 0.5000000000000088800, -0.7071067811865435800, -0.4999999999999966700 ) ) ;
#646 = AXIS2_PLACEMENT_3D ( 'NONE', #673, #408, #2290 ) ;
#647 = CARTESIAN_POINT ( 'NONE',  ( 170.6514491195347600, 59.04736296118319700, -0.8314347764370541000 ) ) ;
#648 = CARTESIAN_POINT ( 'NONE',  ( 57.71996021477387700, 44.52500921676246300, -4.394680959720487200 ) ) ;
#649 = CARTESIAN_POINT ( 'NONE',  ( 12.72792206135780700, 12.72792206135790100, 0.0000000000000000000 ) ) ;
#650 = CARTESIAN_POINT ( 'NONE',  ( 137.5731902070294000, 58.87967076465133700, 1.059208179091879300 ) ) ;
#651 = DIRECTION ( 'NONE',  ( 0.0000000000000000000, 0.0000000000000000000, 1.000000000000000000 ) ) ;
#652 = EDGE_LOOP ( 'NONE', ( #2860, #1700 ) ) ;
#653 = CARTESIAN_POINT ( 'NONE',  ( 0.0000000000000000000, 0.0000000000000000000, 0.0000000000000000000 ) ) ;
#654 = CARTESIAN_POINT ( 'NONE',  ( 25.45584412271571000, 9.020562075079396900E-014, 0.0000000000000000000 ) ) ;
#655 = CC_DESIGN_DATE_AND_TIME_ASSIGNMENT ( #2983, #1857, ( #1488 ) ) ;
#656 = CARTESIAN_POINT ( 'NONE',  ( 140.4507158666266900, 48.18844775456150800, -1.509900376778995100 ) ) ;
#657 = CARTESIAN_POINT ( 'NONE',  ( 35.49027199450120000, 59.07468433148460500, -0.5103630537966911100 ) ) ;
#658 = ORIENTED_EDGE ( 'NONE', *, *, #70, .F. ) ;
#659 = CARTESIAN_POINT ( 'NONE',  ( 58.52753047655478000, 43.11863694366756100, -4.000752643371393800 ) ) ;
#660 = CARTESIAN_POINT ( 'NONE',  ( 104.4949312989550500, 58.71197852215190200, 1.286981843030338800 ) ) ;
#661 = CARTESIAN_POINT ( 'NONE',  ( 0.0000000000000000000, 0.0000000000000000000, 0.0000000000000000000 ) ) ;
#662 = CIRCLE ( 'NONE', #562, 12.00000000000000000 ) ;
#663 = AXIS2_PLACEMENT_3D ( 'NONE', #1978, #2219, #338 ) ;
#664 = CARTESIAN_POINT ( 'NONE',  ( 139.2737176940074700, 52.46630644990995800, -4.370774821666878500 ) ) ;
#665 = CIRCLE ( 'NONE', #860, 2.500000000000001300 ) ;
#666 = FACE_BOUND ( 'NONE', #1538, .T. ) ;
#667 = CARTESIAN_POINT ( 'NONE',  ( 60.21329306180790300, 59.12266932148659700, -0.1518806047775859700 ) ) ;
#668 = CARTESIAN_POINT ( 'NONE',  ( 40.65220737395135600, 38.16814474818352900, -4.531520659313303900 ) ) ;
#669 = VERTEX_POINT ( 'NONE', #1634 ) ;
#670 = CARTESIAN_POINT ( 'NONE',  ( 170.6514491195347300, 50.61266932379794500, 0.06962226082667591400 ) ) ;
#671 = CARTESIAN_POINT ( 'NONE',  ( 137.4623710934203900, 59.12266932422940600, 0.09434267237537773100 ) ) ;
#672 = APPROVAL_STATUS ( 'not_yet_approved' ) ;
#673 = CARTESIAN_POINT ( 'NONE',  ( 0.0000000000000000000, 0.0000000000000000000, 0.0000000000000000000 ) ) ;
#674 = CARTESIAN_POINT ( 'NONE',  ( 139.7023567024385200, 50.65411292076539200, -3.788635509256000700 ) ) ;
#675 = CARTESIAN_POINT ( 'NONE',  ( 49.85902793249110200, 33.13390081595556300, 0.1703155629557680800 ) ) ;
#676 = CARTESIAN_POINT ( 'NONE',  ( 104.6886048778589900, 58.33988982993862700, -1.782614161566773400 ) ) ;
#677 = CARTESIAN_POINT ( 'NONE',  ( 170.6514491195347900, 54.03226987044745000, -4.199754360319214000 ) ) ;
#678 = EDGE_LOOP ( 'NONE', ( #1347, #97, #2688, #1520 ) ) ;
#679 = CARTESIAN_POINT ( 'NONE',  ( 34.69006401174073800, 24.55244591066249500, 0.0000000000000000000 ) ) ;
#680 = SHAPE_REPRESENTATION ( 'Assem1', ( #2129, #2077, #1236, #830 ), #811 ) ;
#681 = CARTESIAN_POINT ( 'NONE',  ( 49.74998976753661100, 58.41746932636066700, -1.663967603232607800 ) ) ;
#682 = DATE_TIME_ROLE ( 'creation_date' ) ;
#683 = CARTESIAN_POINT ( 'NONE',  ( 28.48791975328280300, 38.66971911625041300, -3.574259188820810200 ) ) ;
#684 = CARTESIAN_POINT ( 'NONE',  ( 12.72792206135780700, 12.72792206135790100, 0.0000000000000000000 ) ) ;
#685 = CARTESIAN_POINT ( 'NONE',  ( 43.19531753437351500, 33.76334883850746800, -3.279871732546384000 ) ) ;
#686 = DIRECTION ( 'NONE',  ( 0.0000000000000000000, 0.0000000000000000000, 1.000000000000000000 ) ) ;
#687 = CARTESIAN_POINT ( 'NONE',  ( 49.85902792699561600, 33.13390081278274100, 0.0000000000000000000 ) ) ;
#688 = ORIENTED_EDGE ( 'NONE', *, *, #753, .T. ) ;
#689 = CARTESIAN_POINT ( 'NONE',  ( 30.88350166161441700, 55.08803953223900900, -2.397470917352692200 ) ) ;
#690 = CALENDAR_DATE ( 2021, 1, 6 ) ;
#691 = CARTESIAN_POINT ( 'NONE',  ( 110.6521594265800600, 44.82867901255669100, -0.3569010835675265900 ) ) ;
#692 = PERSON_AND_ORGANIZATION ( #2725, #3031 ) ;
#693 = APPLICATION_CONTEXT ( 'configuration controlled 3d designs of mechanical parts and assemblies' ) ;
#694 = CARTESIAN_POINT ( 'NONE',  ( 19.98494790827282600, 27.03712040296588600, -1.882709609711301200 ) ) ;
#695 = CARTESIAN_POINT ( 'NONE',  ( 35.46284780678100600, 59.12266932378702900, -6.251790650905216300E-006 ) ) ;
#696 = CARTESIAN_POINT ( 'NONE',  ( 43.68033820081316100, 32.92326843261858500, -2.880228757760544800 ) ) ;
#697 = DIRECTION ( 'NONE',  ( -0.7071067811865501300, 0.7071067811865448000, 0.0000000000000000000 ) ) ;
#698 = EDGE_LOOP ( 'NONE', ( #1271, #1720, #1461, #2969 ) ) ;
#699 = DIRECTION ( 'NONE',  ( -1.000000000000000000, 0.0000000000000000000, 0.0000000000000000000 ) ) ;
#700 = CARTESIAN_POINT ( 'NONE',  ( 60.50634086447401200, 39.68688983867613700, 2.233980342750916400 ) ) ;
#701 = CARTESIAN_POINT ( 'NONE',  ( 62.07674152097217000, 55.93576978925045800, -3.457343355140677600 ) ) ;
#702 = CARTESIAN_POINT ( 'NONE',  ( 47.43415016086313300, 31.88466343288645500, -0.1725565427257297100 ) ) ;
#703 = CARTESIAN_POINT ( 'NONE',  ( 69.81373772009665400, 42.72156874469130400, 2.608034896614840100 ) ) ;
#704 = CIRCLE ( 'NONE', #450, 23.50000000000000000 ) ;
#705 = DIRECTION ( 'NONE',  ( 7.406550393246837400E-015, -0.7071067811865435800, -0.7071067811865514600 ) ) ;
#706 = EDGE_CURVE ( 'NONE', #1250, #38, #2603, .T. ) ;
#707 = CARTESIAN_POINT ( 'NONE',  ( 30.14742595349959900, 56.36296015334198000, -1.158524860211148000 ) ) ;
#708 = APPLICATION_PROTOCOL_DEFINITION ( 'international standard', 'config_control_design', 1994, #445 ) ;
#709 = CARTESIAN_POINT ( 'NONE',  ( 20.13887766265415600, 26.74727334271732500, -2.388551504639377000 ) ) ;
#710 = LINE ( 'NONE', #1695, #140 ) ;
#711 = ADVANCED_FACE ( 'NONE', ( #1281 ), #2585, .T. ) ;
#712 = FACE_BOUND ( 'NONE', #2177, .T. ) ;
#713 = DIRECTION ( 'NONE',  ( -0.7071067811865449100, -0.7071067811865501300, -0.0000000000000000000 ) ) ;
#714 = AXIS2_PLACEMENT_3D ( 'NONE', #920, #2787, #1572 ) ;
#715 = ORIENTED_EDGE ( 'NONE', *, *, #932, .T. ) ;
#716 = CARTESIAN_POINT ( 'NONE',  ( 70.82627601544032800, 40.98712944321661700, -0.4551642815870081100 ) ) ;
#717 = EDGE_LOOP ( 'NONE', ( #2884, #1515 ) ) ;
#718 = CARTESIAN_POINT ( 'NONE',  ( 45.06646457971460500, 30.52242734282697300, 6.683651952743043000E-008 ) ) ;
#719 = CARTESIAN_POINT ( 'NONE',  ( 139.0603714341617900, 53.41568014353284600, -4.445523942298725800 ) ) ;
#720 = CARTESIAN_POINT ( 'NONE',  ( 59.73166483768288500, 41.02853334697535800, -3.100792442550226900 ) ) ;
#721 = CARTESIAN_POINT ( 'NONE',  ( 109.5452802456190400, 47.03266345118652200, 3.070298989983588200 ) ) ;
#722 = SHAPE_REPRESENTATION ( 'acetabular', ( #1963 ), #1769 ) ;
#723 = PERSON_AND_ORGANIZATION_ROLE ( 'design_owner' ) ;
#724 = CARTESIAN_POINT ( 'NONE',  ( 9.914643305167485800, 15.54120081754819600, -3.978581913494984700 ) ) ;
#725 = ADVANCED_FACE ( 'NONE', ( #1427 ), #1908, .T. ) ;
#726 = APPROVAL ( #1869, 'UNSPECIFIED' ) ;
#727 = CARTESIAN_POINT ( 'NONE',  ( 29.96400828278872200, 56.68064896819075200, -7.568864066638364500E-016 ) ) ;
#728 = CARTESIAN_POINT ( 'NONE',  ( 110.6521594265800600, 44.82867901255669100, -0.3569010835675265900 ) ) ;
#729 = DATE_AND_TIME ( #1194, #3020 ) ;
#730 = CARTESIAN_POINT ( 'NONE',  ( 138.4183861643072400, 56.17724736538907100, -3.788635509256001600 ) ) ;
#731 = CARTESIAN_POINT ( 'NONE',  ( 44.94020796638862000, 36.25809371836963600, -3.701192183077008500 ) ) ;
#732 = CARTESIAN_POINT ( 'NONE',  ( 60.50634086447401200, 39.68688983867613700, 2.233980342750916400 ) ) ;
#733 = CARTESIAN_POINT ( 'NONE',  ( 35.63823897076081000, 58.81553642725140200, -1.129895308649697000 ) ) ;
#734 = PERSON_AND_ORGANIZATION_ROLE ( 'classification_officer' ) ;
#735 = CARTESIAN_POINT ( 'NONE',  ( 33.34553649778024500, 50.82366996879421400, -4.160230628279868400 ) ) ;
#736 = CARTESIAN_POINT ( 'NONE',  ( -10.17349497468808300, 14.38749456993807900, 10.17349497468783600 ) ) ;
#737 = DIRECTION ( 'NONE',  ( -0.4999999999999984500, -0.7071067811865435800, -0.5000000000000071100 ) ) ;
#738 = CARTESIAN_POINT ( 'NONE',  ( 40.66647957515125000, 49.78020821184777100, -4.746882818718422200 ) ) ;
#739 = CARTESIAN_POINT ( 'NONE',  ( 46.53092425578432800, 33.46168855762721300, -2.372749386009952700 ) ) ;
#740 = SECURITY_CLASSIFICATION ( '', '', #1135 ) ;
#741 = ORIENTED_EDGE ( 'NONE', *, *, #157, .F. ) ;
#742 = CARTESIAN_POINT ( 'NONE',  ( 140.0983646765794200, 49.21429391267341200, 2.778750006265322500 ) ) ;
#743 = EDGE_CURVE ( 'NONE', #624, #1250, #47, .T. ) ;
#744 = DIRECTION ( 'NONE',  ( -1.000000000000000000, 0.0000000000000000000, 0.0000000000000000000 ) ) ;
#745 = ADVANCED_FACE ( 'NONE', ( #2457, #1219, #666, #1834 ), #604, .F. ) ;
#746 = CARTESIAN_POINT ( 'NONE',  ( 32.33720347958691100, 29.51605354796216600, -4.580158905294139200 ) ) ;
#747 = CARTESIAN_POINT ( 'NONE',  ( 0.0000000000000000000, 0.0000000000000000000, 0.0000000000000000000 ) ) ;
#748 = CARTESIAN_POINT ( 'NONE',  ( 140.6583717929679000, 47.70869097326576700, 0.0000000000000000000 ) ) ;
#749 = LOCAL_TIME ( 20, 22, 1.000000000000000000, #1339 ) ;
#750 = FACE_OUTER_BOUND ( 'NONE', #1698, .T. ) ;
#751 = CARTESIAN_POINT ( 'NONE',  ( 35.84547607358958000, 52.42401097701801400, -4.136115771554022700 ) ) ;
#752 = CIRCLE ( 'NONE', #2706, 2.500000000000002200 ) ;
#753 = EDGE_CURVE ( 'NONE', #928, #1060, #1178, .T. ) ;
#754 = CARTESIAN_POINT ( 'NONE',  ( 38.56401103104531100, 41.78500764649135800, 4.927375655022729900 ) ) ;
#755 = APPROVAL_STATUS ( 'not_yet_approved' ) ;
#756 = DIRECTION ( 'NONE',  ( -0.0000000000000000000, -1.000000000000000000, -0.0000000000000000000 ) ) ;
#757 = ORIENTED_EDGE ( 'NONE', *, *, #1795, .T. ) ;
#758 = CARTESIAN_POINT ( 'NONE',  ( 47.43415016086313300, 31.88466343288645500, -0.1725565427257297100 ) ) ;
#759 = CARTESIAN_POINT ( 'NONE',  ( 60.90427745731025100, 57.93761350098125000, -2.144654027453512400 ) ) ;
#760 = CARTESIAN_POINT ( 'NONE',  ( 170.6514491195347300, 51.83925437879764800, 3.028425489560190500 ) ) ;
#761 = APPROVAL_ROLE ( '' ) ;
#762 = DIRECTION ( 'NONE',  ( -2.468850131082250700E-015, 0.7071067811865517900, 0.7071067811865433500 ) ) ;
#763 = CARTESIAN_POINT ( 'NONE',  ( 22.00238174192082100, 23.19692534021954000, -5.320738453129840700 ) ) ;
#764 = CALENDAR_DATE ( 2021, 1, 6 ) ;
#765 = APPROVAL_ROLE ( '' ) ;
#766 = DIRECTION ( 'NONE',  ( -0.5000000000000000000, 0.7071067811865513500, 0.4999999999999943900 ) ) ;
#767 = AXIS2_PLACEMENT_3D ( 'NONE', #197, #1370, #3021 ) ;
#768 = CARTESIAN_POINT ( 'NONE',  ( 25.14558745269237900, 17.24013363846053800, 0.1192432482398219500 ) ) ;
#769 = APPROVAL_DATE_TIME ( #2723, #2187 ) ;
#770 = PERSON ( 'NAUO-PER2', 'UNSPECIFIED', 'UNSPECIFIED', ('UNSPECIFIED'), ('UNSPECIFIED'), ('UNSPECIFIED') ) ;
#771 = CARTESIAN_POINT ( 'NONE',  ( 23.62866867773533400, 20.11175423215781100, -4.628797076393204300 ) ) ;
#772 = ORIENTED_EDGE ( 'NONE', *, *, #706, .T. ) ;
#773 = CARTESIAN_POINT ( 'NONE',  ( 170.6514491195347900, 58.62630531077294900, -2.008956943195541600 ) ) ;
#774 = CC_DESIGN_PERSON_AND_ORGANIZATION_ASSIGNMENT ( #952, #2795, ( #1812 ) ) ;
#775 = CARTESIAN_POINT ( 'NONE',  ( 40.65220715811060600, 38.16814582743514700, 4.531520809076854000 ) ) ;
#776 = CARTESIAN_POINT ( 'NONE',  ( 70.47937419326697700, 41.58286007995278100, 1.589361668857576700 ) ) ;
#777 = EDGE_CURVE ( 'NONE', #2036, #1334, #710, .T. ) ;
#778 = FACE_OUTER_BOUND ( 'NONE', #1055, .T. ) ;
#779 = CARTESIAN_POINT ( 'NONE',  ( 45.06646457971459800, 30.52242734282696900, 6.369687763352338500E-016 ) ) ;
#780 = TOROIDAL_SURFACE ( 'NONE', #1573, 20.49999999999999600, 1.999999999999999100 ) ;
#781 = FACE_OUTER_BOUND ( 'NONE', #2657, .T. ) ;
#782 = CARTESIAN_POINT ( 'NONE',  ( 8.778406990731426200, 16.67743713198082700, 0.2743934802054037700 ) ) ;
#783 = VERTEX_POINT ( 'NONE', #1915 ) ;
#784 = VERTEX_POINT ( 'NONE', #2148 ) ;
#785 = CARTESIAN_POINT ( 'NONE',  ( 105.3933073506234700, 56.89471853231199800, 3.070298989983587700 ) ) ;
#786 = CARTESIAN_POINT ( 'NONE',  ( 37.51523659892181700, 43.60153825231334700, 4.974972400033249400 ) ) ;
#787 = CARTESIAN_POINT ( 'NONE',  ( 44.88304677109923100, 30.84011621618999800, -1.158525039789611400 ) ) ;
#788 = DIRECTION ( 'NONE',  ( -0.4999999999999984500, -0.7071067811865435800, -0.5000000000000071100 ) ) ;
#789 = CARTESIAN_POINT ( 'NONE',  ( 24.98684731187809000, 17.53023075052225700, 1.328361310040004900 ) ) ;
#790 = CARTESIAN_POINT ( 'NONE',  ( 30.88350185406618600, 55.08803919890249300, -2.397471148575085900 ) ) ;
#791 = CARTESIAN_POINT ( 'NONE',  ( 9.069972951237238200, 16.38587117147506700, 2.142712766577104000 ) ) ;
#792 = ADVANCED_FACE ( 'NONE', ( #2012 ), #780, .T. ) ;
#793 = PERSON_AND_ORGANIZATION ( #2725, #3031 ) ;
#794 = CC_DESIGN_PERSON_AND_ORGANIZATION_ASSIGNMENT ( #1075, #287, ( #2827 ) ) ;
#795 = CARTESIAN_POINT ( 'NONE',  ( 40.65220715811060600, 38.16814582743514700, 4.531520809076854000 ) ) ;
#796 = CARTESIAN_POINT ( 'NONE',  ( 25.14558745135277100, 17.24013363768711600, 0.0000000000000000000 ) ) ;
#797 = CARTESIAN_POINT ( 'NONE',  ( 8.845142070419449000, 16.61070205229623700, -1.092283404460679300 ) ) ;
#798 = CARTESIAN_POINT ( 'NONE',  ( 0.0000000000000000000, 0.0000000000000000000, 0.0000000000000000000 ) ) ;
#799 = LOCAL_TIME ( 20, 22, 1.000000000000000000, #162 ) ;
#800 = EDGE_CURVE ( 'NONE', #1205, #81, #2562, .T. ) ;
#801 = CARTESIAN_POINT ( 'NONE',  ( 107.4692938023204800, 51.96369099417369600, 4.608201546449753200 ) ) ;
#802 = CARTESIAN_POINT ( 'NONE',  ( 46.63127323894424600, 38.88345723637167600, 4.112001076108787100 ) ) ;
#803 = CARTESIAN_POINT ( 'NONE',  ( 24.52904464436060600, 18.39147549066493100, -2.852780435123465400 ) ) ;
#804 = AXIS2_PLACEMENT_3D ( 'NONE', #1143, #2774, #2537 ) ;
#805 = CARTESIAN_POINT ( 'NONE',  ( 34.69006401504406500, 24.55244591256966700, 0.1470203360972078500 ) ) ;
#806 = ORIENTED_EDGE ( 'NONE', *, *, #1992, .F. ) ;
#807 = CARTESIAN_POINT ( 'NONE',  ( 27.08481444251912900, 41.49372939760715400, -0.4406529793512422600 ) ) ;
#808 = CARTESIAN_POINT ( 'NONE',  ( -8.485281374238640600, 16.97056274847710400, 2.204364238465235400E-015 ) ) ;
#809 = CIRCLE ( 'NONE', #1077, 20.49999999999999600 ) ;
#810 = CARTESIAN_POINT ( 'NONE',  ( 8.939356714609214500, 16.51648740810809100, -1.625328840279427000 ) ) ;
#811 =( GEOMETRIC_REPRESENTATION_CONTEXT ( 3 ) GLOBAL_UNCERTAINTY_ASSIGNED_CONTEXT ( ( #1680 ) ) GLOBAL_UNIT_ASSIGNED_CONTEXT ( ( #167, #156, #1099 ) ) REPRESENTATION_CONTEXT ( 'NONE', 'WORKASPACE' ) );
#812 = CIRCLE ( 'NONE', #2404, 2.500000000000000900 ) ;
#813 = CARTESIAN_POINT ( 'NONE',  ( 35.41991553000563900, 47.23074078682981300, 4.782048346458390500 ) ) ;
#814 = CARTESIAN_POINT ( 'NONE',  ( 170.6514491195347000, 53.22867744370186900, 3.956818135406099400 ) ) ;
#815 = CARTESIAN_POINT ( 'NONE',  ( 10.51795004491406100, 14.93789407780163400, 4.677435247492263100 ) ) ;
#816 = CIRCLE ( 'NONE', #1298, 6.000000000000000900 ) ;
#817 = CARTESIAN_POINT ( 'NONE',  ( 27.36244257773671500, 40.97279136333141000, 1.564439215619335200 ) ) ;
#818 = VERTEX_POINT ( 'NONE', #2417 ) ;
#819 = CARTESIAN_POINT ( 'NONE',  ( 16.97056274847710700, 8.485281374238629900, 1.469576158976824300E-015 ) ) ;
#820 = DIRECTION ( 'NONE',  ( -0.7071067811865433500, 0.7071067811865517900, 0.0000000000000000000 ) ) ;
#821 = CARTESIAN_POINT ( 'NONE',  ( 10.51795004491487300, 14.93789407780236500, -4.677435247492256900 ) ) ;
#822 = AXIS2_PLACEMENT_3D ( 'NONE', #2130, #1363, #449 ) ;
#823 = CARTESIAN_POINT ( 'NONE',  ( 34.37826600984178800, 49.03493065993369300, 4.531520809076861900 ) ) ;
#824 = CARTESIAN_POINT ( 'NONE',  ( 39.67454687001846000, 51.58854579656308900, 4.490137410437028200 ) ) ;
#825 = CARTESIAN_POINT ( 'NONE',  ( 21.59577326709482000, 23.96828187292042500, 5.059520985013555200 ) ) ;
#826 = CALENDAR_DATE ( 2021, 1, 6 ) ;
#827 = CARTESIAN_POINT ( 'NONE',  ( 19.74468824961122900, 27.48176565476952100, -0.8124159240515388400 ) ) ;
#828 = DIRECTION ( 'NONE',  ( 0.0000000000000000000, 0.0000000000000000000, -1.000000000000000000 ) ) ;
#829 = CARTESIAN_POINT ( 'NONE',  ( -6.172125327705631600E-015, 1.767766952966379800, 1.767766952966360000 ) ) ;
#830 = AXIS2_PLACEMENT_3D ( 'NONE', #1793, #2722, #1557 ) ;
#831 = CARTESIAN_POINT ( 'NONE',  ( 8.797559094535467100, 16.65828502818184700, -0.6393613661825127100 ) ) ;
#832 = CARTESIAN_POINT ( 'NONE',  ( 170.6514491195347000, 59.09859130240996400, 0.4866729813100351700 ) ) ;
#833 = CARTESIAN_POINT ( 'NONE',  ( 11.95186170762665700, 13.50398241508903800, 5.517419855254218000 ) ) ;
#834 = CARTESIAN_POINT ( 'NONE',  ( 36.46646206333505100, 45.41806902992927800, 4.927375648881087100 ) ) ;
#835 = COORDINATED_UNIVERSAL_TIME_OFFSET ( 5, 30, .AHEAD. ) ;
#836 = LOCAL_TIME ( 20, 22, 1.000000000000000000, #2989 ) ;
#837 = CARTESIAN_POINT ( 'NONE',  ( 0.0000000000000000000, 0.0000000000000000000, 0.0000000000000000000 ) ) ;
#838 = EDGE_LOOP ( 'NONE', ( #1592, #1130, #369, #2324, #1702 ) ) ;
#839 = CARTESIAN_POINT ( 'NONE',  ( 31.35013514449891400, 54.27980704214977700, 2.880229203767225200 ) ) ;
#840 = AXIS2_PLACEMENT_3D ( 'NONE', #3002, #1593, #887 ) ;
#841 = CARTESIAN_POINT ( 'NONE',  ( 9.236277299625751200, 16.21956682308992700, 2.639234683947957000 ) ) ;
#842 = EDGE_LOOP ( 'NONE', ( #1603, #2382 ) ) ;
#843 = CARTESIAN_POINT ( 'NONE',  ( 30.87858541575524300, 33.03942275480794400, 5.192177014671272200 ) ) ;
#844 = CYLINDRICAL_SURFACE ( 'NONE', #1916, 18.00000000000000400 ) ;
#845 = CC_DESIGN_PERSON_AND_ORGANIZATION_ASSIGNMENT ( #2194, #2311, ( #1805 ) ) ;
#846 = CARTESIAN_POINT ( 'NONE',  ( -1.132798289211301700E-015, 18.50000000000000000, 0.0000000000000000000 ) ) ;
#847 = CYLINDRICAL_SURFACE ( 'NONE', #25, 2.500000000000001300 ) ;
#848 = FACE_OUTER_BOUND ( 'NONE', #285, .T. ) ;
#849 = VERTEX_POINT ( 'NONE', #1204 ) ;
#850 = CARTESIAN_POINT ( 'NONE',  ( 138.0223782290815100, 57.61706639594929400, 2.778750006265320800 ) ) ;
#851 = ORIENTED_EDGE ( 'NONE', *, *, #2432, .F. ) ;
#852 = CARTESIAN_POINT ( 'NONE',  ( 28.48791988256405700, 38.66971919089098700, 3.574259188820807100 ) ) ;
#853 = CARTESIAN_POINT ( 'NONE',  ( 28.48791988256405700, 38.66971919089098700, 3.574259188820807100 ) ) ;
#854 = CARTESIAN_POINT ( 'NONE',  ( 34.35486418785019700, 55.05434997589133400, 3.252793314834920400 ) ) ;
#855 = CARTESIAN_POINT ( 'NONE',  ( 0.0000000000000000000, 0.0000000000000000000, 0.0000000000000000000 ) ) ;
#856 = EDGE_CURVE ( 'NONE', #875, #2360, #628, .T. ) ;
#857 = PRODUCT ( 'Assem1', 'Assem1', '', ( #1372 ) ) ;
#858 = CARTESIAN_POINT ( 'NONE',  ( 16.68064896819065600, 8.775195154525079000, 6.979551485375434800E-016 ) ) ;
#859 = EDGE_LOOP ( 'NONE', ( #2957, #1828, #489, #490 ) ) ;
#860 = AXIS2_PLACEMENT_3D ( 'NONE', #478, #495, #2122 ) ;
#861 = CARTESIAN_POINT ( 'NONE',  ( 36.34165882596341400, 57.57645510164493900, 2.348028088001481900 ) ) ;
#862 = CARTESIAN_POINT ( 'NONE',  ( 24.00615738387375900, 19.39053017676291500, 4.039131485089956000 ) ) ;
#863 = CARTESIAN_POINT ( 'NONE',  ( 16.21956682308987000, 9.236277299625872000, 2.639234683947948600 ) ) ;
#864 = CARTESIAN_POINT ( 'NONE',  ( 104.2864280942784900, 59.09870292741886300, -0.3569010835675220900 ) ) ;
#865 = DIRECTION ( 'NONE',  ( 0.0000000000000000000, 0.0000000000000000000, -1.000000000000000000 ) ) ;
#866 = CC_DESIGN_DATE_AND_TIME_ASSIGNMENT ( #2473, #226, ( #296 ) ) ;
#867 = COORDINATED_UNIVERSAL_TIME_OFFSET ( 5, 30, .AHEAD. ) ;
#868 = SHAPE_DEFINITION_REPRESENTATION ( #441, #680 ) ;
#869 = CARTESIAN_POINT ( 'NONE',  ( 49.74999008135062400, 58.41746900802262100, 1.663967830746324200 ) ) ;
#870 = CARTESIAN_POINT ( 'NONE',  ( 41.66273406540212000, 47.95762483908858100, -4.896369582554122200 ) ) ;
#871 = CARTESIAN_POINT ( 'NONE',  ( 23.23471414826117600, 20.86220552089608700, 5.059520985013554300 ) ) ;
#872 = CARTESIAN_POINT ( 'NONE',  ( -20.47559522944326800, 1.000000000000000000, 0.0000000000000000000 ) ) ;
#873 = CARTESIAN_POINT ( 'NONE',  ( 32.51456310309490000, 58.27637824605373100, -0.1725565427257284600 ) ) ;
#874 = CARTESIAN_POINT ( 'NONE',  ( -1.249999999999982700, 1.767766952966379800, -1.250000000000004700 ) ) ;
#875 = VERTEX_POINT ( 'NONE', #520 ) ;
#876 = CARTESIAN_POINT ( 'NONE',  ( 0.0000000000000000000, 0.0000000000000000000, 0.0000000000000000000 ) ) ;
#877 = CIRCLE ( 'NONE', #1387, 4.254999999999997200 ) ;
#878 = CARTESIAN_POINT ( 'NONE',  ( 170.6514491195347300, 59.12266932379793600, -0.06962228744783774400 ) ) ;
#879 = CARTESIAN_POINT ( 'NONE',  ( 108.7532642690896000, 48.81952561259753100, -4.016893450055937000 ) ) ;
#880 = CARTESIAN_POINT ( 'NONE',  ( 8.775195154524958200, 16.68064896819071700, 0.0000000000000000000 ) ) ;
#881 = FACE_OUTER_BOUND ( 'NONE', #2915, .T. ) ;
#882 = CARTESIAN_POINT ( 'NONE',  ( 49.34237109730511200, 59.12266932647218500, 0.1599775979345799400 ) ) ;
#883 = CIRCLE ( 'NONE', #1622, 23.49999999999999600 ) ;
#884 = PRODUCT_DEFINITION ( 'UNKNOWN', '', #2827, #1765 ) ;
#885 = EDGE_CURVE ( 'NONE', #436, #849, #1942, .T. ) ;
#886 = CARTESIAN_POINT ( 'NONE',  ( 70.15714523901367300, 42.13460597120673200, -2.144654027453513700 ) ) ;
#887 = DIRECTION ( 'NONE',  ( -0.7071067811865433500, 0.7071067811865517900, 0.0000000000000000000 ) ) ;
#888 = CARTESIAN_POINT ( 'NONE',  ( 35.46284781227054600, 59.12266932697074400, 0.1703155629557683600 ) ) ;
#889 = CARTESIAN_POINT ( 'NONE',  ( 41.68493638491953100, 36.37940565963500500, -4.160230501050872200 ) ) ;
#890 = CARTESIAN_POINT ( 'NONE',  ( -20.49999999999999600, -3.794707603699265500E-015, 0.0000000000000000000 ) ) ;
#891 = CARTESIAN_POINT ( 'NONE',  ( 49.74999008135062400, 58.41746900802262100, 1.663967830746324200 ) ) ;
#892 = DIRECTION ( 'NONE',  ( 0.0000000000000000000, 0.0000000000000000000, 1.000000000000000000 ) ) ;
#893 = LOCAL_TIME ( 20, 22, 1.000000000000000000, #276 ) ;
#894 = EDGE_CURVE ( 'NONE', #2360, #875, #1797, .T. ) ;
#895 = CARTESIAN_POINT ( 'NONE',  ( 0.0000000000000000000, 0.0000000000000000000, 0.0000000000000000000 ) ) ;
#896 = CARTESIAN_POINT ( 'NONE',  ( 57.71996021477387700, 44.52500921676246300, -4.394680959720487200 ) ) ;
#897 = AXIS2_PLACEMENT_3D ( 'NONE', #2586, #1392, #922 ) ;
#898 = CARTESIAN_POINT ( 'NONE',  ( 44.57936144484158100, 31.36611486109301700, 1.800517341877603300 ) ) ;
#899 = CARTESIAN_POINT ( 'NONE',  ( 31.35013446754708600, 54.27980776631049100, -2.880228757760550500 ) ) ;
#900 = CARTESIAN_POINT ( 'NONE',  ( 44.10323693266373400, 37.73703055313592400, -4.136115771554006700 ) ) ;
#901 = CARTESIAN_POINT ( 'NONE',  ( 110.6652944682872000, 44.80471262382197800, 0.1190630839240798700 ) ) ;
#902 = ORGANIZATION ( 'NAUO-ORG3', 'UNSPECIFIED', 'UNSPECIFIED' ) ;
#903 = PERSON ( 'NAUO-PER3', 'UNSPECIFIED', 'UNSPECIFIED', ('UNSPECIFIED'), ('UNSPECIFIED'), ('UNSPECIFIED') ) ;
#904 = CARTESIAN_POINT ( 'NONE',  ( 137.4623710919256900, 59.12266932336645200, -0.09434270844877569500 ) ) ;
#905 = APPLICATION_PROTOCOL_DEFINITION ( 'international standard', 'config_control_design', 1994, #693 ) ;
#906 = CARTESIAN_POINT ( 'NONE',  ( -10.17349497468794300, 14.38749456993807900, -10.17349497468797800 ) ) ;
#907 = CARTESIAN_POINT ( 'NONE',  ( 170.6514491195347300, 51.10903333682295400, -2.008956943195538500 ) ) ;
#908 = PERSON_AND_ORGANIZATION ( #2725, #3031 ) ;
#909 = CARTESIAN_POINT ( 'NONE',  ( 140.6518042729041700, 47.72240322488498500, 0.2828823152753158800 ) ) ;
#910 = CARTESIAN_POINT ( 'NONE',  ( 50.88196316163885100, 56.45759939135718500, -3.100792442550230900 ) ) ;
#911 = ORIENTED_EDGE ( 'NONE', *, *, #2724, .T. ) ;
#912 = CARTESIAN_POINT ( 'NONE',  ( 170.6514491195348200, 50.78940341599080500, -1.237186591991217500 ) ) ;
#913 = CARTESIAN_POINT ( 'NONE',  ( -11.68332144554812900, 16.52271164185821600, 11.68332144554784500 ) ) ;
#914 = PERSON_AND_ORGANIZATION_ROLE ( 'creator' ) ;
#915 = CARTESIAN_POINT ( 'NONE',  ( 9.236277299625754700, 16.21956682308993400, -2.639234683947949900 ) ) ;
#916 = DIRECTION ( 'NONE',  ( 0.7071067811865449100, 0.7071067811865501300, 0.0000000000000000000 ) ) ;
#917 = AXIS2_PLACEMENT_3D ( 'NONE', #1926, #2895, #541 ) ;
#918 = CARTESIAN_POINT ( 'NONE',  ( 110.0435798408079500, 45.99637910207194100, -2.218246363384208700 ) ) ;
#919 = LINE ( 'NONE', #2323, #1091 ) ;
#920 = CARTESIAN_POINT ( 'NONE',  ( 0.0000000000000000000, 0.0000000000000000000, 0.0000000000000000000 ) ) ;
#921 = CYLINDRICAL_SURFACE ( 'NONE', #966, 2.500000000000001800 ) ;
#922 = DIRECTION ( 'NONE',  ( 7.406550393246760100E-015, 0.7071067811865517900, -0.7071067811865433500 ) ) ;
#923 = CARTESIAN_POINT ( 'NONE',  ( 170.6514491195347300, 59.11921123051276800, -0.2088636370746745400 ) ) ;
#924 = CIRCLE ( 'NONE', #1589, 2.500000000000000900 ) ;
#925 = CARTESIAN_POINT ( 'NONE',  ( 170.6514491195347300, 50.61266932379794500, -0.06962228744783688400 ) ) ;
#926 = ORIENTED_EDGE ( 'NONE', *, *, #2202, .F. ) ;
#927 = CARTESIAN_POINT ( 'NONE',  ( 61.24713149106937500, 38.40519978222420900, 0.4794087966848203400 ) ) ;
#928 = VERTEX_POINT ( 'NONE', #1225 ) ;
#929 = MECHANICAL_CONTEXT ( 'NONE', #2818, 'mechanical' ) ;
#930 = CARTESIAN_POINT ( 'NONE',  ( 31.36015836208018500, 31.86034149107482000, -5.124057051005465300 ) ) ;
#931 = CC_DESIGN_APPROVAL ( #1113, ( #241 ) ) ;
#932 = EDGE_CURVE ( 'NONE', #2251, #2165, #77, .T. ) ;
#933 = DIRECTION ( 'NONE',  ( 0.0000000000000000000, 0.0000000000000000000, 1.000000000000000000 ) ) ;
#934 = CARTESIAN_POINT ( 'NONE',  ( 39.61055771345388600, 39.97233486435275300, -4.782048280539805200 ) ) ;
#935 = DIRECTION ( 'NONE',  ( -7.406550393246837400E-015, 0.7071067811865435800, 0.7071067811865514600 ) ) ;
#936 = CARTESIAN_POINT ( 'NONE',  ( -14.75494468889204400, 18.29047859482459200, 1.806959578484787700E-015 ) ) ;
#937 = CARTESIAN_POINT ( 'NONE',  ( 170.6514491195346700, 55.70306877714841000, -4.199754360319212200 ) ) ;
#938 = CARTESIAN_POINT ( 'NONE',  ( 170.6514491195347900, 50.63674736185097900, -0.4866731490825733100 ) ) ;
#939 = ORIENTED_EDGE ( 'NONE', *, *, #2474, .F. ) ;
#940 = LOCAL_TIME ( 20, 22, 1.000000000000000000, #642 ) ;
#941 = CARTESIAN_POINT ( 'NONE',  ( 60.86363818067907500, 39.06866388198508800, 1.663967830746340800 ) ) ;
#942 = DIRECTION ( 'NONE',  ( 7.406550393246755400E-015, 0.7071067811865515700, -0.7071067811865435800 ) ) ;
#943 = APPROVAL_ROLE ( '' ) ;
#944 = CARTESIAN_POINT ( 'NONE',  ( 12.72792206135780000, 12.72792206135789100, -5.626586237797151400 ) ) ;
#945 = DIRECTION ( 'NONE',  ( -1.000000000000000000, 0.0000000000000000000, -8.659560562354963700E-017 ) ) ;
#946 = CARTESIAN_POINT ( 'NONE',  ( 47.40601649197077400, 31.93364616406475800, -0.5170728764602804400 ) ) ;
#947 = DIRECTION ( 'NONE',  ( -2.468850131082279100E-015, -0.7071067811865435800, 0.7071067811865514600 ) ) ;
#948 = CARTESIAN_POINT ( 'NONE',  ( 110.6521594274362000, 44.82867903593069800, 0.3569010706752775400 ) ) ;
#949 = CARTESIAN_POINT ( 'NONE',  ( 170.6514491195348200, 57.24663842804683600, -3.560377568456070600 ) ) ;
#950 = CARTESIAN_POINT ( 'NONE',  ( 110.6652944664008900, 44.80471262273290700, 0.0000000000000000000 ) ) ;
#951 = CARTESIAN_POINT ( 'NONE',  ( 47.43935597819194100, 37.42779933865304500, 3.674763367337980900 ) ) ;
#952 = PERSON_AND_ORGANIZATION ( #2725, #3031 ) ;
#953 = PRODUCT_RELATED_PRODUCT_CATEGORY ( 'detail', '', ( #980 ) ) ;
#954 = PERSON_AND_ORGANIZATION_ROLE ( 'classification_officer' ) ;
#955 = CARTESIAN_POINT ( 'NONE',  ( 42.53250478801614100, 34.91137415625300400, -3.727621291750244500 ) ) ;
#956 = CARTESIAN_POINT ( 'NONE',  ( 0.0000000000000000000, 0.0000000000000000000, 0.0000000000000000000 ) ) ;
#957 = CARTESIAN_POINT ( 'NONE',  ( 60.86363830538261500, 39.06866345446352500, -1.663967603232593400 ) ) ;
#958 = ORIENTED_EDGE ( 'NONE', *, *, #2268, .F. ) ;
#959 = CARTESIAN_POINT ( 'NONE',  ( 35.84547607358958000, 52.42401097701801400, -4.136115771554022700 ) ) ;
#960 = CARTESIAN_POINT ( 'NONE',  ( 49.68363669020791900, 33.44103366729708400, -1.129895308649700600 ) ) ;
#961 = CARTESIAN_POINT ( 'NONE',  ( 44.57936144484158100, 31.36611486109301700, 1.800517341877603300 ) ) ;
#962 = CIRCLE ( 'NONE', #341, 2.500000000000002200 ) ;
#963 = EDGE_CURVE ( 'NONE', #526, #542, #1875, .T. ) ;
#964 = SECURITY_CLASSIFICATION_LEVEL ( 'unclassified' ) ;
#965 = CARTESIAN_POINT ( 'NONE',  ( 14.93789407780153900, 10.51795004491417800, -4.677435247492265800 ) ) ;
#966 = AXIS2_PLACEMENT_3D ( 'NONE', #1262, #2903, #2647 ) ;
#967 = SPHERICAL_SURFACE ( 'NONE', #1513, 18.50000000000000000 ) ;
#968 = CARTESIAN_POINT ( 'NONE',  ( 51.41411343850040800, 55.53472011562767800, -3.552838766875405300 ) ) ;
#969 = CARTESIAN_POINT ( 'NONE',  ( 44.65539579389729100, 42.47636254420582700, 4.746882749226234200 ) ) ;
#970 = CARTESIAN_POINT ( 'NONE',  ( 5.023366880364627300E-014, 14.38749456993807900, -14.38749456993823900 ) ) ;
#971 = CARTESIAN_POINT ( 'NONE',  ( 23.23471409729785400, 20.86220549147229900, -5.059520985013560500 ) ) ;
#972 = DIRECTION ( 'NONE',  ( -0.7071067811865433500, 0.7071067811865517900, 0.0000000000000000000 ) ) ;
#973 = PERSON_AND_ORGANIZATION ( #2725, #3031 ) ;
#974 = CARTESIAN_POINT ( 'NONE',  ( 170.6514491195348200, 57.24663842804683600, -3.560377568456070600 ) ) ;
#975 = CARTESIAN_POINT ( 'NONE',  ( 170.6514491195346500, 51.10903311770254500, 2.008956530031214400 ) ) ;
#976 = CARTESIAN_POINT ( 'NONE',  ( -1.767766952966360000, 1.767766952966379800, 0.0000000000000000000 ) ) ;
#977 = EDGE_LOOP ( 'NONE', ( #104, #1911 ) ) ;
#978 = AXIS2_PLACEMENT_3D ( 'NONE', #1646, #243, #2820 ) ;
#979 = ADVANCED_FACE ( 'NONE', ( #9 ), #1717, .T. ) ;
#980 = PRODUCT ( 'hip proethesis', 'hip proethesis', '', ( #929 ) ) ;
#981 = CARTESIAN_POINT ( 'NONE',  ( 22.82810557105173300, 21.63356199448569200, -5.320738453129841600 ) ) ;
#982 = CARTESIAN_POINT ( 'NONE',  ( 44.88304683091272600, 30.84011611259002100, -1.158524860211149800 ) ) ;
#983 = VERTEX_POINT ( 'NONE', #1935 ) ;
#984 = PERSON_AND_ORGANIZATION ( #2725, #3031 ) ;
#986 = EDGE_LOOP ( 'NONE', ( #2918, #560, #1184, #939 ) ) ;
#985 = CARTESIAN_POINT ( 'NONE',  ( 52.08609748112049000, 54.36749577062014500, -4.000752643371409800 ) ) ;
#987 = CC_DESIGN_PERSON_AND_ORGANIZATION_ASSIGNMENT ( #284, #212, ( #2640 ) ) ;
#988 = ORIENTED_EDGE ( 'NONE', *, *, #1100, .F. ) ;
#989 = CARTESIAN_POINT ( 'NONE',  ( 43.19531720622653400, 33.76334991744014500, 3.279872142402660000 ) ) ;
#990 = CARTESIAN_POINT ( 'NONE',  ( 0.0000000000000000000, -3.794707603699265500E-015, 0.0000000000000000000 ) ) ;
#991 = CARTESIAN_POINT ( 'NONE',  ( 36.46646173120302600, 45.41806883817282200, -4.927375648881094200 ) ) ;
#992 = ORIENTED_EDGE ( 'NONE', *, *, #416, .T. ) ;
#993 = CARTESIAN_POINT ( 'NONE',  ( 0.0000000000000000000, 0.0000000000000000000, 0.0000000000000000000 ) ) ;
#994 = ORIENTED_EDGE ( 'NONE', *, *, #2835, .F. ) ;
#995 = CIRCLE ( 'NONE', #229, 2.500000000000002200 ) ;
#996 = CARTESIAN_POINT ( 'NONE',  ( 50.48902396859344300, 57.13840904436381900, -2.704207207437080200 ) ) ;
#997 = LINE ( 'NONE', #829, #2240 ) ;
#998 = CARTESIAN_POINT ( 'NONE',  ( 48.53461713053117400, 35.47056522356054100, 2.826996341767912500 ) ) ;
#999 = DATE_TIME_ROLE ( 'classification_date' ) ;
#1000 = DIRECTION ( 'NONE',  ( 0.0000000000000000000, 0.0000000000000000000, -1.000000000000000000 ) ) ;
#1001 = ORIENTED_EDGE ( 'NONE', *, *, #1310, .F. ) ;
#1002 = CARTESIAN_POINT ( 'NONE',  ( 34.39472809044013200, 25.10605405198355200, -1.564439215619332300 ) ) ;
#1003 = EDGE_LOOP ( 'NONE', ( #1064, #293, #1294, #430 ) ) ;
#1004 = AXIS2_PLACEMENT_3D ( 'NONE', #265, #2080, #972 ) ;
#1005 = DIRECTION ( 'NONE',  ( -0.7071067811865435800, 0.7071067811865515700, 0.0000000000000000000 ) ) ;
#1006 = ORIENTED_EDGE ( 'NONE', *, *, #407, .T. ) ;
#1007 = APPROVAL ( #57, 'UNSPECIFIED' ) ;
#1008 = CARTESIAN_POINT ( 'NONE',  ( 45.03778774235285500, 30.57209712290564200, 0.5237828255610598200 ) ) ;
#1009 = DIRECTION ( 'NONE',  ( 0.0000000000000000000, 0.0000000000000000000, -1.000000000000000000 ) ) ;
#1010 = ORIENTED_EDGE ( 'NONE', *, *, #1218, .T. ) ;
#1011 = CARTESIAN_POINT ( 'NONE',  ( 16.61070205229616500, 8.845142070419573300, 1.092283404460677300 ) ) ;
#1012 = COORDINATED_UNIVERSAL_TIME_OFFSET ( 5, 30, .AHEAD. ) ;
#1013 = CARTESIAN_POINT ( 'NONE',  ( 27.17978494315904200, 41.31755880803677200, 0.9854704819205780700 ) ) ;
#1014 = CARTESIAN_POINT ( 'NONE',  ( 14.93789407780018400, 10.51795004491266300, 4.677435247492272000 ) ) ;
#1015 = EDGE_CURVE ( 'NONE', #38, #1503, #2429, .T. ) ;
#1016 = LOCAL_TIME ( 20, 22, 1.000000000000000000, #867 ) ;
#1017 = CARTESIAN_POINT ( 'NONE',  ( 67.66694606495538300, 46.38402882913843000, 4.319916137832605000 ) ) ;
#1018 = CARTESIAN_POINT ( 'NONE',  ( 16.51648740810722400, 8.939356714608505800, -1.625328840279411700 ) ) ;
#1019 = AXIS2_PLACEMENT_3D ( 'NONE', #1571, #2987, #2057 ) ;
#1020 = LOCAL_TIME ( 20, 22, 1.000000000000000000, #3034 ) ;
#1021 = CARTESIAN_POINT ( 'NONE',  ( 8.778406990733140300, 16.67743713198254000, -0.2743934802053699700 ) ) ;
#1022 = CARTESIAN_POINT ( 'NONE',  ( 0.0000000000000000000, 0.0000000000000000000, 0.0000000000000000000 ) ) ;
#1023 = CARTESIAN_POINT ( 'NONE',  ( 15.95304881861089900, 9.502795304102056300, 3.267534982961898000 ) ) ;
#1024 = CLOSED_SHELL ( 'NONE', ( #711, #2174, #2386, #34, #1669, #1473, #2164, #2117, #2437, #979, #272, #2357 ) ) ;
#1025 = SECURITY_CLASSIFICATION ( '', '', #1361 ) ;
#1026 = CARTESIAN_POINT ( 'NONE',  ( 38.93490514651266900, 46.93328910456168800, 4.911872526784345700 ) ) ;
#1027 = DIRECTION ( 'NONE',  ( -1.000000000000000000, 0.0000000000000000000, 0.0000000000000000000 ) ) ;
#1028 = FACE_OUTER_BOUND ( 'NONE', #1747, .T. ) ;
#1029 = CARTESIAN_POINT ( 'NONE',  ( 29.41996703675850700, 36.56279177969275900, -4.580158905294142700 ) ) ;
#1030 = CIRCLE ( 'NONE', #73, 2.500000000000002200 ) ;
#1031 = B_SPLINE_CURVE_WITH_KNOTS ( 'NONE', 3,
 ( #2184, #96, #782, #1032, #2655, #1739, #791, #331, #580, #80, #321, #1039, #1241, #1485, #1980, #2210, #1014, #313, #1023, #1253, #2885, #1730, #1962, #571, #2200, #2173, #858 ),
 .UNSPECIFIED., .F., .F.,
 ( 4, 1, 1, 1, 1, 1, 1, 1, 1, 1, 1, 1, 1, 1, 1, 1, 1, 1, 1, 1, 1, 1, 1, 1, 4 ),
 ( 0.0000000000000000000, 0.0002748085207628776700, 0.0005496170415257553500, 0.001099234083051510700, 0.001648851124577266000, 0.002198468166103021400, 0.002748085207628777000, 0.003297702249154532100, 0.004396936332206042800, 0.005496170415257553900, 0.006595404498309064200, 0.007694638581360574400, 0.008793872664412085600, 0.009893106747463596700, 0.01099234083051510800, 0.01209157491356661700, 0.01319080899661812800, 0.01429004307966963900, 0.01483966012119539500, 0.01538927716272114900, 0.01593889420424690600, 0.01648851124577266000, 0.01703812828729841700, 0.01731293680806129200, 0.01758774532882417100 ),
 .UNSPECIFIED. ) ;
#1032 = CARTESIAN_POINT ( 'NONE',  ( 8.797559094532921600, 16.65828502817933600, 0.6393613661824729700 ) ) ;
#1033 = LINE ( 'NONE', #2946, #2697 ) ;
#1034 = CARTESIAN_POINT ( 'NONE',  ( 106.6148838106035000, 54.07900695752069700, 4.344743091500211200 ) ) ;
#1035 = CARTESIAN_POINT ( 'NONE',  ( 34.39472809044013200, 25.10605405198355200, -1.564439215619332300 ) ) ;
#1036 = CARTESIAN_POINT ( 'NONE',  ( 9.069972951238982600, 16.38587117147669000, 2.142712766577141700 ) ) ;
#1037 = ORIENTED_EDGE ( 'NONE', *, *, #1826, .T. ) ;
#1038 = CARTESIAN_POINT ( 'NONE',  ( 29.96400828867987400, 56.68064897159201400, 0.1747974239545936900 ) ) ;
#1039 = CARTESIAN_POINT ( 'NONE',  ( 11.20535361508128600, 14.25049050763123900, 5.198257320770807200 ) ) ;
#1040 = APPROVAL_DATE_TIME ( #543, #1041 ) ;
#1041 = APPROVAL ( #2610, 'UNKNOWN' ) ;
#1042 = EDGE_CURVE ( 'NONE', #302, #2299, #1738, .T. ) ;
#1043 = CARTESIAN_POINT ( 'NONE',  ( 138.8470252387605800, 54.36505388731284700, 4.370774775997538200 ) ) ;
#1044 = CARTESIAN_POINT ( 'NONE',  ( 36.46646216358985300, 45.41806885628269400, 4.927375655022734300 ) ) ;
#1045 = CARTESIAN_POINT ( 'NONE',  ( 8.797559094534644700, 16.65828502818103400, 0.6393613661825002800 ) ) ;
#1046 = CARTESIAN_POINT ( 'NONE',  ( 8.775195154524958200, 16.68064896819071700, -0.09146616038243604600 ) ) ;
#1047 = VERTEX_POINT ( 'NONE', #2715 ) ;
#1048 = CARTESIAN_POINT ( 'NONE',  ( 137.8791975051378800, 58.06201469289435100, 2.307673112706147400 ) ) ;
#1049 = CARTESIAN_POINT ( 'NONE',  ( 0.0000000000000000000, -2.000000000000004400, 0.0000000000000000000 ) ) ;
#1050 = ORIENTED_EDGE ( 'NONE', *, *, #2829, .F. ) ;
#1051 = EDGE_CURVE ( 'NONE', #818, #1879, #1305, .T. ) ;
#1052 = CARTESIAN_POINT ( 'NONE',  ( 16.21956682309047800, 9.236277299626564700, -2.639234683947973000 ) ) ;
#1053 = LOCAL_TIME ( 20, 22, 1.000000000000000000, #2685 ) ;
#1054 = CARTESIAN_POINT ( 'NONE',  ( 108.7532640943380400, 48.81952589037487700, 4.016893335921102100 ) ) ;
#1055 = EDGE_LOOP ( 'NONE', ( #2908, #1613, #1599, #2773, #1010, #2211, #2533 ) ) ;
#1056 = AXIS2_PLACEMENT_3D ( 'NONE', #508, #2536, #1142 ) ;
#1057 = CARTESIAN_POINT ( 'NONE',  ( 29.99268510898471300, 56.63097920745190100, -0.5237827289241783200 ) ) ;
#1058 = ORIENTED_EDGE ( 'NONE', *, *, #2155, .F. ) ;
#1059 = CARTESIAN_POINT ( 'NONE',  ( 33.34553677820240800, 50.82367013069621500, 4.160230628279866700 ) ) ;
#1060 = VERTEX_POINT ( 'NONE', #231 ) ;
#1061 = CIRCLE ( 'NONE', #917, 2.500000000000000900 ) ;
#1062 = CARTESIAN_POINT ( 'NONE',  ( 35.84547693110494700, 52.42401012068221900, 4.136115882390570600 ) ) ;
#1063 = CARTESIAN_POINT ( 'NONE',  ( 8.778406990733140300, 16.67743713198254000, -0.2743934802053699700 ) ) ;
#1064 = ORIENTED_EDGE ( 'NONE', *, *, #106, .F. ) ;
#1065 = CARTESIAN_POINT ( 'NONE',  ( 14.25049050763267500, 11.20535361508304800, 5.198257320770781400 ) ) ;
#1066 = CARTESIAN_POINT ( 'NONE',  ( 1.249999999999991600, 1.767766952966379800, 1.249999999999996000 ) ) ;
#1067 = ORIENTED_EDGE ( 'NONE', *, *, #1511, .F. ) ;
#1068 = ORIENTED_EDGE ( 'NONE', *, *, #132, .T. ) ;
#1069 = AXIS2_PLACEMENT_3D ( 'NONE', #1049, #115, #2923 ) ;
#1070 = CARTESIAN_POINT ( 'NONE',  ( 32.49796837482438100, 52.29170163456536400, 3.727621465026613700 ) ) ;
#1071 = CARTESIAN_POINT ( 'NONE',  ( 22.00238179334095200, 23.19692536990695000, 5.320738453129840700 ) ) ;
#1072 = CARTESIAN_POINT ( 'NONE',  ( 33.88230203429149200, 26.12033312064805600, 2.634390242701611000 ) ) ;
#1073 = PRODUCT_DEFINITION_SHAPE ( 'NONE', 'NONE',  #884 ) ;
#1074 = ORIENTED_EDGE ( 'NONE', *, *, #777, .F. ) ;
#1075 = PERSON_AND_ORGANIZATION ( #2725, #3031 ) ;
#1076 = CARTESIAN_POINT ( 'NONE',  ( 4.242640687119263500, 4.242640687119294500, 0.0000000000000000000 ) ) ;
#1077 = AXIS2_PLACEMENT_3D ( 'NONE', #1350, #415, #2279 ) ;
#1078 = CARTESIAN_POINT ( 'NONE',  ( 11.20535361508370700, 14.25049050763351100, -5.198257320770777800 ) ) ;
#1079 = EDGE_CURVE ( 'NONE', #131, #1503, #533, .T. ) ;
#1080 = CARTESIAN_POINT ( 'NONE',  ( 30.88350220812084900, 55.08803895886742200, 2.397471379797568400 ) ) ;
#1081 = CARTESIAN_POINT ( 'NONE',  ( 42.53250503927809200, 34.91137430131915700, 3.727621291750242300 ) ) ;
#1082 = DIRECTION ( 'NONE',  ( 1.000000000000000000, 0.0000000000000000000, 0.0000000000000000000 ) ) ;
#1083 = PERSON_AND_ORGANIZATION ( #2725, #3031 ) ;
#1084 = DIRECTION ( 'NONE',  ( -0.5000000000000054400, -0.7071067811865435800, 0.5000000000000001100 ) ) ;
#1085 = CARTESIAN_POINT ( 'NONE',  ( 36.78725878301767000, 56.78600501681486200, 2.826996341767901400 ) ) ;
#1086 = ORIENTED_EDGE ( 'NONE', *, *, #743, .T. ) ;
#1087 = CARTESIAN_POINT ( 'NONE',  ( 43.08193063281858300, 39.54792318467294600, -4.510829065484148100 ) ) ;
#1088 = CARTESIAN_POINT ( 'NONE',  ( 9.236277299625751200, 16.21956682308992700, 2.639234683947957000 ) ) ;
#1089 = CARTESIAN_POINT ( 'NONE',  ( 32.54269674925610900, 58.22739550175149500, -0.5170728764602716700 ) ) ;
#1090 =( NAMED_UNIT ( * ) PLANE_ANGLE_UNIT ( ) SI_UNIT ( $, .RADIAN. ) );
#1091 = VECTOR ( 'NONE', #1614, 1000.000000000000200 ) ;
#1092 = CC_DESIGN_APPROVAL ( #1041, ( #190 ) ) ;
#1093 = DIRECTION ( 'NONE',  ( -1.000000000000000000, 0.0000000000000000000, 0.0000000000000000000 ) ) ;
#1094 = CYLINDRICAL_SURFACE ( 'NONE', #1375, 2.500000000000001300 ) ;
#1095 = CIRCLE ( 'NONE', #505, 20.50000000000000000 ) ;
#1096 = CARTESIAN_POINT ( 'NONE',  ( 35.63823915809216900, 58.81553627162300300, 1.129895517375856900 ) ) ;
#1097 = CARTESIAN_POINT ( 'NONE',  ( 42.05067285166051500, 41.38122362235991100, -4.764465583047369000 ) ) ;
#1098 = DIRECTION ( 'NONE',  ( -0.5000000000000020000, 0.7071067811865435800, -0.5000000000000036600 ) ) ;
#1099 =( NAMED_UNIT ( * ) SI_UNIT ( $, .STERADIAN. ) SOLID_ANGLE_UNIT ( ) );
#1100 = EDGE_CURVE ( 'NONE', #1683, #2247, #2737, .T. ) ;
#1101 = MANIFOLD_SOLID_BREP ( 'Revolve1', #605 ) ;
#1102 = CARTESIAN_POINT ( 'NONE',  ( 0.0000000000000000000, 2.265596578422603400E-015, 0.0000000000000000000 ) ) ;
#1103 = AXIS2_PLACEMENT_3D ( 'NONE', #1429, #42, #2611 ) ;
#1104 = CALENDAR_DATE ( 2021, 1, 6 ) ;
#1105 = CARTESIAN_POINT ( 'NONE',  ( 137.7732283825609700, 58.36816413479409200, -1.924630458317893300 ) ) ;
#1106 = CARTESIAN_POINT ( 'NONE',  ( 34.37826518310279100, 49.03493138648285300, -4.531520659313297700 ) ) ;
#1107 = CARTESIAN_POINT ( 'NONE',  ( 25.08579911478129500, 17.34872170962300000, 0.8124159240515395100 ) ) ;
#1108 = CARTESIAN_POINT ( 'NONE',  ( 104.3571396904747400, 58.96892289363498900, 0.8024978767645829500 ) ) ;
#1109 =( LENGTH_UNIT ( ) NAMED_UNIT ( * ) SI_UNIT ( .MILLI., .METRE. ) );
#1110 = CARTESIAN_POINT ( 'NONE',  ( -23.47871376374779100, 1.000000000000000000, 2.875313165887063800E-015 ) ) ;
#1111 = DIRECTION ( 'NONE',  ( -0.5000000000000000000, 0.7071067811865513500, 0.4999999999999943900 ) ) ;
#1112 = EDGE_LOOP ( 'NONE', ( #2708, #464, #1619 ) ) ;
#1113 = APPROVAL ( #2065, 'UNSPECIFIED' ) ;
#1114 = CARTESIAN_POINT ( 'NONE',  ( 109.5452804639547500, 47.03266307829502300, -3.070299105220679200 ) ) ;
#1115 = APPROVAL_PERSON_ORGANIZATION ( #1749, #726, #3035 ) ;
#1116 = CARTESIAN_POINT ( 'NONE',  ( 32.54269674925610900, 58.22739550175149500, -0.5170728764602716700 ) ) ;
#1117 = CARTESIAN_POINT ( 'NONE',  ( 170.6514491195346200, 51.39592467008650800, -2.487201428850146700 ) ) ;
#1118 = CARTESIAN_POINT ( 'NONE',  ( 70.84812973711937900, 40.94955020993960900, 0.0000000000000000000 ) ) ;
#1119 = COORDINATED_UNIVERSAL_TIME_OFFSET ( 5, 30, .AHEAD. ) ;
#1120 = CARTESIAN_POINT ( 'NONE',  ( -1.249999999999992000, -1.767766952966379800, -1.249999999999995800 ) ) ;
#1121 = CARTESIAN_POINT ( 'NONE',  ( 30.45111153902643500, 55.83696151999455300, 1.800517341877582800 ) ) ;
#1122 = ORIENTED_EDGE ( 'NONE', *, *, #2546, .F. ) ;
#1123 = EDGE_LOOP ( 'NONE', ( #1536, #2355 ) ) ;
#1124 = CARTESIAN_POINT ( 'NONE',  ( -1.767766952966360000, -1.767766952966379800, 3.061616997868385100E-016 ) ) ;
#1125 = DIRECTION ( 'NONE',  ( -0.0000000000000000000, -0.0000000000000000000, -1.000000000000000000 ) ) ;
#1126 = AXIS2_PLACEMENT_3D ( 'NONE', #2850, #3027, #2999 ) ;
#1127 = ORIENTED_EDGE ( 'NONE', *, *, #963, .T. ) ;
#1128 = CARTESIAN_POINT ( 'NONE',  ( 43.65914136412842300, 44.29894512183808100, -4.896369582554119600 ) ) ;
#1129 = CARTESIAN_POINT ( 'NONE',  ( 0.0000000000000000000, 1.000000000000000000, 0.0000000000000000000 ) ) ;
#1130 = ORIENTED_EDGE ( 'NONE', *, *, #61, .T. ) ;
#1131 = DIRECTION ( 'NONE',  ( -2.468850131082250700E-015, 0.7071067811865517900, 0.7071067811865433500 ) ) ;
#1132 = ORIENTED_EDGE ( 'NONE', *, *, #161, .T. ) ;
#1133 = CARTESIAN_POINT ( 'NONE',  ( 137.8791973564287000, 58.06201473754109800, -2.307673363845908400 ) ) ;
#1134 = FACE_BOUND ( 'NONE', #235, .T. ) ;
#1135 = SECURITY_CLASSIFICATION_LEVEL ( 'unclassified' ) ;
#1136 = VECTOR ( 'NONE', #603, 1000.000000000000000 ) ;
#1137 = APPROVAL ( #2557, 'UNSPECIFIED' ) ;
#1138 = CARTESIAN_POINT ( 'NONE',  ( 14.75494468889204400, 18.29047859482459200, 0.0000000000000000000 ) ) ;
#1139 = CARTESIAN_POINT ( 'NONE',  ( 20.49999999999999600, -3.794707603699265500E-015, -2.510525938252074100E-015 ) ) ;
#1140 = VERTEX_POINT ( 'NONE', #14 ) ;
#1141 = CARTESIAN_POINT ( 'NONE',  ( 44.10323693266373400, 37.73703055313592400, -4.136115771554006700 ) ) ;
#1142 = DIRECTION ( 'NONE',  ( 1.000000000000000000, 0.0000000000000000000, 0.0000000000000000000 ) ) ;
#1143 = CARTESIAN_POINT ( 'NONE',  ( 0.0000000000000000000, 2.265596578422603400E-015, 0.0000000000000000000 ) ) ;
#1144 = ORIENTED_EDGE ( 'NONE', *, *, #1954, .T. ) ;
#1145 = CARTESIAN_POINT ( 'NONE',  ( 37.25018664325467200, 55.96086728284221600, -3.225714307295652900 ) ) ;
#1146 = CARTESIAN_POINT ( 'NONE',  ( 170.6514491195347900, 50.93001319601389600, -1.631014553251575600 ) ) ;
#1147 = APPLICATION_PROTOCOL_DEFINITION ( 'international standard', 'config_control_design', 1994, #2818 ) ;
#1148 = CARTESIAN_POINT ( 'NONE',  ( 32.83980063628823800, 28.35859235368026200, -4.099681056684909600 ) ) ;
#1149 = DIRECTION ( 'NONE',  ( -0.0000000000000000000, -1.000000000000000000, -0.0000000000000000000 ) ) ;
#1150 = DIRECTION ( 'NONE',  ( 0.0000000000000000000, -0.0000000000000000000, 1.000000000000000000 ) ) ;
#1151 = CARTESIAN_POINT ( 'NONE',  ( 37.51523626358157800, 43.60153805870456300, -4.974972406183408900 ) ) ;
#1152 = AXIS2_PLACEMENT_3D ( 'NONE', #1953, #68, #2421 ) ;
#1153 = CARTESIAN_POINT ( 'NONE',  ( 5.865963627918794500E-015, -1.767766952966379800, -1.767766952966360000 ) ) ;
#1154 = CARTESIAN_POINT ( 'NONE',  ( 47.40601650422964800, 31.93364622156146000, 0.5170729331462306000 ) ) ;
#1155 = CARTESIAN_POINT ( 'NONE',  ( 104.2864280942784900, 59.09870292741886300, -0.3569010835675220900 ) ) ;
#1156 = CARTESIAN_POINT ( 'NONE',  ( 49.83160370632689500, 33.18188578607655600, -0.5103630537966997700 ) ) ;
#1157 = CARTESIAN_POINT ( 'NONE',  ( 140.6164484916749000, 47.79760320541438300, 0.6445854290373143100 ) ) ;
#1158 = MECHANICAL_CONTEXT ( 'NONE', #693, 'mechanical' ) ;
#1159 = CARTESIAN_POINT ( 'NONE',  ( 19.84364005251451600, 27.30025661387037100, -1.328361310040009600 ) ) ;
#1160 = CARTESIAN_POINT ( 'NONE',  ( 48.53461741298795600, 35.47056432601312500, -2.826996059485923600 ) ) ;
#1161 = SHAPE_DEFINITION_REPRESENTATION ( #640, #722 ) ;
#1162 = DIRECTION ( 'NONE',  ( 0.7071067811865514600, -0.7071067811865435800, -0.0000000000000000000 ) ) ;
#1163 = CARTESIAN_POINT ( 'NONE',  ( 0.0000000000000000000, -4.228388472693467300E-015, 0.0000000000000000000 ) ) ;
#1164 = CARTESIAN_POINT ( 'NONE',  ( 138.8470251741145200, 54.36505383703909200, -4.370774821666878500 ) ) ;
#1165 = CARTESIAN_POINT ( 'NONE',  ( 45.06646457382345300, 30.52242733942571500, -0.1747973905363479600 ) ) ;
#1166 = CARTESIAN_POINT ( 'NONE',  ( 69.46112112826530400, 43.32361730895308900, 3.002949449828190300 ) ) ;
#1167 = CARTESIAN_POINT ( 'NONE',  ( 0.0000000000000000000, -2.000000000000003600, -20.49999999999999600 ) ) ;
#1168 = ORIENTED_EDGE ( 'NONE', *, *, #1896, .T. ) ;
#1169 = EDGE_CURVE ( 'NONE', #1467, #928, #1182, .T. ) ;
#1170 = CARTESIAN_POINT ( 'NONE',  ( 170.6514491195347600, 59.04736296118319700, -0.8314347764370541000 ) ) ;
#1171 = PERSON_AND_ORGANIZATION_ROLE ( 'creator' ) ;
#1172 = CARTESIAN_POINT ( 'NONE',  ( 27.36244251094743500, 40.97279132477061100, -1.564439215619339900 ) ) ;
#1173 = ORIENTED_EDGE ( 'NONE', *, *, #1954, .F. ) ;
#1174 = DIRECTION ( 'NONE',  ( -0.0000000000000000000, -1.000000000000000000, -0.0000000000000000000 ) ) ;
#1175 = AXIS2_PLACEMENT_3D ( 'NONE', #2131, #737, #1434 ) ;
#1176 = CARTESIAN_POINT ( 'NONE',  ( 4.242640687119268800, 4.242640687119299900, 0.0000000000000000000 ) ) ;
#1177 = LINE ( 'NONE', #1066, #2396 ) ;
#1178 = CIRCLE ( 'NONE', #2990, 2.500000000000000900 ) ;
#1179 = CARTESIAN_POINT ( 'NONE',  ( 170.6514491195347300, 50.63674734518590300, 0.4866729813100377200 ) ) ;
#1180 = ADVANCED_FACE ( 'NONE', ( #712, #2565, #1798, #2014 ), #2631, .F. ) ;
#1181 = CARTESIAN_POINT ( 'NONE',  ( 107.0426012100916600, 53.02703888618900400, -4.541795283014547400 ) ) ;
#1182 = LINE ( 'NONE', #1153, #2135 ) ;
#1183 = CARTESIAN_POINT ( 'NONE',  ( 48.07168888619509800, 36.29570273577342500, -3.225714307295648000 ) ) ;
#1184 = ORIENTED_EDGE ( 'NONE', *, *, #583, .F. ) ;
#1185 = CARTESIAN_POINT ( 'NONE',  ( 170.6514491195346700, 50.78940331452591300, 1.237186249581666600 ) ) ;
#1186 = CARTESIAN_POINT ( 'NONE',  ( 137.5042943658487800, 59.03375712760165300, -0.6445855043786460300 ) ) ;
#1187 = PERSON_AND_ORGANIZATION_ROLE ( 'creator' ) ;
#1188 = CARTESIAN_POINT ( 'NONE',  ( 37.51523626358164900, 43.60153805870450600, -4.974972403108326400 ) ) ;
#1189 = CC_DESIGN_APPROVAL ( #726, ( #1488 ) ) ;
#1190 = CARTESIAN_POINT ( 'NONE',  ( 49.85902792699561600, 33.13390081278274100, 0.0000000000000000000 ) ) ;
#1191 = EDGE_LOOP ( 'NONE', ( #2354, #911, #2766, #2692 ) ) ;
#1192 = CARTESIAN_POINT ( 'NONE',  ( 52.08609748112049000, 54.36749577062014500, -4.000752643371409800 ) ) ;
#1193 = CARTESIAN_POINT ( 'NONE',  ( 140.4507158666266900, 48.18844775456150800, -1.509900376778995100 ) ) ;
#1194 = CALENDAR_DATE ( 2021, 1, 6 ) ;
#1195 = CARTESIAN_POINT ( 'NONE',  ( 49.39333244718936600, 33.95089024901606200, 1.759221753437097700 ) ) ;
#1196 = CARTESIAN_POINT ( 'NONE',  ( 66.95225541709487500, 47.60462299374716400, 4.602237041040989900 ) ) ;
#1197 = APPROVAL_ROLE ( '' ) ;
#1198 = CARTESIAN_POINT ( 'NONE',  ( 40.65220711330645300, 38.16814519963368500, -4.531520734195075000 ) ) ;
#1199 = CARTESIAN_POINT ( 'NONE',  ( 33.61887312453908500, 26.66543547093797200, -3.066326186298971900 ) ) ;
#1200 = CARTESIAN_POINT ( 'NONE',  ( -11.68332144554812900, 16.52271164185821600, 11.68332144554784500 ) ) ;
#1201 = CARTESIAN_POINT ( 'NONE',  ( 32.49796752288815300, 52.29170252989760600, -3.727621118473932500 ) ) ;
#1202 = CC_DESIGN_DATE_AND_TIME_ASSIGNMENT ( #1668, #999, ( #190 ) ) ;
#1203 = CARTESIAN_POINT ( 'NONE',  ( 139.2737176643979600, 52.46630641986534700, 4.370774775997544400 ) ) ;
#1204 = CARTESIAN_POINT ( 'NONE',  ( 170.6514491195347300, 59.12266932363134900, -2.560673383820360300E-006 ) ) ;
#1205 = VERTEX_POINT ( 'NONE', #936 ) ;
#1206 = CARTESIAN_POINT ( 'NONE',  ( 12.72792206135780000, 12.72792206135789100, -5.626586237797151400 ) ) ;
#1207 = CARTESIAN_POINT ( 'NONE',  ( 25.14558745135277100, 17.24013363768711600, 0.0000000000000000000 ) ) ;
#1208 = CARTESIAN_POINT ( 'NONE',  ( 170.6514491195347900, 50.68797568641271300, -0.8314347764370546600 ) ) ;
#1209 = ORIENTED_EDGE ( 'NONE', *, *, #1992, .T. ) ;
#1210 = UNCERTAINTY_MEASURE_WITH_UNIT (LENGTH_MEASURE( 1.000000000000000100E-005 ), #1109, 'distance_accuracy_value', 'NONE');
#1211 = ADVANCED_FACE ( 'NONE', ( #1244 ), #2964, .F. ) ;
#1212 = CARTESIAN_POINT ( 'NONE',  ( 104.8950076373382000, 57.93100281324339600, -2.218246363384210900 ) ) ;
#1213 = EDGE_CURVE ( 'NONE', #485, #1140, #2520, .T. ) ;
#1214 = CARTESIAN_POINT ( 'NONE',  ( 47.43935597819194100, 37.42779933865304500, 3.674763367337980900 ) ) ;
#1215 = PERSON_AND_ORGANIZATION_ROLE ( 'classification_officer' ) ;
#1216 = CIRCLE ( 'NONE', #2599, 2.500000000000001300 ) ;
#1217 = CARTESIAN_POINT ( 'NONE',  ( 33.88230193115349200, 26.12033306110118500, -2.634390242701607900 ) ) ;
#1218 = EDGE_CURVE ( 'NONE', #2849, #434, #2046, .T. ) ;
#1219 = FACE_BOUND ( 'NONE', #1123, .T. ) ;
#1220 = CARTESIAN_POINT ( 'NONE',  ( 70.70862810964725000, 41.18936681272746400, -1.012133643130769900 ) ) ;
#1221 = VERTEX_POINT ( 'NONE', #819 ) ;
#1222 = CARTESIAN_POINT ( 'NONE',  ( 39.67454609051237200, 51.58854648402454800, -4.490137404818462100 ) ) ;
#1223 = CARTESIAN_POINT ( 'NONE',  ( 170.6514491195346700, 51.39592438108458300, 2.487201022547056900 ) ) ;
#1224 = PERSON_AND_ORGANIZATION_ROLE ( 'classification_officer' ) ;
#1225 = CARTESIAN_POINT ( 'NONE',  ( 5.609963243156506300E-014, 12.61972761697170000, -16.15526152290459900 ) ) ;
#1226 = CARTESIAN_POINT ( 'NONE',  ( 31.36015836208018500, 31.86034149107482000, -5.124057051005465300 ) ) ;
#1227 = ITEM_DEFINED_TRANSFORMATION ( 'NONE', 'NONE', #2077,  #1963 ) ;
#1228 = CARTESIAN_POINT ( 'NONE',  ( 33.87702289929864500, 55.89418540634162700, -2.853612442041498600 ) ) ;
#1229 = AXIS2_PLACEMENT_3D ( 'NONE', #2352, #1892, #2810 ) ;
#1230 = CARTESIAN_POINT ( 'NONE',  ( 34.69006401174073800, 24.55244591066249500, 0.0000000000000000000 ) ) ;
#1231 = CARTESIAN_POINT ( 'NONE',  ( 43.68033795940883800, 32.92326885074318500, -2.880228980763840200 ) ) ;
#1232 = DIRECTION ( 'NONE',  ( 0.4999999999999984500, 0.7071067811865435800, 0.5000000000000071100 ) ) ;
#1233 = EDGE_LOOP ( 'NONE', ( #1122, #1902 ) ) ;
#1234 = COORDINATED_UNIVERSAL_TIME_OFFSET ( 5, 30, .AHEAD. ) ;
#1235 = COORDINATED_UNIVERSAL_TIME_OFFSET ( 5, 30, .AHEAD. ) ;
#1236 = AXIS2_PLACEMENT_3D ( 'NONE', #2266, #149, #641 ) ;
#1237 = CARTESIAN_POINT ( 'NONE',  ( 107.0426013765912800, 53.02703884901034600, 4.541795214079452400 ) ) ;
#1238 = CARTESIAN_POINT ( 'NONE',  ( 46.07168990352111800, 34.26685709417139200, 2.853612739349316500 ) ) ;
#1239 = DIRECTION ( 'NONE',  ( -2.468850131082279100E-015, -0.7071067811865435800, 0.7071067811865514600 ) ) ;
#1240 = CARTESIAN_POINT ( 'NONE',  ( 9.236277299625754700, 16.21956682308993400, -2.639234683947949900 ) ) ;
#1241 = CARTESIAN_POINT ( 'NONE',  ( 11.95186170762507900, 13.50398241508751700, 5.517419855254251700 ) ) ;
#1242 = VECTOR ( 'NONE', #78, 1000.000000000000000 ) ;
#1243 = VECTOR ( 'NONE', #2863, 1000.000000000000000 ) ;
#1244 = FACE_OUTER_BOUND ( 'NONE', #2956, .T. ) ;
#1245 = CARTESIAN_POINT ( 'NONE',  ( 37.89804079652052600, 48.77981742349818700, 4.764465514424052200 ) ) ;
#1246 = CARTESIAN_POINT ( 'NONE',  ( 53.69971285402739600, 51.55431663178809700, 4.665768512534695500 ) ) ;
#1247 = CARTESIAN_POINT ( 'NONE',  ( 16.61070205229615800, 8.845142070419569800, -1.092283404460680800 ) ) ;
#1248 = DIRECTION ( 'NONE',  ( 0.5000000000000020000, -0.7071067811865435800, 0.5000000000000036600 ) ) ;
#1249 = CARTESIAN_POINT ( 'NONE',  ( 16.65828502818096600, 8.797559094534767300, 0.6393613661824993900 ) ) ;
#1250 = VERTEX_POINT ( 'NONE', #2220 ) ;
#1251 = CARTESIAN_POINT ( 'NONE',  ( 35.41991501719147800, 47.23074093064659000, -4.782048313499095600 ) ) ;
#1252 = DIRECTION ( 'NONE',  ( 1.000000000000000000, 0.0000000000000000000, -1.224646799147353200E-016 ) ) ;
#1253 = CARTESIAN_POINT ( 'NONE',  ( 16.21956682308857000, 9.236277299624431300, 2.639234683947914800 ) ) ;
#1254 = CC_DESIGN_APPROVAL ( #350, ( #2914 ) ) ;
#1255 = CARTESIAN_POINT ( 'NONE',  ( 40.66648023538633100, 49.78020776298902900, 4.746882749226229800 ) ) ;
#1256 = CARTESIAN_POINT ( 'NONE',  ( 138.8470252387605800, 54.36505388731284700, 4.370774775997538200 ) ) ;
#1257 = CARTESIAN_POINT ( 'NONE',  ( 25.14558745135277100, 17.24013363768711600, 0.0000000000000000000 ) ) ;
#1258 = DIRECTION ( 'NONE',  ( -0.4999999999999927800, 0.7071067811865515700, -0.5000000000000015500 ) ) ;
#1259 = CALENDAR_DATE ( 2021, 1, 6 ) ;
#1260 = CARTESIAN_POINT ( 'NONE',  ( 34.37826544374765800, 49.03493093503286100, -4.531520734195083800 ) ) ;
#1261 = DIRECTION ( 'NONE',  ( -0.7071067811865500200, 0.7071067811865449100, 0.0000000000000000000 ) ) ;
#1262 = CARTESIAN_POINT ( 'NONE',  ( 0.0000000000000000000, 0.0000000000000000000, 0.0000000000000000000 ) ) ;
#1263 = EDGE_CURVE ( 'NONE', #2928, #1466, #1307, .T. ) ;
#1264 = CARTESIAN_POINT ( 'NONE',  ( 37.51523659892181700, 43.60153825231334700, 4.974972400033249400 ) ) ;
#1265 = CARTESIAN_POINT ( 'NONE',  ( 105.7537394398100600, 56.10333575262324500, 3.560465533480210400 ) ) ;
#1266 = CARTESIAN_POINT ( 'NONE',  ( 24.98684728554371400, 17.53023073531803500, -1.328361310040007100 ) ) ;
#1267 = AXIS2_PLACEMENT_3D ( 'NONE', #1836, #2998, #2027 ) ;
#1268 = CARTESIAN_POINT ( 'NONE',  ( 9.914643305167484000, 15.54120081754821000, 3.978581913494994000 ) ) ;
#1269 = CARTESIAN_POINT ( 'NONE',  ( 29.96400827689757700, 56.68064896478949800, -0.1747974239545936900 ) ) ;
#1270 = CARTESIAN_POINT ( 'NONE',  ( 45.06646457971459800, 30.52242734282697300, 3.341826008219960300E-008 ) ) ;
#1271 = ORIENTED_EDGE ( 'NONE', *, *, #1042, .T. ) ;
#1272 = APPROVAL ( #2582, 'UNSPECIFIED' ) ;
#1273 = CARTESIAN_POINT ( 'NONE',  ( 170.6514491195345900, 55.70306893635568500, 4.199754337915623000 ) ) ;
#1274 = CARTESIAN_POINT ( 'NONE',  ( 35.41991553000563900, 47.23074078682981300, 4.782048346458390500 ) ) ;
#1275 = CARTESIAN_POINT ( 'NONE',  ( 29.96400828867987400, 56.68064897159201400, 0.1747974239545936900 ) ) ;
#1276 = CALENDAR_DATE ( 2021, 1, 6 ) ;
#1277 = CARTESIAN_POINT ( 'NONE',  ( 9.502795304103418800, 15.95304881861226900, -3.267534982961918000 ) ) ;
#1278 = CARTESIAN_POINT ( 'NONE',  ( 104.8950079183637700, 57.93100253668428200, 2.218246302006735300 ) ) ;
#1279 = PLANE ( 'NONE',  #122 ) ;
#1280 = CIRCLE ( 'NONE', #1706, 2.500000000000000900 ) ;
#1281 = FACE_OUTER_BOUND ( 'NONE', #2007, .T. ) ;
#1282 = AXIS2_PLACEMENT_3D ( 'NONE', #180, #1332, #418 ) ;
#1283 = ORIENTED_EDGE ( 'NONE', *, *, #106, .T. ) ;
#1284 = CARTESIAN_POINT ( 'NONE',  ( 57.71995999373110200, 44.52501007359097700, 4.394680941183984200 ) ) ;
#1285 = CARTESIAN_POINT ( 'NONE',  ( 8.939356714608379700, 16.51648740810729200, 1.625328840279411700 ) ) ;
#1286 = CARTESIAN_POINT ( 'NONE',  ( 10.51795004491406100, 14.93789407780163400, 4.677435247492263100 ) ) ;
#1287 = CARTESIAN_POINT ( 'NONE',  ( 0.0000000000000000000, 1.000000000000000000, 0.0000000000000000000 ) ) ;
#1288 = AXIS2_PLACEMENT_3D ( 'NONE', #1518, #2005, #1970 ) ;
#1289 = ORIENTED_EDGE ( 'NONE', *, *, #61, .F. ) ;
#1290 = CARTESIAN_POINT ( 'NONE',  ( 137.5042944036766500, 59.03375709725586500, 0.6445854290373092000 ) ) ;
#1291 = CARTESIAN_POINT ( 'NONE',  ( 31.83515560274390700, 53.43972699686477100, 3.279871937474472300 ) ) ;
#1292 = CARTESIAN_POINT ( 'NONE',  ( 34.37826574919689200, 49.03493111138393300, 4.531520734195068700 ) ) ;
#1293 = CARTESIAN_POINT ( 'NONE',  ( 0.0000000000000000000, 0.0000000000000000000, 0.0000000000000000000 ) ) ;
#1294 = ORIENTED_EDGE ( 'NONE', *, *, #2243, .T. ) ;
#1295 = PERSON_AND_ORGANIZATION ( #2725, #3031 ) ;
#1296 = DATE_AND_TIME ( #2159, #1053 ) ;
#1297 = CARTESIAN_POINT ( 'NONE',  ( 33.87702355871322600, 55.89418469924348900, 2.853612739349304500 ) ) ;
#1298 = AXIS2_PLACEMENT_3D ( 'NONE', #2328, #916, #37 ) ;
#1299 = CARTESIAN_POINT ( 'NONE',  ( 27.36244257773671500, 40.97279136333141000, 1.564439215619335200 ) ) ;
#1300 = CARTESIAN_POINT ( 'NONE',  ( 43.68033815355197900, 32.92326896283176300, 2.880228980763849500 ) ) ;
#1301 = CARTESIAN_POINT ( 'NONE',  ( 105.1069459006800700, 57.49772386163302000, 2.606389695381086100 ) ) ;
#1302 = CARTESIAN_POINT ( 'NONE',  ( 45.06646457971459800, 30.52242734282697300, 3.341826008219960300E-008 ) ) ;
#1303 = CIRCLE ( 'NONE', #2138, 20.50000000000000000 ) ;
#1304 = CARTESIAN_POINT ( 'NONE',  ( 104.2732930676976500, 59.12266932488682200, 0.1190630839240797400 ) ) ;
#1305 = CIRCLE ( 'NONE', #897, 2.500000000000000900 ) ;
#1306 = CARTESIAN_POINT ( 'NONE',  ( 11.95186170762665700, 13.50398241508903800, 5.517419855254218000 ) ) ;
#1307 = CIRCLE ( 'NONE', #2162, 2.500000000000000900 ) ;
#1308 = CARTESIAN_POINT ( 'NONE',  ( 30.14742615121764000, 56.36295999122761200, 1.158525219368183200 ) ) ;
#1309 = VERTEX_POINT ( 'NONE', #454 ) ;
#1310 = EDGE_CURVE ( 'NONE', #2846, #1800, #1463, .T. ) ;
#1311 = ORIENTED_EDGE ( 'NONE', *, *, #1051, .T. ) ;
#1312 = DIRECTION ( 'NONE',  ( 1.000000000000000000, 0.0000000000000000000, -1.224646799147353200E-016 ) ) ;
#1313 = CARTESIAN_POINT ( 'NONE',  ( 16.68064896819065600, 8.775195154525079000, 6.979551485375434800E-016 ) ) ;
#1314 = AXIS2_PLACEMENT_3D ( 'NONE', #1918, #534, #1005 ) ;
#1315 = CARTESIAN_POINT ( 'NONE',  ( 60.90427786495341400, 57.93761306322921500, 2.144654209980139600 ) ) ;
#1316 = CARTESIAN_POINT ( 'NONE',  ( 138.6331663485837900, 55.29283400043071600, -4.150780712402134800 ) ) ;
#1317 = CARTESIAN_POINT ( 'NONE',  ( 39.61055784531195900, 39.97233538037123400, 4.782048313499098300 ) ) ;
#1318 = CARTESIAN_POINT ( 'NONE',  ( 16.61070205229616500, 8.845142070419573300, 1.092283404460677300 ) ) ;
#1319 = CARTESIAN_POINT ( 'NONE',  ( 29.99268515545631400, 56.63097920849588700, 0.5237828255610528200 ) ) ;
#1320 = SHAPE_DEFINITION_REPRESENTATION ( #1073, #1787 ) ;
#1321 = DIRECTION ( 'NONE',  ( -1.224646799147353200E-016, 0.0000000000000000000, -1.000000000000000000 ) ) ;
#1322 = DIRECTION ( 'NONE',  ( -0.7071067811865514600, 0.7071067811865435800, 0.0000000000000000000 ) ) ;
#1323 = CC_DESIGN_DATE_AND_TIME_ASSIGNMENT ( #1371, #682, ( #241 ) ) ;
#1324 = CARTESIAN_POINT ( 'NONE',  ( 16.68064896819128900, 8.775195154525720300, -0.09146616038243742000 ) ) ;
#1325 = CARTESIAN_POINT ( 'NONE',  ( 105.3933073506234700, 56.89471853231199800, 3.070298989983587700 ) ) ;
#1326 = CARTESIAN_POINT ( 'NONE',  ( 53.69971228866674600, 51.55431702070171700, -4.665768586035203400 ) ) ;
#1327 = CARTESIAN_POINT ( 'NONE',  ( 37.51523659892176700, 43.60153825231334700, 4.974972403108325600 ) ) ;
#1328 = CARTESIAN_POINT ( 'NONE',  ( -11.68332144554796800, 16.52271164185821600, -11.68332144554801000 ) ) ;
#1329 = CARTESIAN_POINT ( 'NONE',  ( 49.36649670418821500, 59.08093306923254300, 0.4794087966848158400 ) ) ;
#1330 = CARTESIAN_POINT ( 'NONE',  ( 75.01130252275842700, 170.0674946731883800, 177.6779348857608600 ) ) ;
#1331 = PLANE ( 'NONE',  #1460 ) ;
#1332 = DIRECTION ( 'NONE',  ( 0.7071067811865514600, -0.7071067811865435800, -0.0000000000000000000 ) ) ;
#1333 = CARTESIAN_POINT ( 'NONE',  ( 104.2732930639250400, 59.12266932270868800, -0.1190631294497141300 ) ) ;
#1334 = VERTEX_POINT ( 'NONE', #1851 ) ;
#1335 = CARTESIAN_POINT ( 'NONE',  ( 170.6514491195350200, 53.22867773104764000, -3.956818243939864900 ) ) ;
#1336 = CARTESIAN_POINT ( 'NONE',  ( 44.57936157245208600, 31.36611464006528000, 1.800517121198661000 ) ) ;
#1337 = CARTESIAN_POINT ( 'NONE',  ( 35.49027199450120000, 59.07468433148460500, -0.5103630537966911100 ) ) ;
#1338 = DIRECTION ( 'NONE',  ( -0.4999999999999925600, 0.7071067811865515700, -0.5000000000000015500 ) ) ;
#1339 = COORDINATED_UNIVERSAL_TIME_OFFSET ( 5, 30, .AHEAD. ) ;
#1340 = PRODUCT_RELATED_PRODUCT_CATEGORY ( 'detail', '', ( #1812 ) ) ;
#1341 = EDGE_CURVE ( 'NONE', #1309, #1467, #563, .T. ) ;
#1342 = CARTESIAN_POINT ( 'NONE',  ( 140.0983647977414800, 49.21429387765342500, -2.778750267035412100 ) ) ;
#1343 = CIRCLE ( 'NONE', #2292, 2.500000000000000900 ) ;
#1344 = LINE ( 'NONE', #2954, #1136 ) ;
#1345 = CARTESIAN_POINT ( 'NONE',  ( 137.5042943658487800, 59.03375712760165300, -0.6445855043786460300 ) ) ;
#1346 = CARTESIAN_POINT ( 'NONE',  ( 139.4875765189730400, 51.53852628619201700, -4.150780712402133000 ) ) ;
#1347 = ORIENTED_EDGE ( 'NONE', *, *, #643, .T. ) ;
#1348 = CARTESIAN_POINT ( 'NONE',  ( 49.85902792699561600, 33.13390081278274100, 0.0000000000000000000 ) ) ;
#1349 = CARTESIAN_POINT ( 'NONE',  ( 36.34165882596341400, 57.57645510164493900, 2.348028088001481900 ) ) ;
#1350 = CARTESIAN_POINT ( 'NONE',  ( 0.0000000000000000000, -3.794707603699265500E-015, 0.0000000000000000000 ) ) ;
#1351 = EDGE_CURVE ( 'NONE', #1334, #542, #297, .T. ) ;
#1352 = CARTESIAN_POINT ( 'NONE',  ( 11.68332144554804900, 16.52271164185821600, -11.68332144554792700 ) ) ;
#1353 = CARTESIAN_POINT ( 'NONE',  ( 47.43935632157263900, 37.42779822113385500, -3.674763180843568600 ) ) ;
#1354 = DIRECTION ( 'NONE',  ( 0.4999999999999984500, 0.7071067811865435800, 0.5000000000000071100 ) ) ;
#1355 = AXIS2_PLACEMENT_3D ( 'NONE', #1649, #1852, #686 ) ;
#1356 = CARTESIAN_POINT ( 'NONE',  ( 140.4507157932695000, 48.18844784351909300, 1.509900192124231200 ) ) ;
#1357 = CARTESIAN_POINT ( 'NONE',  ( 32.99272887195012100, 57.44273836308777700, -1.779869218677105900 ) ) ;
#1358 = CARTESIAN_POINT ( 'NONE',  ( 56.10979019419722400, 47.33780862879901000, -4.824849594149537100 ) ) ;
#1359 = PRODUCT_DEFINITION_SHAPE ( 'NONE', 'NONE',  #3038 ) ;
#1360 = CARTESIAN_POINT ( 'NONE',  ( 34.67235622565759500, 24.58511601770778300, 0.4406529793512346500 ) ) ;
#1361 = SECURITY_CLASSIFICATION_LEVEL ( 'unclassified' ) ;
#1362 = CARTESIAN_POINT ( 'NONE',  ( 0.0000000000000000000, -3.794707603699265500E-015, -20.49999999999999600 ) ) ;
#1363 = DIRECTION ( 'NONE',  ( 0.0000000000000000000, -0.0000000000000000000, -1.000000000000000000 ) ) ;
#1364 = CARTESIAN_POINT ( 'NONE',  ( 69.46112141556857000, 43.32361653055554700, -3.002949323848433000 ) ) ;
#1365 = CARTESIAN_POINT ( 'NONE',  ( -9.714451465470119700E-014, 25.45584412271571000, 2.204364238465235400E-015 ) ) ;
#1366 = CARTESIAN_POINT ( 'NONE',  ( 110.6652944664008900, 44.80471262273290700, 0.0000000000000000000 ) ) ;
#1367 = CARTESIAN_POINT ( 'NONE',  ( 31.83515510704860300, 53.43972734486899900, -3.279871732546391100 ) ) ;
#1368 = LOCAL_TIME ( 20, 22, 1.000000000000000000, #1234 ) ;
#1369 = CARTESIAN_POINT ( 'NONE',  ( 70.47937431162431200, 41.58285969787944200, -1.589361485146636400 ) ) ;
#1370 = DIRECTION ( 'NONE',  ( 2.468850131082279100E-015, 0.7071067811865435800, -0.7071067811865514600 ) ) ;
#1371 = DATE_AND_TIME ( #2000, #1639 ) ;
#1372 = MECHANICAL_CONTEXT ( 'NONE', #7, 'mechanical' ) ;
#1373 = CARTESIAN_POINT ( 'NONE',  ( 9.502795304103418800, 15.95304881861226900, -3.267534982961918000 ) ) ;
#1374 = EDGE_LOOP ( 'NONE', ( #182, #2933, #1311, #806 ) ) ;
#1375 = AXIS2_PLACEMENT_3D ( 'NONE', #2348, #2556, #942 ) ;
#1376 = CARTESIAN_POINT ( 'NONE',  ( 56.10979019419722400, 47.33780862879901000, -4.824849594149537100 ) ) ;
#1377 = CARTESIAN_POINT ( 'NONE',  ( 19.68489991303976100, 27.59035372670536300, -6.776263578034402700E-018 ) ) ;
#1378 = CARTESIAN_POINT ( 'NONE',  ( 140.6583717929679000, 47.70869097326576700, 0.0000000000000000000 ) ) ;
#1379 = CARTESIAN_POINT ( 'NONE',  ( 60.21329306981477500, 59.12266932610936700, 0.1518805467036808100 ) ) ;
#1380 = CARTESIAN_POINT ( 'NONE',  ( 140.6164485100813100, 47.79760316385550600, -0.6445855043786472600 ) ) ;
#1381 = CARTESIAN_POINT ( 'NONE',  ( 61.27125707943310600, 38.36346351429239100, 0.1599775979345797500 ) ) ;
#1382 = FACE_OUTER_BOUND ( 'NONE', #2229, .T. ) ;
#1383 = CARTESIAN_POINT ( 'NONE',  ( 49.49643431347440300, 58.85612831449537200, -1.063857071290739400 ) ) ;
#1384 = APPLICATION_CONTEXT ( 'configuration controlled 3d designs of mechanical parts and assemblies' ) ;
#1385 = CARTESIAN_POINT ( 'NONE',  ( 21.59577321613154100, 23.96828184349673000, -5.059520985013557800 ) ) ;
#1386 = VECTOR ( 'NONE', #2625, 1000.000000000000000 ) ;
#1387 = AXIS2_PLACEMENT_3D ( 'NONE', #405, #2522, #1823 ) ;
#1388 = CYLINDRICAL_SURFACE ( 'NONE', #1282, 2.500000000000001300 ) ;
#1389 = EDGE_LOOP ( 'NONE', ( #1168, #101, #2405, #1534 ) ) ;
#1390 = CARTESIAN_POINT ( 'NONE',  ( 139.9181487543820300, 49.83165031464339700, -3.294445747909478000 ) ) ;
#1391 = CARTESIAN_POINT ( 'NONE',  ( -16.15526152290459200, 12.61972761697170700, 0.0000000000000000000 ) ) ;
#1392 = DIRECTION ( 'NONE',  ( 7.406550393246837400E-015, -0.7071067811865435800, -0.7071067811865514600 ) ) ;
#1393 = DIRECTION ( 'NONE',  ( 0.0000000000000000000, 0.0000000000000000000, -1.000000000000000000 ) ) ;
#1394 = CARTESIAN_POINT ( 'NONE',  ( 34.37826518310279100, 49.03493138648285300, -4.531520659313297700 ) ) ;
#1395 = CARTESIAN_POINT ( 'NONE',  ( 59.19951453939879100, 41.95141261033632000, -3.552838766875401300 ) ) ;
#1396 = CARTESIAN_POINT ( 'NONE',  ( 140.3475143896002600, 48.46319623564429000, 1.924630231184482300 ) ) ;
#1397 = CARTESIAN_POINT ( 'NONE',  ( 35.92854304223622100, 58.30568030871477700, -1.759221469997835900 ) ) ;
#1398 = APPLICATION_PROTOCOL_DEFINITION ( 'international standard', 'config_control_design', 1994, #429 ) ;
#1399 = CARTESIAN_POINT ( 'NONE',  ( 8.797559094534646500, 16.65828502818103700, -0.6393613661824996100 ) ) ;
#1400 = DIRECTION ( 'NONE',  ( 7.406550393246760100E-015, 0.7071067811865517900, -0.7071067811865433500 ) ) ;
#1401 = CARTESIAN_POINT ( 'NONE',  ( 44.57936157869784900, 31.36611434896757800, -1.800516900519838900 ) ) ;
#1402 = APPROVAL_DATE_TIME ( #2217, #1007 ) ;
#1403 = CARTESIAN_POINT ( 'NONE',  ( 110.5814478664709400, 44.95845906717556100, 0.8024978767645905000 ) ) ;
#1404 = CARTESIAN_POINT ( 'NONE',  ( 138.6331663485837900, 55.29283400043071600, -4.150780712402134800 ) ) ;
#1405 = CARTESIAN_POINT ( 'NONE',  ( 110.2499826073056100, 45.58749208942895600, -1.782614161566774100 ) ) ;
#1406 = CARTESIAN_POINT ( 'NONE',  ( 170.6514491195347300, 51.83925437879764800, 3.028425489560190500 ) ) ;
#1407 = CC_DESIGN_PERSON_AND_ORGANIZATION_ASSIGNMENT ( #2334, #1215, ( #190 ) ) ;
#1408 = PERSON_AND_ORGANIZATION_ROLE ( 'classification_officer' ) ;
#1409 = EDGE_CURVE ( 'NONE', #2299, #2322, #2152, .T. ) ;
#1410 = CARTESIAN_POINT ( 'NONE',  ( 22.00238174192082100, 23.19692534021954000, -5.320738453129840700 ) ) ;
#1411 = CARTESIAN_POINT ( 'NONE',  ( 0.0000000000000000000, 0.0000000000000000000, 0.0000000000000000000 ) ) ;
#1412 = CALENDAR_DATE ( 2021, 1, 6 ) ;
#1413 = ADVANCED_FACE ( 'NONE', ( #781 ), #2888, .F. ) ;
#1414 = CARTESIAN_POINT ( 'NONE',  ( 38.69060191920992500, 53.37311388222367000, -4.112000975220636800 ) ) ;
#1415 = CARTESIAN_POINT ( 'NONE',  ( 60.12460405016969400, 40.34772370519318200, -2.704207207437077100 ) ) ;
#1416 = CARTESIAN_POINT ( 'NONE',  ( 60.12460378410286700, 40.34772448677964700, 2.704207420400675400 ) ) ;
#1417 = ORIENTED_EDGE ( 'NONE', *, *, #2155, .T. ) ;
#1418 = EDGE_CURVE ( 'NONE', #1466, #818, #2172, .T. ) ;
#1419 = CARTESIAN_POINT ( 'NONE',  ( 42.05067278760000000, 41.38122444028773100, 4.764465514424055700 ) ) ;
#1420 = CARTESIAN_POINT ( 'NONE',  ( 1.767766952966360000, 1.767766952966379800, 0.0000000000000000000 ) ) ;
#1421 = CARTESIAN_POINT ( 'NONE',  ( 42.53250478801614100, 34.91137415625300400, -3.727621291750244500 ) ) ;
#1422 = AXIS2_PLACEMENT_3D ( 'NONE', #546, #2402, #261 ) ;
#1423 = CARTESIAN_POINT ( 'NONE',  ( 45.06646457382345300, 30.52242733942571500, -0.1747973905363479600 ) ) ;
#1424 = MANIFOLD_SOLID_BREP ( 'Cut-Extrude1', #1972 ) ;
#1425 = VECTOR ( 'NONE', #705, 1000.000000000000000 ) ;
#1426 = CARTESIAN_POINT ( 'NONE',  ( 137.8791973564287000, 58.06201473754109800, -2.307673363845908400 ) ) ;
#1427 = FACE_OUTER_BOUND ( 'NONE', #1767, .T. ) ;
#1428 = CARTESIAN_POINT ( 'NONE',  ( 108.7532640943380400, 48.81952589037487700, 4.016893335921102100 ) ) ;
#1429 = CARTESIAN_POINT ( 'NONE',  ( 10.17349497468801200, 14.38749456993807900, -10.17349497468790700 ) ) ;
#1430 = ADVANCED_FACE ( 'NONE', ( #2485 ), #1094, .F. ) ;
#1431 = VERTEX_POINT ( 'NONE', #1167 ) ;
#1432 = CC_DESIGN_APPROVAL ( #2187, ( #296 ) ) ;
#1433 = CARTESIAN_POINT ( 'NONE',  ( 44.88304677109923100, 30.84011621618999800, -1.158525039789611400 ) ) ;
#1434 = DIRECTION ( 'NONE',  ( -0.4999999999999925600, 0.7071067811865515700, -0.5000000000000015500 ) ) ;
#1435 = CONTEXT_DEPENDENT_SHAPE_REPRESENTATION ( #2401, #2792 ) ;
#1436 = CARTESIAN_POINT ( 'NONE',  ( 58.52753016983486100, 43.11863790989188800, 4.000752698364737000 ) ) ;
#1437 = SECURITY_CLASSIFICATION_LEVEL ( 'unclassified' ) ;
#1438 = DIRECTION ( 'NONE',  ( 0.0000000000000000000, 0.0000000000000000000, -1.000000000000000000 ) ) ;
#1439 = AXIS2_PLACEMENT_3D ( 'NONE', #2978, #1588, #2493 ) ;
#1440 = CARTESIAN_POINT ( 'NONE',  ( 24.30308229527871000, 18.82210120658819400, -3.420897085891366100 ) ) ;
#1441 = CARTESIAN_POINT ( 'NONE',  ( 70.84812973311594000, 40.94955020762822100, -0.1518806047775868300 ) ) ;
#1442 = CARTESIAN_POINT ( 'NONE',  ( 105.1069455833846700, 57.49772415857138700, -2.606389784496276900 ) ) ;
#1443 = APPROVAL_DATE_TIME ( #2840, #350 ) ;
#1444 = CC_DESIGN_PERSON_AND_ORGANIZATION_ASSIGNMENT ( #692, #2541, ( #2640 ) ) ;
#1445 = CARTESIAN_POINT ( 'NONE',  ( 109.5452802456190400, 47.03266345118652200, 3.070298989983588200 ) ) ;
#1446 = PERSON_AND_ORGANIZATION_ROLE ( 'creator' ) ;
#1447 = CARTESIAN_POINT ( 'NONE',  ( 10.17349497468801200, 14.38749456993807900, -10.17349497468790700 ) ) ;
#1448 = PERSON_AND_ORGANIZATION ( #2725, #3031 ) ;
#1449 = CARTESIAN_POINT ( 'NONE',  ( 24.52904464436060600, 18.39147549066493100, -2.852780435123465400 ) ) ;
#1450 = CARTESIAN_POINT ( 'NONE',  ( 29.96400828278872200, 56.68064896819075200, -7.568864066638364500E-016 ) ) ;
#1451 = EDGE_LOOP ( 'NONE', ( #371, #2106, #1068, #994 ) ) ;
#1452 = B_SPLINE_CURVE_WITH_KNOTS ( 'NONE', 3,
 ( #2105, #3013, #2376, #2093, #3025, #695, #2339, #727 ),
 .UNSPECIFIED., .F., .F.,
 ( 4, 2, 2, 4 ),
 ( 0.0000000000000000000, 0.7051213994299125900, 0.9360805031624335200, 1.000000000000000000 ),
 .UNSPECIFIED. ) ;
#1453 = CARTESIAN_POINT ( 'NONE',  ( 170.6514491195346500, 50.93001303498868300, 1.631014160362220100 ) ) ;
#1454 = CARTESIAN_POINT ( 'NONE',  ( 50.10728697233187000, 57.79924355517788100, -2.233980108552473100 ) ) ;
#1455 = ORIENTED_EDGE ( 'NONE', *, *, #583, .T. ) ;
#1456 = ORIENTED_EDGE ( 'NONE', *, *, #1477, .T. ) ;
#1457 = CARTESIAN_POINT ( 'NONE',  ( 139.9181486327716500, 49.83165030182787100, 3.294445511520203600 ) ) ;
#1458 = SPHERICAL_SURFACE ( 'NONE', #2635, 23.50000000000000000 ) ;
#1459 = CARTESIAN_POINT ( 'NONE',  ( 16.38587117147661900, 9.069972951239107000, -2.142712766577141700 ) ) ;
#1460 = AXIS2_PLACEMENT_3D ( 'NONE', #2532, #169, #1813 ) ;
#1461 = ORIENTED_EDGE ( 'NONE', *, *, #269, .F. ) ;
#1462 = DIRECTION ( 'NONE',  ( 0.0000000000000000000, 0.0000000000000000000, -1.000000000000000000 ) ) ;
#1463 = LINE ( 'NONE', #1365, #1877 ) ;
#1464 = DIRECTION ( 'NONE',  ( 0.0000000000000000000, 0.0000000000000000000, -1.000000000000000000 ) ) ;
#1465 = ORIENTED_EDGE ( 'NONE', *, *, #591, .T. ) ;
#1466 = VERTEX_POINT ( 'NONE', #2570 ) ;
#1467 = VERTEX_POINT ( 'NONE', #2765 ) ;
#1468 = CARTESIAN_POINT ( 'NONE',  ( 138.6331664562071400, 55.29283407559147200, 4.150780613453148900 ) ) ;
#1469 = CARTESIAN_POINT ( 'NONE',  ( 48.53461713053117400, 35.47056522356054100, 2.826996341767912500 ) ) ;
#1470 = CARTESIAN_POINT ( 'NONE',  ( 45.06646457382344600, 30.52242733942571500, -0.1747974239545930200 ) ) ;
#1471 = CARTESIAN_POINT ( 'NONE',  ( 39.97435647713973600, 45.08052075007335400, -4.960225686990951600 ) ) ;
#1472 = CARTESIAN_POINT ( 'NONE',  ( 16.21956682308987000, 9.236277299625872000, 2.639234683947948600 ) ) ;
#1473 = ADVANCED_FACE ( 'NONE', ( #848, #630 ), #3009, .T. ) ;
#1474 = CARTESIAN_POINT ( 'NONE',  ( 20.13887766265415600, 26.74727334271732500, -2.388551504639377000 ) ) ;
#1475 = DIRECTION ( 'NONE',  ( -0.0000000000000000000, -1.000000000000000000, -0.0000000000000000000 ) ) ;
#1476 = PERSON_AND_ORGANIZATION ( #2725, #3031 ) ;
#1477 = EDGE_CURVE ( 'NONE', #2967, #1837, #108, .T. ) ;
#1478 = CARTESIAN_POINT ( 'NONE',  ( 58.52753016983486100, 43.11863790989188800, 4.000752698364737000 ) ) ;
#1479 = CARTESIAN_POINT ( 'NONE',  ( 44.14697084683444200, 32.11503701881379400, -2.397471148575075300 ) ) ;
#1480 = AXIS2_PLACEMENT_3D ( 'NONE', #2714, #388, #2727 ) ;
#1481 = CARTESIAN_POINT ( 'NONE',  ( 25.13625240395168000, 17.25705435310770100, 0.3575232297783022500 ) ) ;
#1482 = CARTESIAN_POINT ( 'NONE',  ( 31.35013470895141900, 54.27980734818601100, -2.880228980763857500 ) ) ;
#1483 = CARTESIAN_POINT ( 'NONE',  ( 140.6583717929679000, 47.70869097326576700, 0.0000000000000000000 ) ) ;
#1484 = SHAPE_REPRESENTATION_RELATIONSHIP ( 'NONE' , 'NONE' ,  #2687, #1751 ) ;
#1485 = CARTESIAN_POINT ( 'NONE',  ( 12.72792206135629200, 12.72792206135636000, 5.626586237797196700 ) ) ;
#1486 = ADVANCED_FACE ( 'NONE', ( #1532 ), #2699, .F. ) ;
#1487 = APPROVAL_PERSON_ORGANIZATION ( #2550, #1982, #3022 ) ;
#1488 = SECURITY_CLASSIFICATION ( '', '', #2780 ) ;
#1489 = CARTESIAN_POINT ( 'NONE',  ( 66.95225541709487500, 47.60462299374716400, 4.602237041040989900 ) ) ;
#1490 = CARTESIAN_POINT ( 'NONE',  ( 25.13625239588871500, 17.25705434845254900, -0.3575232297783003700 ) ) ;
#1491 = CARTESIAN_POINT ( 'NONE',  ( 34.14390265382157700, 25.59473605974528700, 2.140090379143186000 ) ) ;
#1492 = ORIENTED_EDGE ( 'NONE', *, *, #1560, .T. ) ;
#1493 = CARTESIAN_POINT ( 'NONE',  ( 27.17978489956291500, 41.31755878286657700, -0.9854704819205778500 ) ) ;
#1494 = CARTESIAN_POINT ( 'NONE',  ( 110.6652944664008900, 44.80471262273290700, 0.0000000000000000000 ) ) ;
#1495 = CYLINDRICAL_SURFACE ( 'NONE', #1288, 2.500000000000001300 ) ;
#1496 = CYLINDRICAL_SURFACE ( 'NONE', #1480, 2.500000000000001800 ) ;
#1497 = CARTESIAN_POINT ( 'NONE',  ( 106.1853235081717500, 55.10785609674208300, 4.016893335921103900 ) ) ;
#1498 = CARTESIAN_POINT ( 'NONE',  ( 106.1853235081717500, 55.10785609674208300, 4.016893335921103900 ) ) ;
#1499 = CARTESIAN_POINT ( 'NONE',  ( 29.96400827689757700, 56.68064896478949800, -0.1747974239545936900 ) ) ;
#1500 = CIRCLE ( 'NONE', #2873, 18.50000000000000000 ) ;
#1501 = CARTESIAN_POINT ( 'NONE',  ( 20.52740502358673100, 26.00838613151927000, -3.420897085891364800 ) ) ;
#1502 = CARTESIAN_POINT ( 'NONE',  ( 23.47871376374779100, 1.000000000000000000, 0.0000000000000000000 ) ) ;
#1503 = VERTEX_POINT ( 'NONE', #2158 ) ;
#1504 = CC_DESIGN_SECURITY_CLASSIFICATION ( #740, ( #1805 ) ) ;
#1505 = EDGE_CURVE ( 'NONE', #1647, #81, #1280, .T. ) ;
#1506 = CARTESIAN_POINT ( 'NONE',  ( 138.4183863057257900, 56.17724743437577900, 3.788635337360973600 ) ) ;
#1507 = CARTESIAN_POINT ( 'NONE',  ( 8.775195154524958200, 16.68064896819071700, 0.09146616038243604600 ) ) ;
#1508 = DATE_AND_TIME ( #826, #893 ) ;
#1509 = CARTESIAN_POINT ( 'NONE',  ( 8.778406990733140300, 16.67743713198254000, 0.2743934802053700800 ) ) ;
#1510 = CARTESIAN_POINT ( 'NONE',  ( -1.250000000000008700, -1.767766952966379800, 1.249999999999978700 ) ) ;
#1511 = EDGE_CURVE ( 'NONE', #1927, #1800, #79, .T. ) ;
#1512 = CARTESIAN_POINT ( 'NONE',  ( 44.65539579389729100, 42.47636254420582700, 4.746882749226234200 ) ) ;
#1513 = AXIS2_PLACEMENT_3D ( 'NONE', #1768, #2018, #617 ) ;
#1514 = CARTESIAN_POINT ( 'NONE',  ( 11.20535361508292000, 14.25049050763277100, 5.198257320770783200 ) ) ;
#1515 = ORIENTED_EDGE ( 'NONE', *, *, #2313, .F. ) ;
#1516 = CARTESIAN_POINT ( 'NONE',  ( 24.30308234080590800, 18.82210123287342200, 3.420897085891362100 ) ) ;
#1517 = CARTESIAN_POINT ( 'NONE',  ( 50.48902453208295800, 57.13840843449525400, 2.704207420400663400 ) ) ;
#1518 = CARTESIAN_POINT ( 'NONE',  ( 0.0000000000000000000, 0.0000000000000000000, 0.0000000000000000000 ) ) ;
#1519 = PERSON_AND_ORGANIZATION ( #2725, #3031 ) ;
#1520 = ORIENTED_EDGE ( 'NONE', *, *, #132, .F. ) ;
#1521 = ORIENTED_EDGE ( 'NONE', *, *, #1169, .T. ) ;
#1522 = CARTESIAN_POINT ( 'NONE',  ( 9.236277299626591400, 16.21956682309070500, -2.639234683947966800 ) ) ;
#1523 = CARTESIAN_POINT ( 'NONE',  ( 30.14742615121764000, 56.36295999122761200, 1.158525219368183200 ) ) ;
#1524 = CARTESIAN_POINT ( 'NONE',  ( 29.99268514429049000, 56.63097922783570200, 0.5237827289241668800 ) ) ;
#1525 = ORIENTED_EDGE ( 'NONE', *, *, #323, .T. ) ;
#1526 = CARTESIAN_POINT ( 'NONE',  ( 31.35013490309450300, 54.27980746027457600, 2.880228980763844100 ) ) ;
#1527 = ORIENTED_EDGE ( 'NONE', *, *, #2976, .F. ) ;
#1528 = DIRECTION ( 'NONE',  ( -1.000000000000000000, 0.0000000000000000000, 0.0000000000000000000 ) ) ;
#1529 = FACE_BOUND ( 'NONE', #1233, .T. ) ;
#1530 = DIRECTION ( 'NONE',  ( -0.7071067811865514600, 0.7071067811865435800, 0.0000000000000000000 ) ) ;
#1531 = LINE ( 'NONE', #2281, #295 ) ;
#1532 = FACE_OUTER_BOUND ( 'NONE', #356, .T. ) ;
#1533 = AXIS2_PLACEMENT_3D ( 'NONE', #1615, #2732, #211 ) ;
#1534 = ORIENTED_EDGE ( 'NONE', *, *, #1684, .F. ) ;
#1535 = CARTESIAN_POINT ( 'NONE',  ( 33.34553707882109600, 50.82366961000933300, 4.160230755508884200 ) ) ;
#1536 = ORIENTED_EDGE ( 'NONE', *, *, #1560, .F. ) ;
#1537 = CARTESIAN_POINT ( 'NONE',  ( 19.69423496850382800, 27.57343301593995100, 0.3575232297783024200 ) ) ;
#1538 = EDGE_LOOP ( 'NONE', ( #3019, #1825 ) ) ;
#1539 = CARTESIAN_POINT ( 'NONE',  ( 13.50398241508896100, 11.95186170762675300, 5.517419855254216200 ) ) ;
#1540 = DIRECTION ( 'NONE',  ( -8.659560562354964900E-017, 8.659560562354900800E-017, 1.000000000000000000 ) ) ;
#1541 = DIRECTION ( 'NONE',  ( -0.5000000000000054400, -0.7071067811865435800, 0.5000000000000001100 ) ) ;
#1542 = CC_DESIGN_PERSON_AND_ORGANIZATION_ASSIGNMENT ( #1681, #1187, ( #296 ) ) ;
#1543 = CARTESIAN_POINT ( 'NONE',  ( 14.25049050763335300, 11.20535361508376600, -5.198257320770781400 ) ) ;
#1544 = CONTEXT_DEPENDENT_SHAPE_REPRESENTATION ( #529, #1359 ) ;
#1545 = CARTESIAN_POINT ( 'NONE',  ( 49.36649670418821500, 59.08093306923254300, 0.4794087966848158400 ) ) ;
#1546 = CARTESIAN_POINT ( 'NONE',  ( 14.93789407780154800, 10.51795004491417100, 4.677435247492261400 ) ) ;
#1547 = CARTESIAN_POINT ( 'NONE',  ( 15.54120081754814500, 9.914643305167576400, 3.978581913494992200 ) ) ;
#1548 = CARTESIAN_POINT ( 'NONE',  ( 170.6514491195347300, 59.11921123308601300, 0.2088635598753525700 ) ) ;
#1549 = DIRECTION ( 'NONE',  ( -0.4999999999999998300, 0.7071067811865515700, 0.4999999999999945600 ) ) ;
#1550 = SHAPE_REPRESENTATION_RELATIONSHIP ( 'NONE' , 'NONE' ,  #1787, #2505 ) ;
#1551 = DIRECTION ( 'NONE',  ( -0.0000000000000000000, -1.000000000000000000, -0.0000000000000000000 ) ) ;
#1552 = DATE_AND_TIME ( #2948, #203 ) ;
#1553 = CARTESIAN_POINT ( 'NONE',  ( 35.49027204882382600, 59.07468431358243800, 0.5103631075679158100 ) ) ;
#1554 = CARTESIAN_POINT ( 'NONE',  ( 138.8470251741145200, 54.36505383703909200, -4.370774821666878500 ) ) ;
#1555 = CARTESIAN_POINT ( 'NONE',  ( 31.83515560274390700, 53.43972699686477100, 3.279871937474472300 ) ) ;
#1556 = CARTESIAN_POINT ( 'NONE',  ( 49.36649665722006800, 59.08093308605860700, -0.4794087563600557000 ) ) ;
#1557 = DIRECTION ( 'NONE',  ( 0.7062817586121888900, 0.7062817586122088800, 0.04829238970396464200 ) ) ;
#1558 = CC_DESIGN_SECURITY_CLASSIFICATION ( #2569, ( #2827 ) ) ;
#1559 = EDGE_LOOP ( 'NONE', ( #2304, #958 ) ) ;
#1560 = EDGE_CURVE ( 'NONE', #784, #1837, #665, .T. ) ;
#1561 = DIRECTION ( 'NONE',  ( 0.5000000000000088800, -0.7071067811865436900, -0.4999999999999967200 ) ) ;
#1562 = EDGE_LOOP ( 'NONE', ( #419, #525 ) ) ;
#1563 = VERTEX_POINT ( 'NONE', #2462 ) ;
#1564 = CIRCLE ( 'NONE', #767, 2.500000000000000900 ) ;
#1565 = CARTESIAN_POINT ( 'NONE',  ( 50.48902453208295800, 57.13840843449525400, 2.704207420400663400 ) ) ;
#1566 = CARTESIAN_POINT ( 'NONE',  ( 40.66647957515125000, 49.78020821184777100, -4.746882818718422200 ) ) ;
#1567 = CARTESIAN_POINT ( 'NONE',  ( 23.62866872775051200, 20.11175426103417900, 4.628797076393198000 ) ) ;
#1568 = FACE_OUTER_BOUND ( 'NONE', #590, .T. ) ;
#1569 = FACE_OUTER_BOUND ( 'NONE', #451, .T. ) ;
#1570 = EDGE_CURVE ( 'NONE', #302, #2896, #2209, .T. ) ;
#1571 = CARTESIAN_POINT ( 'NONE',  ( -10.17349497468808300, 14.38749456993807900, 10.17349497468783600 ) ) ;
#1572 = DIRECTION ( 'NONE',  ( -0.4999999999999927800, 0.7071067811865515700, -0.5000000000000015500 ) ) ;
#1573 = AXIS2_PLACEMENT_3D ( 'NONE', #990, #1898, #1009 ) ;
#1574 = CARTESIAN_POINT ( 'NONE',  ( 50.48902396859344300, 57.13840904436381900, -2.704207207437080200 ) ) ;
#1575 = CARTESIAN_POINT ( 'NONE',  ( 170.6514491195345300, 51.83925473039403900, -3.028425835694363400 ) ) ;
#1576 = CARTESIAN_POINT ( 'NONE',  ( 140.6583717929679000, 47.70869097326576700, 0.0000000000000000000 ) ) ;
#1577 = CARTESIAN_POINT ( 'NONE',  ( 60.90427786495341400, 57.93761306322921500, 2.144654209980139600 ) ) ;
#1578 = CALENDAR_DATE ( 2021, 1, 6 ) ;
#1579 = CARTESIAN_POINT ( 'NONE',  ( 11.68332144554804900, 16.52271164185821600, -11.68332144554792700 ) ) ;
#1580 = CARTESIAN_POINT ( 'NONE',  ( -1.255262969126037200E-015, 20.50000000000000000, 0.0000000000000000000 ) ) ;
#1581 = CARTESIAN_POINT ( 'NONE',  ( 46.53092425578432800, 33.46168855762721300, -2.372749386009952700 ) ) ;
#1582 = CARTESIAN_POINT ( 'NONE',  ( 35.92854304223622100, 58.30568030871477700, -1.759221469997835900 ) ) ;
#1583 = CARTESIAN_POINT ( 'NONE',  ( 64.82079198494228900, 51.25076359353270300, -4.768832669255877100 ) ) ;
#1584 = CARTESIAN_POINT ( 'NONE',  ( 0.0000000000000000000, -2.000000000000004400, 0.0000000000000000000 ) ) ;
#1585 = CARTESIAN_POINT ( 'NONE',  ( 29.96400828867987400, 56.68064897159199900, 0.1747974573728646500 ) ) ;
#1586 = APPLICATION_CONTEXT ( 'configuration controlled 3d designs of mechanical parts and assemblies' ) ;
#1587 = PLANE ( 'NONE',  #1267 ) ;
#1588 = DIRECTION ( 'NONE',  ( 0.7071067811865449100, 0.7071067811865502400, -0.0000000000000000000 ) ) ;
#1589 = AXIS2_PLACEMENT_3D ( 'NONE', #636, #2270, #2503 ) ;
#1590 = CARTESIAN_POINT ( 'NONE',  ( 109.1848483750329800, 47.82404589069557900, -3.560465660124593900 ) ) ;
#1591 = PERSON_AND_ORGANIZATION ( #2725, #3031 ) ;
#1592 = ORIENTED_EDGE ( 'NONE', *, *, #2114, .T. ) ;
#1593 = DIRECTION ( 'NONE',  ( -0.7071067811865514600, -0.7071067811865435800, 0.0000000000000000000 ) ) ;
#1594 = ORIENTED_EDGE ( 'NONE', *, *, #2794, .T. ) ;
#1595 = CARTESIAN_POINT ( 'NONE',  ( 110.6652944682872000, 44.80471262382197800, 0.1190630839240798700 ) ) ;
#1596 = CARTESIAN_POINT ( 'NONE',  ( 105.1069455833846700, 57.49772415857138700, -2.606389784496276900 ) ) ;
#1597 = ORIENTED_EDGE ( 'NONE', *, *, #894, .T. ) ;
#1598 = CARTESIAN_POINT ( 'NONE',  ( 170.6514491195346700, 55.70306877714841000, -4.199754360319212200 ) ) ;
#1599 = ORIENTED_EDGE ( 'NONE', *, *, #2461, .F. ) ;
#1600 = CARTESIAN_POINT ( 'NONE',  ( 45.06646457971459800, 30.52242734282696900, 6.369687763352338500E-016 ) ) ;
#1601 = APPROVAL_STATUS ( 'not_yet_approved' ) ;
#1602 = CARTESIAN_POINT ( 'NONE',  ( 30.39701214396606200, 34.21850383063378600, -5.124057051005467900 ) ) ;
#1603 = ORIENTED_EDGE ( 'NONE', *, *, #2212, .F. ) ;
#1604 = CC_DESIGN_APPROVAL ( #1272, ( #2955 ) ) ;
#1605 = DIRECTION ( 'NONE',  ( -1.000000000000000000, 0.0000000000000000000, 0.0000000000000000000 ) ) ;
#1606 = DIRECTION ( 'NONE',  ( -0.7071067811865500200, 0.7071067811865449100, 0.0000000000000000000 ) ) ;
#1607 = CARTESIAN_POINT ( 'NONE',  ( 45.59384962501757600, 35.10669078326711900, -3.252793053339276200 ) ) ;
#1608 = CIRCLE ( 'NONE', #1069, 23.49999999999999600 ) ;
#1609 = CYLINDRICAL_SURFACE ( 'NONE', #1152, 18.00000000000000400 ) ;
#1610 = CARTESIAN_POINT ( 'NONE',  ( 170.6514491195347300, 50.61266932379794500, 0.06962226082667591400 ) ) ;
#1611 = CARTESIAN_POINT ( 'NONE',  ( 138.0223780678785500, 57.61706640785122600, -2.778750267035418300 ) ) ;
#1612 = CARTESIAN_POINT ( 'NONE',  ( 70.70862810964725000, 41.18936681272746400, -1.012133643130769900 ) ) ;
#1613 = ORIENTED_EDGE ( 'NONE', *, *, #1640, .T. ) ;
#1614 = DIRECTION ( 'NONE',  ( -0.5000000000000054400, -0.7071067811865435800, 0.5000000000000001100 ) ) ;
#1615 = CARTESIAN_POINT ( 'NONE',  ( 12.72792206135780700, 12.72792206135790100, 0.0000000000000000000 ) ) ;
#1616 = ORIENTED_EDGE ( 'NONE', *, *, #1674, .T. ) ;
#1617 = APPROVAL_ROLE ( '' ) ;
#1618 = CARTESIAN_POINT ( 'NONE',  ( 9.069972951238986200, 16.38587117147670500, -2.142712766577136400 ) ) ;
#1619 = ORIENTED_EDGE ( 'NONE', *, *, #932, .F. ) ;
#1620 = DIRECTION ( 'NONE',  ( -7.406550393246837400E-015, 0.7071067811865435800, 0.7071067811865514600 ) ) ;
#1621 = CARTESIAN_POINT ( 'NONE',  ( 46.07169018915012500, 34.26685617126788200, -2.853612442041494100 ) ) ;
#1622 = AXIS2_PLACEMENT_3D ( 'NONE', #1163, #2563, #1393 ) ;
#1623 = DIRECTION ( 'NONE',  ( 0.7071067811865435800, 0.7071067811865515700, 0.0000000000000000000 ) ) ;
#1624 = CARTESIAN_POINT ( 'NONE',  ( 61.11719375122892500, 38.63000469657698900, 1.063857241362598800 ) ) ;
#1625 = CARTESIAN_POINT ( 'NONE',  ( 30.14742595349959900, 56.36296015334198000, -1.158524860211148000 ) ) ;
#1626 = CARTESIAN_POINT ( 'NONE',  ( 70.84812973311594000, 40.94955020762822100, -0.1518806047775868300 ) ) ;
#1627 = APPROVAL_PERSON_ORGANIZATION ( #466, #1007, #1673 ) ;
#1628 = CARTESIAN_POINT ( 'NONE',  ( 70.15714504458455300, 42.13460653205830700, 2.144654209980137800 ) ) ;
#1629 = CC_DESIGN_DATE_AND_TIME_ASSIGNMENT ( #2901, #502, ( #2569 ) ) ;
#1630 = PERSON_AND_ORGANIZATION_ROLE ( 'creator' ) ;
#1631 = CARTESIAN_POINT ( 'NONE',  ( 30.45111129005135500, 55.83696167095256900, -1.800517121198670100 ) ) ;
#1632 = CARTESIAN_POINT ( 'NONE',  ( 18.29047859482475900, 14.75494468889183800, 0.0000000000000000000 ) ) ;
#1633 = CARTESIAN_POINT ( 'NONE',  ( 60.12460405016969400, 40.34772370519318200, -2.704207207437077100 ) ) ;
#1634 = CARTESIAN_POINT ( 'NONE',  ( 0.0000000000000000000, -2.000000000000004400, -23.49999999999999600 ) ) ;
#1635 = ADVANCED_FACE ( 'NONE', ( #219 ), #2366, .F. ) ;
#1636 = CARTESIAN_POINT ( 'NONE',  ( 64.10916708788786900, 52.46759699344276100, -4.602237117680942000 ) ) ;
#1637 = CARTESIAN_POINT ( 'NONE',  ( 140.6583717922205500, 47.70869097283429000, -0.09434270844877541700 ) ) ;
#1638 = CARTESIAN_POINT ( 'NONE',  ( 109.8316416906464800, 46.42965811902732300, 2.606389695381093700 ) ) ;
#1639 = LOCAL_TIME ( 20, 22, 1.000000000000000000, #1752 ) ;
#1640 = EDGE_CURVE ( 'NONE', #2126, #526, #2091, .T. ) ;
#1641 = CARTESIAN_POINT ( 'NONE',  ( 32.99272887195012100, 57.44273836308777700, -1.779869218677105900 ) ) ;
#1642 = APPROVAL_STATUS ( 'not_yet_approved' ) ;
#1643 = CARTESIAN_POINT ( 'NONE',  ( 30.88350185406618600, 55.08803919890249300, -2.397471148575085900 ) ) ;
#1644 = CARTESIAN_POINT ( 'NONE',  ( 1.851637598311689900E-014, 1.767766952966379800, -1.767766952966360000 ) ) ;
#1645 = AXIS2_PLACEMENT_3D ( 'NONE', #1584, #2973, #187 ) ;
#1646 = CARTESIAN_POINT ( 'NONE',  ( 0.0000000000000000000, 0.0000000000000000000, 0.0000000000000000000 ) ) ;
#1647 = VERTEX_POINT ( 'NONE', #1391 ) ;
#1648 = CARTESIAN_POINT ( 'NONE',  ( 11.68332144554788600, 16.52271164185821600, 11.68332144554809000 ) ) ;
#1649 = CARTESIAN_POINT ( 'NONE',  ( 0.0000000000000000000, 1.000000000000000000, 0.0000000000000000000 ) ) ;
#1650 = CARTESIAN_POINT ( 'NONE',  ( 140.5475526927173700, 47.95168954055651500, 1.059208179091886800 ) ) ;
#1651 = CARTESIAN_POINT ( 'NONE',  ( 138.2025941115539600, 56.99970997104374200, -3.294445747909489500 ) ) ;
#1652 = CARTESIAN_POINT ( 'NONE',  ( 140.5475527385985100, 47.95168946563137500, -1.059208306644929400 ) ) ;
#1653 = ORIENTED_EDGE ( 'NONE', *, *, #2043, .T. ) ;
#1654 = CARTESIAN_POINT ( 'NONE',  ( 49.85902793249110200, 33.13390081595556300, 0.1703155629557680800 ) ) ;
#1655 = FACE_BOUND ( 'NONE', #1559, .T. ) ;
#1656 = SECURITY_CLASSIFICATION_LEVEL ( 'unclassified' ) ;
#1657 = CARTESIAN_POINT ( 'NONE',  ( 13.50398241508895400, 11.95186170762674600, -5.517419855254215300 ) ) ;
#1658 = CC_DESIGN_APPROVAL ( #1137, ( #2640 ) ) ;
#1659 = SPHERICAL_SURFACE ( 'NONE', #1126, 18.00000000000000000 ) ;
#1660 = FACE_OUTER_BOUND ( 'NONE', #1389, .T. ) ;
#1661 = CARTESIAN_POINT ( 'NONE',  ( 36.86678234971709900, 50.61311833178727000, -4.510829065484140100 ) ) ;
#1662 = CARTESIAN_POINT ( 'NONE',  ( 69.46112141556857000, 43.32361653055554700, -3.002949323848433000 ) ) ;
#1663 = CARTESIAN_POINT ( 'NONE',  ( 139.4875764475167200, 51.53852623191319500, 4.150780613453158600 ) ) ;
#1664 = AXIS2_PLACEMENT_3D ( 'NONE', #251, #1174, #2367 ) ;
#1665 = CARTESIAN_POINT ( 'NONE',  ( 16.61070205229615800, 8.845142070419569800, -1.092283404460680800 ) ) ;
#1666 = CARTESIAN_POINT ( 'NONE',  ( 0.0000000000000000000, 2.265596578422603400E-015, -18.50000000000000000 ) ) ;
#1667 = DIRECTION ( 'NONE',  ( 0.5000000000000036600, 0.7071067811865515700, -0.4999999999999905100 ) ) ;
#1668 = DATE_AND_TIME ( #1259, #940 ) ;
#1669 = ADVANCED_FACE ( 'NONE', ( #10 ), #1659, .T. ) ;
#1670 = CARTESIAN_POINT ( 'NONE',  ( 137.7732283825609700, 58.36816413479409200, -1.924630458317893300 ) ) ;
#1671 = CC_DESIGN_DATE_AND_TIME_ASSIGNMENT ( #2711, #2147, ( #884 ) ) ;
#1672 = CARTESIAN_POINT ( 'NONE',  ( 56.91391555153092000, 45.93181634108648800, 4.665768512534700800 ) ) ;
#1673 = APPROVAL_ROLE ( '' ) ;
#1674 = EDGE_CURVE ( 'NONE', #2183, #1563, #1030, .T. ) ;
#1675 = DIRECTION ( 'NONE',  ( -0.0000000000000000000, -0.0000000000000000000, -1.000000000000000000 ) ) ;
#1676 = LOCAL_TIME ( 20, 22, 1.000000000000000000, #517 ) ;
#1678 = CARTESIAN_POINT ( 'NONE',  ( 25.14558745135277100, 17.24013363768711600, 0.0000000000000000000 ) ) ;
#1677 = CALENDAR_DATE ( 2021, 1, 6 ) ;
#1679 = CARTESIAN_POINT ( 'NONE',  ( 2.877919977996279500E-015, -4.228388472693467300E-015, 23.49999999999999600 ) ) ;
#1680 = UNCERTAINTY_MEASURE_WITH_UNIT (LENGTH_MEASURE( 1.000000000000000100E-005 ), #167, 'distance_accuracy_value', 'NONE');
#1681 = PERSON_AND_ORGANIZATION ( #2725, #3031 ) ;
#1682 = CARTESIAN_POINT ( 'NONE',  ( 138.4183861643072400, 56.17724736538907100, -3.788635509256001600 ) ) ;
#1683 = VERTEX_POINT ( 'NONE', #433 ) ;
#1684 = EDGE_CURVE ( 'NONE', #268, #1927, #176, .T. ) ;
#1685 = CARTESIAN_POINT ( 'NONE',  ( 108.3237037932220200, 49.84837503035593200, 4.344743091500217400 ) ) ;
#1686 = CARTESIAN_POINT ( 'NONE',  ( 61.27125707480115600, 38.36346351161812900, 0.0000000000000000000 ) ) ;
#1687 = CARTESIAN_POINT ( 'NONE',  ( 40.65220711330645300, 38.16814519963368500, -4.531520734195075000 ) ) ;
#1688 = AXIS2_PLACEMENT_3D ( 'NONE', #1648, #1354, #1863 ) ;
#1689 = VERTEX_POINT ( 'NONE', #2301 ) ;
#1690 = CARTESIAN_POINT ( 'NONE',  ( 70.84812973711937900, 40.94955020993960900, 0.0000000000000000000 ) ) ;
#1691 = EDGE_LOOP ( 'NONE', ( #2175, #572, #507, #1492 ) ) ;
#1692 = CIRCLE ( 'NONE', #290, 23.49999999999999600 ) ;
#1693 = CARTESIAN_POINT ( 'NONE',  ( 170.6514491195347600, 58.33941397750936600, -2.487201428850153800 ) ) ;
#1694 = CYLINDRICAL_SURFACE ( 'NONE', #2059, 23.49999999999999600 ) ;
#1695 = CARTESIAN_POINT ( 'NONE',  ( 1.767766952966360000, -1.767766952966379800, -3.061616997868385100E-016 ) ) ;
#1696 = CARTESIAN_POINT ( 'NONE',  ( 34.57738576861370200, 24.76128663244830000, 0.9854704819205802900 ) ) ;
#1697 = ADVANCED_FACE ( 'NONE', ( #1729 ), #2823, .F. ) ;
#1698 = EDGE_LOOP ( 'NONE', ( #145, #2997, #2307, #536 ) ) ;
#1699 = CARTESIAN_POINT ( 'NONE',  ( 39.61055752297586000, 39.97233519427037900, -4.782048313499095600 ) ) ;
#1700 = ORIENTED_EDGE ( 'NONE', *, *, #379, .F. ) ;
#1701 = CARTESIAN_POINT ( 'NONE',  ( 45.06646481221446300, 30.52242771209247600, 9.918235287392443300 ) ) ;
#1702 = ORIENTED_EDGE ( 'NONE', *, *, #407, .F. ) ;
#1703 = CARTESIAN_POINT ( 'NONE',  ( 140.3475143896002600, 48.46319623564429000, 1.924630231184482300 ) ) ;
#1704 = CARTESIAN_POINT ( 'NONE',  ( 46.63127323894424600, 38.88345723637167600, 4.112001076108787100 ) ) ;
#1705 = CARTESIAN_POINT ( 'NONE',  ( 109.1848481602066800, 47.82404623305432500, 3.560465533480217100 ) ) ;
#1706 = AXIS2_PLACEMENT_3D ( 'NONE', #1947, #403, #1821 ) ;
#1707 = DIRECTION ( 'NONE',  ( 0.0000000000000000000, 0.0000000000000000000, -1.000000000000000000 ) ) ;
#1708 = APPROVAL_PERSON_ORGANIZATION ( #2334, #1041, #765 ) ;
#1709 = ADVANCED_FACE ( 'NONE', ( #750 ), #1388, .F. ) ;
#1710 = AXIS2_PLACEMENT_3D ( 'NONE', #2492, #2025, #1338 ) ;
#1711 = PERSON_AND_ORGANIZATION ( #2725, #3031 ) ;
#1712 = CARTESIAN_POINT ( 'NONE',  ( 47.40601650422964800, 31.93364622156146000, 0.5170729331462306000 ) ) ;
#1713 = CARTESIAN_POINT ( 'NONE',  ( 34.67235620582602700, 24.58511600625803300, -0.4406529793512304300 ) ) ;
#1714 = CARTESIAN_POINT ( 'NONE',  ( 16.38587117147663400, 9.069972951239110500, 2.142712766577133300 ) ) ;
#1715 = DATE_AND_TIME ( #2347, #318 ) ;
#1716 = CARTESIAN_POINT ( 'NONE',  ( 10.51795004491406600, 14.93789407780162600, -4.677435247492261400 ) ) ;
#1717 = B_SPLINE_SURFACE_WITH_KNOTS ( 'NONE', 3, 3, ( 
 ( #315, #1257, #2891, #1946 ),
 ( #566, #2434, #2651, #1470 ),
 ( #556, #1490, #1713, #2190 ),
 ( #1736, #2643, #2878, #787 ),
 ( #1247, #1266, #1035, #2426 ),
 ( #1018, #326, #2900, #1479 ),
 ( #1967, #575, #86, #1722 ),
 ( #2205, #803, #2444, #3011 ),
 ( #2592, #446, #2830, #955 ),
 ( #1891, #239, #1148, #1884 ),
 ( #965, #2089, #2374, #1198 ),
 ( #461, #2819, #2350, #488 ),
 ( #1657, #2781, #930, #2796 ),
 ( #944, #2583, #2128, #1188 ),
 ( #475, #1410, #1602, #3023 ),
 ( #2572, #1385, #2116, #23 ),
 ( #250, #199, #503, #1846 ),
 ( #724, #8, #3036, #735 ),
 ( #1373, #2076, #683, #2326 ),
 ( #915, #1858, #2542, #2104 ),
 ( #1618, #709, #2808, #213 ),
 ( #2365, #694, #2338, #1643 ),
 ( #2558, #1159, #1172, #1631 ),
 ( #1399, #227, #1870, #1923 ),
 ( #1063, #1745, #615, #1057 ),
 ( #2678, #1780, #1996, #1499 ),
 ( #1507, #2907, #112, #1275 ),
 ( #374, #1537, #100, #1524 ),
 ( #1045, #2449, #2246, #1763 ),
 ( #2456, #2011, #1299, #1975 ),
 ( #1285, #1771, #2661, #2671 ),
 ( #1036, #621, #2255, #336 ),
 ( #841, #1755, #2942, #1291 ),
 ( #2932, #355, #852, #344 ),
 ( #1268, #124, #2216, #2471 ),
 ( #815, #1987, #597, #2225 ),
 ( #1514, #825, #119, #2232 ),
 ( #833, #1071, #2696, #2022 ),
 ( #2286, #2507, #2276, #1327 ),
 ( #2972, #627, #2038, #2498 ),
 ( #2730, #871, #2478, #1317 ),
 ( #1546, #1567, #165, #1809 ),
 ( #402, #862, #2718, #2962 ),
 ( #548, #65, #2436, #1948 ),
 ( #1472, #2892, #2626, #2181 ),
 ( #1714, #2191, #567, #576 ),
 ( #2445, #74, #1491, #2618 ),
 ( #1011, #789, #310, #1723 ),
 ( #1249, #93, #1696, #2206 ),
 ( #1924, #1481, #87, #317 ),
 ( #301, #768, #805, #2197 ),
 ( #1958, #796, #1230, #2864 ) ),
 .UNSPECIFIED., .T., .F., .F.,
 ( 4, 1, 1, 1, 1, 1, 1, 1, 1, 1, 1, 1, 1, 1, 1, 1, 1, 1, 1, 1, 1, 1, 1, 1, 2, 1, 1, 1, 1, 1, 1, 1, 1, 1, 1, 1, 1, 1, 1, 1, 1, 1, 1, 1, 1, 1, 1, 1, 4 ),
 ( 4, 4 ),
 ( 0.0000000000000000000, 0.007812500000000000000, 0.01562500000000000000, 0.03125000000000000000, 0.04687500000000000000, 0.06250000000000000000, 0.07812500000000000000, 0.09375000000000000000, 0.1250000000000000000, 0.1562500000000000000, 0.1875000000000000000, 0.2187500000000000000, 0.2500000000000000000, 0.2812500000000000000, 0.3125000000000000000, 0.3437500000000000000, 0.3750000000000000000, 0.4062500000000000000, 0.4218750000000000000, 0.4375000000000000000, 0.4531250000000000000, 0.4687500000000000000, 0.4843750000000000000, 0.4921875000000000000, 0.5000000000000000000, 0.5078125000000000000, 0.5156250000000000000, 0.5312500000000000000, 0.5468750000000000000, 0.5625000000000000000, 0.5781250000000000000, 0.5937500000000000000, 0.6250000000000000000, 0.6562500000000000000, 0.6875000000000000000, 0.7187500000000000000, 0.7500000000000000000, 0.7812500000000000000, 0.8125000000000000000, 0.8437500000000000000, 0.8750000000000000000, 0.9062500000000000000, 0.9218750000000000000, 0.9375000000000000000, 0.9531250000000000000, 0.9687500000000000000, 0.9843750000000000000, 0.9921875000000000000, 1.000000000000000000 ),
 ( 0.0000000000000000000, 1.000000000000000000 ),
 .UNSPECIFIED. ) ;
#1718 = CARTESIAN_POINT ( 'NONE',  ( -3.382710778154773800E-014, 8.485281374238571300, 0.0000000000000000000 ) ) ;
#1719 = CARTESIAN_POINT ( 'NONE',  ( 0.0000000000000000000, 0.0000000000000000000, 0.0000000000000000000 ) ) ;
#1720 = ORIENTED_EDGE ( 'NONE', *, *, #1409, .T. ) ;
#1721 = CARTESIAN_POINT ( 'NONE',  ( 37.89804079652052600, 48.77981742349818700, 4.764465514424052200 ) ) ;
#1722 = CARTESIAN_POINT ( 'NONE',  ( 43.68033795940883800, 32.92326885074318500, -2.880228980763840200 ) ) ;
#1723 = CARTESIAN_POINT ( 'NONE',  ( 44.57936157245208600, 31.36611464006528000, 1.800517121198661000 ) ) ;
#1724 = ADVANCED_FACE ( 'NONE', ( #881 ), #141, .F. ) ;
#1725 = FACE_OUTER_BOUND ( 'NONE', #1451, .T. ) ;
#1726 = CARTESIAN_POINT ( 'NONE',  ( 19.69423496850382800, 27.57343301593995100, 0.3575232297783024200 ) ) ;
#1727 = B_SPLINE_SURFACE_WITH_KNOTS ( 'NONE', 3, 3, ( 
 ( #549, #1678, #1936, #779 ),
 ( #303, #2413, #539, #2139 ),
 ( #273, #1907, #2831, #2612 ),
 ( #279, #2857, #2627, #1433 ),
 ( #1665, #1917, #1002, #2182 ),
 ( #2837, #2419, #43, #36 ),
 ( #1459, #263, #1217, #1231 ),
 ( #2594, #1449, #1199, #2865 ),
 ( #60, #1440, #1899, #1421 ),
 ( #2619, #2394, #67, #523 ),
 ( #513, #771, #746, #1687 ),
 ( #2384, #971, #2602, #1699 ),
 ( #2406, #981, #1226, #532 ),
 ( #1206, #2150, #291, #2847 ),
 ( #53, #763, #2161, #991 ),
 ( #1925, #2199, #337, #1251 ),
 ( #1716, #1977, #1029, #1260 ),
 ( #2637, #1988, #2872, #2208 ),
 ( #1277, #1501, #94, #76 ),
 ( #1240, #578, #345, #2673 ),
 ( #599, #1474, #2226, #1482 ),
 ( #2902, #2894, #2909, #790 ),
 ( #797, #1737, #1969, #587 ),
 ( #2218, #827, #1493, #2451 ),
 ( #1021, #2439, #807, #2653 ),
 ( #1046, #329, #2446, #1269 ),
 ( #312, #1950, #102, #1038 ),
 ( #1509, #1726, #2192, #1757 ),
 ( #558, #2663, #1013, #1746 ),
 ( #88, #114, #817, #2428 ),
 ( #2645, #2880, #319, #1960 ),
 ( #569, #1803, #2707, #1526 ),
 ( #1088, #2934, #1781, #1555 ),
 ( #1790, #2689, #853, #120 ),
 ( #2472, #2698, #2013, #1059 ),
 ( #1286, #2031, #126, #1292 ),
 ( #1772, #2023, #368, #154 ),
 ( #1306, #2950, #2465, #834 ),
 ( #135, #622, #843, #393 ),
 ( #1539, #629, #2264, #147 ),
 ( #1065, #2003, #639, #2277 ),
 ( #2921, #2490, #2458, #2679 ),
 ( #1547, #607, #383, #375 ),
 ( #616, #1516, #1764, #1081 ),
 ( #863, #2719, #1997, #357 ),
 ( #2248, #2234, #1072, #1300 ),
 ( #2943, #2256, #2963, #2480 ),
 ( #1318, #2731, #459, #1336 ),
 ( #2982, #1107, #442, #175 ),
 ( #209, #2540, #1360, #1856 ),
 ( #2086, #1810, #426, #3008 ),
 ( #2994, #2073, #679, #1600 ) ),
 .UNSPECIFIED., .T., .F., .F.,
 ( 4, 1, 1, 1, 1, 1, 1, 1, 1, 1, 1, 1, 1, 1, 1, 1, 1, 1, 1, 1, 1, 1, 1, 1, 2, 1, 1, 1, 1, 1, 1, 1, 1, 1, 1, 1, 1, 1, 1, 1, 1, 1, 1, 1, 1, 1, 1, 1, 4 ),
 ( 4, 4 ),
 ( 0.0000000000000000000, 0.007812500000000000000, 0.01562500000000000000, 0.03125000000000000000, 0.04687500000000000000, 0.06250000000000000000, 0.07812500000000000000, 0.09375000000000000000, 0.1250000000000000000, 0.1562500000000000000, 0.1875000000000000000, 0.2187500000000000000, 0.2500000000000000000, 0.2812500000000000000, 0.3125000000000000000, 0.3437500000000000000, 0.3750000000000000000, 0.4062500000000000000, 0.4218750000000000000, 0.4375000000000000000, 0.4531250000000000000, 0.4687500000000000000, 0.4843750000000000000, 0.4921875000000000000, 0.5000000000000000000, 0.5078125000000000000, 0.5156250000000000000, 0.5312500000000000000, 0.5468750000000000000, 0.5625000000000000000, 0.5781250000000000000, 0.5937500000000000000, 0.6250000000000000000, 0.6562500000000000000, 0.6875000000000000000, 0.7187500000000000000, 0.7500000000000000000, 0.7812500000000000000, 0.8125000000000000000, 0.8437500000000000000, 0.8750000000000000000, 0.9062500000000000000, 0.9218750000000000000, 0.9375000000000000000, 0.9531250000000000000, 0.9687500000000000000, 0.9843750000000000000, 0.9921875000000000000, 1.000000000000000000 ),
 ( 0.0000000000000000000, 1.000000000000000000 ),
 .UNSPECIFIED. ) ;
#1728 = DIRECTION ( 'NONE',  ( 0.7071067811865449100, 0.7071067811865501300, 0.0000000000000000000 ) ) ;
#1729 = FACE_OUTER_BOUND ( 'NONE', #1003, .T. ) ;
#1730 = CARTESIAN_POINT ( 'NONE',  ( 16.51648740810593100, 8.939356714607114900, 1.625328840279364600 ) ) ;
#1731 = TOROIDAL_SURFACE ( 'NONE', #2254, 20.49999999999999600, 1.999999999999999100 ) ;
#1732 = APPROVAL ( #2168, 'UNSPECIFIED' ) ;
#1733 = EDGE_CURVE ( 'NONE', #1800, #1927, #330, .T. ) ;
#1734 = CARTESIAN_POINT ( 'NONE',  ( 170.6514491195348200, 58.33941426651134800, 2.487201022547054200 ) ) ;
#1735 = CARTESIAN_POINT ( 'NONE',  ( 38.56401103104531100, 41.78500764649135800, 4.927375655022729900 ) ) ;
#1736 = CARTESIAN_POINT ( 'NONE',  ( 16.65828502818096300, 8.797559094534767300, -0.6393613661824996100 ) ) ;
#1737 = CARTESIAN_POINT ( 'NONE',  ( 19.84364005251451600, 27.30025661387037100, -1.328361310040009600 ) ) ;
#1738 = B_SPLINE_CURVE_WITH_KNOTS ( 'NONE', 3,
 ( #1313, #1324, #150, #2494, #107, #2020, #2676, #1052, #2916, #2453, #1777, #1543, #2704, #340, #2938, #1078, #821, #592, #142, #1522, #611, #810, #2469, #831, #351, #2242, #1993 ),
 .UNSPECIFIED., .F., .F.,
 ( 4, 1, 1, 1, 1, 1, 1, 1, 1, 1, 1, 1, 1, 1, 1, 1, 1, 1, 1, 1, 1, 1, 1, 1, 4 ),
 ( 0.01758774532882417100, 0.01786256743068778300, 0.01813738953255139200, 0.01868703373627861700, 0.01923667794000583800, 0.01978632214373305900, 0.02033596634746028000, 0.02088561055118750400, 0.02198489895864194600, 0.02308418736609639200, 0.02418347577355083700, 0.02528276418100527900, 0.02638205258845972500, 0.02748134099591417100, 0.02858062940336861300, 0.02967991781082305800, 0.03077920621827750400, 0.03187849462573194600, 0.03242813882945917000, 0.03297778303318639500, 0.03352742723691361200, 0.03407707144064083000, 0.03462671564436806100, 0.03490153774623167000, 0.03517635984809527900 ),
 .UNSPECIFIED. ) ;
#1739 = CARTESIAN_POINT ( 'NONE',  ( 8.939356714606642400, 16.51648740810564700, 1.625328840279371300 ) ) ;
#1740 = LOCAL_TIME ( 20, 22, 1.000000000000000000, #2868 ) ;
#1741 = EDGE_CURVE ( 'NONE', #322, #2702, #2601, .T. ) ;
#1742 = CARTESIAN_POINT ( 'NONE',  ( 63.39447692673120800, 53.68819081357769100, 4.319916137832610300 ) ) ;
#1743 = CARTESIAN_POINT ( 'NONE',  ( 107.0426013765912800, 53.02703884901034600, 4.541795214079452400 ) ) ;
#1744 = AXIS2_PLACEMENT_3D ( 'NONE', #2925, #2475, #820 ) ;
#1745 = CARTESIAN_POINT ( 'NONE',  ( 19.69423496044089500, 27.57343301128482300, -0.3575232297783062000 ) ) ;
#1746 = CARTESIAN_POINT ( 'NONE',  ( 30.14742609140406100, 56.36296009482763500, 1.158525039789617200 ) ) ;
#1747 = EDGE_LOOP ( 'NONE', ( #2511, #2078, #2221, #2624 ) ) ;
#1748 = DIRECTION ( 'NONE',  ( -0.5000000000000020000, 0.7071067811865435800, -0.5000000000000036600 ) ) ;
#1749 = PERSON_AND_ORGANIZATION ( #2725, #3031 ) ;
#1750 = DIRECTION ( 'NONE',  ( -0.0000000000000000000, -1.000000000000000000, -0.0000000000000000000 ) ) ;
#1751 = ADVANCED_BREP_SHAPE_REPRESENTATION ( '', ( #1101, #1963 ), #171 ) ;
#1752 = COORDINATED_UNIVERSAL_TIME_OFFSET ( 5, 30, .AHEAD. ) ;
#1753 = CARTESIAN_POINT ( 'NONE',  ( 38.93490514651266900, 46.93328910456168800, 4.911872526784345700 ) ) ;
#1754 = CARTESIAN_POINT ( 'NONE',  ( 170.6514491195343300, 56.50666120389387700, 3.956818135406087400 ) ) ;
#1755 = CARTESIAN_POINT ( 'NONE',  ( 20.30144272003201800, 26.43901187372761200, 2.852780435123462700 ) ) ;
#1756 = ORIENTED_EDGE ( 'NONE', *, *, #223, .F. ) ;
#1757 = CARTESIAN_POINT ( 'NONE',  ( 29.99268514429049000, 56.63097922783570200, 0.5237827289241668800 ) ) ;
#1758 = CARTESIAN_POINT ( 'NONE',  ( 0.0000000000000000000, -2.000000000000004400, 0.0000000000000000000 ) ) ;
#1759 = CARTESIAN_POINT ( 'NONE',  ( 29.96400828278872200, 56.68064896819075200, -7.568864066638364500E-016 ) ) ;
#1760 = AXIS2_PLACEMENT_3D ( 'NONE', #913, #1844, #2039 ) ;
#1761 = CIRCLE ( 'NONE', #1645, 20.49999999999999600 ) ;
#1762 = CARTESIAN_POINT ( 'NONE',  ( 139.7023565988091000, 50.65411287359706400, 3.788635337360975400 ) ) ;
#1763 = CARTESIAN_POINT ( 'NONE',  ( 30.14742609140406100, 56.36296009482763500, 1.158525039789617200 ) ) ;
#1764 = CARTESIAN_POINT ( 'NONE',  ( 33.26925091489400900, 27.40912629906458900, 3.574259188820802600 ) ) ;
#1765 = DESIGN_CONTEXT ( 'detailed design', #1384, 'design' ) ;
#1766 = DIRECTION ( 'NONE',  ( 0.4999999999999965600, 0.7071067811865513500, 0.4999999999999979500 ) ) ;
#1767 = EDGE_LOOP ( 'NONE', ( #499, #527, #2096 ) ) ;
#1768 = CARTESIAN_POINT ( 'NONE',  ( 0.0000000000000000000, 0.0000000000000000000, 0.0000000000000000000 ) ) ;
#1769 =( GEOMETRIC_REPRESENTATION_CONTEXT ( 3 ) GLOBAL_UNCERTAINTY_ASSIGNED_CONTEXT ( ( #1210 ) ) GLOBAL_UNIT_ASSIGNED_CONTEXT ( ( #1109, #138, #2015 ) ) REPRESENTATION_CONTEXT ( 'NONE', 'WORKASPACE' ) );
#1770 = CARTESIAN_POINT ( 'NONE',  ( 32.69453929986855900, 57.96289899221239500, 1.144210334953761300 ) ) ;
#1771 = CARTESIAN_POINT ( 'NONE',  ( 19.98494794170073900, 27.03712042226546700, 1.882709609711301600 ) ) ;
#1772 = CARTESIAN_POINT ( 'NONE',  ( 11.20535361508292000, 14.25049050763277100, 5.198257320770783200 ) ) ;
#1773 = CARTESIAN_POINT ( 'NONE',  ( 32.49796837482438100, 52.29170163456536400, 3.727621465026613700 ) ) ;
#1774 = DIRECTION ( 'NONE',  ( 0.5000000000000020000, -0.7071067811865435800, 0.5000000000000036600 ) ) ;
#1775 = ITEM_DEFINED_TRANSFORMATION ( 'NONE', 'NONE', #1236,  #1963 ) ;
#1776 = CARTESIAN_POINT ( 'NONE',  ( 170.6514491195347300, 54.86766932379794100, -5.210872130371981700E-016 ) ) ;
#1777 = CARTESIAN_POINT ( 'NONE',  ( 14.93789407780219500, 10.51795004491490100, -4.677435247492260500 ) ) ;
#1778 = CARTESIAN_POINT ( 'NONE',  ( 170.6514491195347300, 59.11921123308601300, 0.2088635598753525700 ) ) ;
#1779 = AXIS2_PLACEMENT_3D ( 'NONE', #51, #2617, #33 ) ;
#1780 = CARTESIAN_POINT ( 'NONE',  ( 19.68489991170015700, 27.59035372593194100, -0.1192432482398219400 ) ) ;
#1781 = CARTESIAN_POINT ( 'NONE',  ( 28.13829754363787200, 39.41340994437696600, 3.066326186298967000 ) ) ;
#1782 = APPROVAL_DATE_TIME ( #2545, #2809 ) ;
#1783 =( LENGTH_UNIT ( ) NAMED_UNIT ( * ) SI_UNIT ( .MILLI., .METRE. ) );
#1784 = CALENDAR_DATE ( 2021, 1, 6 ) ;
#1785 = CC_DESIGN_SECURITY_CLASSIFICATION ( #190, ( #3039 ) ) ;
#1786 = DIRECTION ( 'NONE',  ( -0.7071067811865514600, -0.7071067811865435800, 0.0000000000000000000 ) ) ;
#1787 = SHAPE_REPRESENTATION ( 'hip proethesis', ( #1963 ), #2861 ) ;
#1788 = CARTESIAN_POINT ( 'NONE',  ( 137.4623710934203900, 59.12266932422940600, 0.09434267237537773100 ) ) ;
#1789 = VERTEX_POINT ( 'NONE', #1580 ) ;
#1790 = CARTESIAN_POINT ( 'NONE',  ( 9.502795304103415200, 15.95304881861226900, 3.267534982961928200 ) ) ;
#1791 = ORIENTED_EDGE ( 'NONE', *, *, #2829, .T. ) ;
#1792 = CARTESIAN_POINT ( 'NONE',  ( 104.2732930639250400, 59.12266932270868800, -0.1190631294497141300 ) ) ;
#1793 = CARTESIAN_POINT ( 'NONE',  ( 38.94885668224397100, 206.1299405137018000, 177.6779348857608100 ) ) ;
#1794 = CIRCLE ( 'NONE', #381, 12.00000000000000000 ) ;
#1795 = EDGE_CURVE ( 'NONE', #2596, #434, #497, .T. ) ;
#1796 = DIRECTION ( 'NONE',  ( 1.000000000000000000, 0.0000000000000000000, -1.224646799147353200E-016 ) ) ;
#1797 = CIRCLE ( 'NONE', #2838, 2.500000000000002200 ) ;
#1798 = FACE_BOUND ( 'NONE', #1881, .T. ) ;
#1799 = AXIS2_PLACEMENT_3D ( 'NONE', #876, #1125, #1093 ) ;
#1800 = VERTEX_POINT ( 'NONE', #170 ) ;
#1801 = CARTESIAN_POINT ( 'NONE',  ( 137.8791975051378800, 58.06201469289435100, 2.307673112706147400 ) ) ;
#1802 = CARTESIAN_POINT ( 'NONE',  ( 43.65914136412842300, 44.29894512183808100, -4.896369582554119600 ) ) ;
#1803 = CARTESIAN_POINT ( 'NONE',  ( 20.13887770107783800, 26.74727336490118600, 2.388551504639376200 ) ) ;
#1804 = CARTESIAN_POINT ( 'NONE',  ( 35.46284781227054600, 59.12266932697074400, 0.1703155629557683600 ) ) ;
#1805 = PRODUCT_DEFINITION_FORMATION_WITH_SPECIFIED_SOURCE ( 'ANY', '', #1812, .NOT_KNOWN. ) ;
#1806 = CARTESIAN_POINT ( 'NONE',  ( 42.66093771333799400, 46.12828497963948100, -4.945478900961973100 ) ) ;
#1807 = CARTESIAN_POINT ( 'NONE',  ( 37.88251998727596300, 54.82877093169781800, 3.674763367337984500 ) ) ;
#1808 = CARTESIAN_POINT ( 'NONE',  ( 139.0603714341617900, 53.41568014353284600, -4.445523942298725800 ) ) ;
#1809 = CARTESIAN_POINT ( 'NONE',  ( 40.65220741875561600, 38.16814537598487100, 4.531520734195069600 ) ) ;
#1810 = CARTESIAN_POINT ( 'NONE',  ( 25.14558745269237900, 17.24013363846053800, 0.1192432482398219500 ) ) ;
#1811 =( NAMED_UNIT ( * ) PLANE_ANGLE_UNIT ( ) SI_UNIT ( $, .RADIAN. ) );
#1812 = PRODUCT ( 'plastic liner', 'plastic liner', '', ( #2075 ) ) ;
#1813 = DIRECTION ( 'NONE',  ( 0.0000000000000000000, 0.0000000000000000000, -1.000000000000000000 ) ) ;
#1814 = CARTESIAN_POINT ( 'NONE',  ( -11.42349497468793600, 12.61972761697170000, -11.42349497468797500 ) ) ;
#1815 = AXIS2_PLACEMENT_3D ( 'NONE', #2066, #2291, #1549 ) ;
#1816 = CARTESIAN_POINT ( 'NONE',  ( 170.6514491195347900, 54.03226987044745000, -4.199754360319214000 ) ) ;
#1817 = ORIENTED_EDGE ( 'NONE', *, *, #161, .F. ) ;
#1818 = CARTESIAN_POINT ( 'NONE',  ( 104.3571396095069900, 58.96892296792488300, -0.8024978596747200900 ) ) ;
#1819 = CARTESIAN_POINT ( 'NONE',  ( 55.30681396039698000, 48.74306634649701700, -4.877447833098873500 ) ) ;
#1820 = CARTESIAN_POINT ( 'NONE',  ( 29.96400828278872200, 56.68064896819075200, -7.568864066638364500E-016 ) ) ;
#1821 = DIRECTION ( 'NONE',  ( 0.7071067811865433500, 0.7071067811865517900, 0.0000000000000000000 ) ) ;
#1822 = CARTESIAN_POINT ( 'NONE',  ( 49.49643447751316900, 58.85612817421219500, 1.063857241362587300 ) ) ;
#1823 = DIRECTION ( 'NONE',  ( 0.0000000000000000000, 0.0000000000000000000, -1.000000000000000000 ) ) ;
#1824 = APPROVAL ( #22, 'UNSPECIFIED' ) ;
#1825 = ORIENTED_EDGE ( 'NONE', *, *, #753, .F. ) ;
#1826 = EDGE_CURVE ( 'NONE', #2596, #1205, #812, .T. ) ;
#1827 = CARTESIAN_POINT ( 'NONE',  ( 139.4875765189730400, 51.53852628619201700, -4.150780712402133000 ) ) ;
#1828 = ORIENTED_EDGE ( 'NONE', *, *, #777, .T. ) ;
#1829 = CARTESIAN_POINT ( 'NONE',  ( 36.34165830748139600, 57.57645564899411300, -2.348027787830691900 ) ) ;
#1830 = CARTESIAN_POINT ( 'NONE',  ( 47.43415016655485800, 31.88466343617257000, 0.0000000000000000000 ) ) ;
#1831 = CIRCLE ( 'NONE', #2067, 2.500000000000001300 ) ;
#1832 = CARTESIAN_POINT ( 'NONE',  ( 60.58204869091676400, 58.48935950069627400, 1.589361668857560900 ) ) ;
#1833 = APPROVAL_ROLE ( '' ) ;
#1834 = FACE_BOUND ( 'NONE', #2524, .T. ) ;
#1835 = EDGE_CURVE ( 'NONE', #1879, #818, #924, .T. ) ;
#1836 = CARTESIAN_POINT ( 'NONE',  ( 0.0000000000000000000, -2.000000000000004400, 0.0000000000000000000 ) ) ;
#1837 = VERTEX_POINT ( 'NONE', #1814 ) ;
#1838 = CARTESIAN_POINT ( 'NONE',  ( 43.08193063281858300, 39.54792318467294600, -4.510829065484148100 ) ) ;
#1839 = AXIS2_PLACEMENT_3D ( 'NONE', #1864, #2097, #699 ) ;
#1840 = CARTESIAN_POINT ( 'NONE',  ( 70.15714504458455300, 42.13460653205830700, 2.144654209980137800 ) ) ;
#1841 = ORIENTED_EDGE ( 'NONE', *, *, #2373, .F. ) ;
#1842 = CARTESIAN_POINT ( 'NONE',  ( 60.23514676346426500, 59.08509007664940100, -0.4551642815870009500 ) ) ;
#1843 = CARTESIAN_POINT ( 'NONE',  ( 38.56401089942316000, 41.78500710744175000, -4.927375642739441700 ) ) ;
#1844 = DIRECTION ( 'NONE',  ( -0.5000000000000088800, 0.7071067811865435800, 0.4999999999999966700 ) ) ;
#1845 = DATE_TIME_ROLE ( 'creation_date' ) ;
#1846 = CARTESIAN_POINT ( 'NONE',  ( 34.37826544374765800, 49.03493093503286100, -4.531520734195083800 ) ) ;
#1847 = CARTESIAN_POINT ( 'NONE',  ( 0.0000000000000000000, -4.228388472693467300E-015, 0.0000000000000000000 ) ) ;
#1848 = ORIENTED_EDGE ( 'NONE', *, *, #553, .F. ) ;
#1849 = CARTESIAN_POINT ( 'NONE',  ( 41.68493638491953100, 36.37940565963500500, -4.160230501050872200 ) ) ;
#1850 = LOCAL_TIME ( 20, 22, 1.000000000000000000, #1959 ) ;
#1851 = CARTESIAN_POINT ( 'NONE',  ( 16.15526152290459200, 12.61972761697170700, -1.978448931341350100E-015 ) ) ;
#1852 = DIRECTION ( 'NONE',  ( 0.0000000000000000000, -1.000000000000000000, -0.0000000000000000000 ) ) ;
#1853 = CARTESIAN_POINT ( 'NONE',  ( 45.06646458560575000, 30.52242734622822700, 0.1747974573728662000 ) ) ;
#1854 = CARTESIAN_POINT ( 'NONE',  ( 105.3933070042283200, 56.89471883126812200, -3.070299105220684500 ) ) ;
#1855 = CARTESIAN_POINT ( 'NONE',  ( 48.98021727630926800, 34.68011440099547100, -2.348027787830693200 ) ) ;
#1856 = CARTESIAN_POINT ( 'NONE',  ( 45.03778775351869300, 30.57209710356589800, 0.5237827289241675500 ) ) ;
#1857 = DATE_TIME_ROLE ( 'classification_date' ) ;
#1858 = CARTESIAN_POINT ( 'NONE',  ( 20.30144267801190200, 26.43901184946732000, -2.852780435123462700 ) ) ;
#1859 = CARTESIAN_POINT ( 'NONE',  ( 12.72792206135785900, -12.72792206135785200, 0.0000000000000000000 ) ) ;
#1860 = AXIS2_PLACEMENT_3D ( 'NONE', #547, #2403, #697 ) ;
#1861 = CARTESIAN_POINT ( 'NONE',  ( 48.07168888619509800, 36.29570273577342500, -3.225714307295648000 ) ) ;
#1862 = APPROVAL_PERSON_ORGANIZATION ( #1083, #1113, #2531 ) ;
#1863 = DIRECTION ( 'NONE',  ( -0.4999999999999925600, 0.7071067811865515700, -0.5000000000000015500 ) ) ;
#1864 = CARTESIAN_POINT ( 'NONE',  ( 0.0000000000000000000, 0.0000000000000000000, 0.0000000000000000000 ) ) ;
#1865 = CARTESIAN_POINT ( 'NONE',  ( 47.25417405089744000, 32.19814273684644200, 1.144210334953774000 ) ) ;
#1866 = CARTESIAN_POINT ( 'NONE',  ( 49.74998976753661100, 58.41746932636066700, -1.663967603232607800 ) ) ;
#1867 = CARTESIAN_POINT ( 'NONE',  ( 61.27125707016919900, 38.36346350894385900, -0.1599776591045203600 ) ) ;
#1868 = CARTESIAN_POINT ( 'NONE',  ( 70.70862806896865000, 41.18936700168105600, 1.012133782927232600 ) ) ;
#1869 = APPROVAL_STATUS ( 'not_yet_approved' ) ;
#1870 = CARTESIAN_POINT ( 'NONE',  ( 27.17978489956291500, 41.31755878286657700, -0.9854704819205778500 ) ) ;
#1871 = ADVANCED_FACE ( 'NONE', ( #1568 ), #1496, .F. ) ;
#1872 = CC_DESIGN_PERSON_AND_ORGANIZATION_ASSIGNMENT ( #2383, #2807, ( #2736 ) ) ;
#1873 = DIRECTION ( 'NONE',  ( 8.659560562354964900E-017, -8.659560562354900800E-017, -1.000000000000000000 ) ) ;
#1874 = CARTESIAN_POINT ( 'NONE',  ( 170.6514491195347300, 50.61266932379794500, -3.862470239479609500E-016 ) ) ;
#1875 = LINE ( 'NONE', #976, #1243 ) ;
#1876 = CARTESIAN_POINT ( 'NONE',  ( 41.66273406540212000, 47.95762483908858100, -4.896369582554122200 ) ) ;
#1877 = VECTOR ( 'NONE', #2551, 1000.000000000000000 ) ;
#1878 = CARTESIAN_POINT ( 'NONE',  ( 43.68033820081316100, 32.92326843261858500, -2.880228757760544800 ) ) ;
#1879 = VERTEX_POINT ( 'NONE', #159 ) ;
#1880 = CARTESIAN_POINT ( 'NONE',  ( 44.88304678937653600, 30.84011636487597500, 1.158525219368197900 ) ) ;
#1881 = EDGE_LOOP ( 'NONE', ( #372, #2527 ) ) ;
#1882 = CARTESIAN_POINT ( 'NONE',  ( 30.45111116244094200, 55.83696189198009600, -1.800516900519857800 ) ) ;
#1883 = PERSON_AND_ORGANIZATION_ROLE ( 'creator' ) ;
#1884 = CARTESIAN_POINT ( 'NONE',  ( 41.68493608430094400, 36.37940618032161700, -4.160230628279868400 ) ) ;
#1885 = DIRECTION ( 'NONE',  ( -0.5000000000000088800, 0.7071067811865435800, 0.4999999999999966700 ) ) ;
#1886 = CARTESIAN_POINT ( 'NONE',  ( 170.6514491195347300, 57.89608391720180000, -3.028425835694373600 ) ) ;
#1887 = CARTESIAN_POINT ( 'NONE',  ( 61.24713148247109700, 38.40519973331670700, -0.4794087563600635300 ) ) ;
#1888 = APPROVAL_DATE_TIME ( #2289, #1824 ) ;
#1889 = CARTESIAN_POINT ( 'NONE',  ( 49.83160371788955000, 33.18188584201764300, 0.5103631075679206900 ) ) ;
#1890 = CC_DESIGN_DATE_AND_TIME_ASSIGNMENT ( #1508, #1922, ( #2914 ) ) ;
#1891 = CARTESIAN_POINT ( 'NONE',  ( 15.54120081754812200, 9.914643305167596000, -3.978581913494990000 ) ) ;
#1892 = DIRECTION ( 'NONE',  ( 0.0000000000000000000, 0.0000000000000000000, 1.000000000000000000 ) ) ;
#1893 = CARTESIAN_POINT ( 'NONE',  ( 45.03778772937866400, 30.57209706384229600, -0.5237826322873416800 ) ) ;
#1894 = CARTESIAN_POINT ( 'NONE',  ( 33.34553619716165000, 50.82367048948101000, -4.160230501050889100 ) ) ;
#1895 = CARTESIAN_POINT ( 'NONE',  ( 110.4436563532318400, 45.21540324229146500, -1.286981836852804800 ) ) ;
#1896 = EDGE_CURVE ( 'NONE', #268, #2846, #2430, .T. ) ;
#1897 = CARTESIAN_POINT ( 'NONE',  ( 69.46112112826530400, 43.32361730895308900, 3.002949449828190300 ) ) ;
#1898 = DIRECTION ( 'NONE',  ( -0.0000000000000000000, -1.000000000000000000, -0.0000000000000000000 ) ) ;
#1899 = CARTESIAN_POINT ( 'NONE',  ( 33.26925078561293200, 27.40912622442396400, -3.574259188820805300 ) ) ;
#1900 = AXIS2_PLACEMENT_3D ( 'NONE', #1102, #2735, #865 ) ;
#1901 = DIRECTION ( 'NONE',  ( -0.7071067811865500200, 0.7071067811865449100, 0.0000000000000000000 ) ) ;
#1902 = ORIENTED_EDGE ( 'NONE', *, *, #1213, .F. ) ;
#1903 = CARTESIAN_POINT ( 'NONE',  ( 105.7537390893763000, 56.10333601668878600, -3.560465660124606700 ) ) ;
#1904 = CIRCLE ( 'NONE', #35, 20.49999999999999600 ) ;
#1905 = CARTESIAN_POINT ( 'NONE',  ( 66.24063066116873700, 48.82145617713548800, 4.768832569434443300 ) ) ;
#1906 = VECTOR ( 'NONE', #1248, 1000.000000000000000 ) ;
#1907 = CARTESIAN_POINT ( 'NONE',  ( 25.13625239588871500, 17.25705434845254900, -0.3575232297783003700 ) ) ;
#1908 = SPHERICAL_SURFACE ( 'NONE', #2516, 20.49999999999999600 ) ;
#1909 = CARTESIAN_POINT ( 'NONE',  ( 61.27125707480115600, 38.36346351161812900, 0.0000000000000000000 ) ) ;
#1910 = ADVANCED_FACE ( 'NONE', ( #1943 ), #2665, .F. ) ;
#1911 = ORIENTED_EDGE ( 'NONE', *, *, #1983, .F. ) ;
#1912 = CARTESIAN_POINT ( 'NONE',  ( 63.39447633027105400, 53.68819133377329700, -4.319916175288174300 ) ) ;
#1913 = CARTESIAN_POINT ( 'NONE',  ( 68.38500379582521300, 45.15886117493871400, 3.913619126902482500 ) ) ;
#1914 = SECURITY_CLASSIFICATION_LEVEL ( 'unclassified' ) ;
#1915 = CARTESIAN_POINT ( 'NONE',  ( -1.255262969126037000E-015, 20.49999999999999600, 0.0000000000000000000 ) ) ;
#1916 = AXIS2_PLACEMENT_3D ( 'NONE', #684, #713, #11 ) ;
#1917 = CARTESIAN_POINT ( 'NONE',  ( 24.98684728554371400, 17.53023073531803500, -1.328361310040007100 ) ) ;
#1918 = CARTESIAN_POINT ( 'NONE',  ( 0.0000000000000000000, 0.0000000000000000000, 0.0000000000000000000 ) ) ;
#1919 = ORIENTED_EDGE ( 'NONE', *, *, #2769, .F. ) ;
#1920 = CC_DESIGN_PERSON_AND_ORGANIZATION_ASSIGNMENT ( #2074, #2571, ( #1025 ) ) ;
#1921 = CARTESIAN_POINT ( 'NONE',  ( 46.07168990352111800, 34.26685709417139200, 2.853612739349316500 ) ) ;
#1922 = DATE_TIME_ROLE ( 'classification_date' ) ;
#1923 = CARTESIAN_POINT ( 'NONE',  ( 30.14742601331315100, 56.36296004974185100, -1.158525039789617000 ) ) ;
#1924 = CARTESIAN_POINT ( 'NONE',  ( 16.67743713198247200, 8.778406990733261100, 0.2743934802053705200 ) ) ;
#1925 = CARTESIAN_POINT ( 'NONE',  ( 11.20535361508292700, 14.25049050763277800, -5.198257320770787600 ) ) ;
#1926 = CARTESIAN_POINT ( 'NONE',  ( 16.52271164185840000, 16.52271164185821600, 0.0000000000000000000 ) ) ;
#1927 = VERTEX_POINT ( 'NONE', #1859 ) ;
#1928 = APPROVAL_PERSON_ORGANIZATION ( #2720, #1272, #1833 ) ;
#1929 = COORDINATED_UNIVERSAL_TIME_OFFSET ( 5, 30, .AHEAD. ) ;
#1930 = CARTESIAN_POINT ( 'NONE',  ( 31.35013446754708600, 54.27980776631049100, -2.880228757760550500 ) ) ;
#1931 = CARTESIAN_POINT ( 'NONE',  ( 16.68064896819065600, 8.775195154525079000, 6.979551485375434800E-016 ) ) ;
#1932 = CARTESIAN_POINT ( 'NONE',  ( 57.71995999373110200, 44.52501007359097700, 4.394680941183984200 ) ) ;
#1933 = CARTESIAN_POINT ( 'NONE',  ( 46.95598415360844800, 32.71830375402737400, 1.779869514239091000 ) ) ;
#1934 = CARTESIAN_POINT ( 'NONE',  ( 0.0000000000000000000, -3.794707603699265500E-015, 0.0000000000000000000 ) ) ;
#1935 = CARTESIAN_POINT ( 'NONE',  ( -12.93332144554814000, 14.75494468889183400, 12.93332144554782400 ) ) ;
#1936 = CARTESIAN_POINT ( 'NONE',  ( 34.69006401174073800, 24.55244591066249500, 0.0000000000000000000 ) ) ;
#1937 = AXIS2_PLACEMENT_3D ( 'NONE', #1776, #2250, #2483 ) ;
#1938 = ORIENTED_EDGE ( 'NONE', *, *, #70, .T. ) ;
#1939 = CARTESIAN_POINT ( 'NONE',  ( 0.0000000000000000000, 0.0000000000000000000, 0.0000000000000000000 ) ) ;
#1940 = FACE_BOUND ( 'NONE', #652, .T. ) ;
#1941 = APPROVAL ( #1601, 'UNSPECIFIED' ) ;
#1942 = CIRCLE ( 'NONE', #1779, 4.254999999999997200 ) ;
#1943 = FACE_OUTER_BOUND ( 'NONE', #1191, .T. ) ;
#1944 = CARTESIAN_POINT ( 'NONE',  ( 62.67641918263066000, 54.91335846013858200, 3.913619126902470500 ) ) ;
#1945 = CARTESIAN_POINT ( 'NONE',  ( 140.6518042729041700, 47.72240322488498500, 0.2828823152753158800 ) ) ;
#1946 = CARTESIAN_POINT ( 'NONE',  ( 45.06646457971459800, 30.52242734282696900, 6.369687763352338500E-016 ) ) ;
#1947 = CARTESIAN_POINT ( 'NONE',  ( -14.38749456993823900, 14.38749456993807900, 0.0000000000000000000 ) ) ;
#1948 = CARTESIAN_POINT ( 'NONE',  ( 42.53250503927809200, 34.91137430131915700, 3.727621291750242300 ) ) ;
#1949 = EDGE_LOOP ( 'NONE', ( #292, #2017 ) ) ;
#1950 = CARTESIAN_POINT ( 'NONE',  ( 19.68489991437936500, 27.59035372747878900, 0.1192432482398219200 ) ) ;
#1951 = ORIENTED_EDGE ( 'NONE', *, *, #2512, .F. ) ;
#1952 = DIRECTION ( 'NONE',  ( 0.0000000000000000000, 0.0000000000000000000, -1.000000000000000000 ) ) ;
#1953 = CARTESIAN_POINT ( 'NONE',  ( 12.72792206135780700, 12.72792206135790100, 0.0000000000000000000 ) ) ;
#1954 = EDGE_CURVE ( 'NONE', #2981, #1800, #1979, .T. ) ;
#1955 = CARTESIAN_POINT ( 'NONE',  ( 56.91391555153092000, 45.93181634108648800, 4.665768512534700800 ) ) ;
#1956 = CARTESIAN_POINT ( 'NONE',  ( 45.06646457971459800, 30.52242734282697300, 3.341826008219960300E-008 ) ) ;
#1957 = AXIS2_PLACEMENT_3D ( 'NONE', #409, #2559, #1606 ) ;
#1958 = CARTESIAN_POINT ( 'NONE',  ( 16.68064896819065600, 8.775195154525079000, 6.979551485375434800E-016 ) ) ;
#1959 = COORDINATED_UNIVERSAL_TIME_OFFSET ( 5, 30, .AHEAD. ) ;
#1960 = CARTESIAN_POINT ( 'NONE',  ( 30.88350201566884600, 55.08803929220387400, 2.397471148575080600 ) ) ;
#1961 = DIRECTION ( 'NONE',  ( -1.000000000000000000, 0.0000000000000000000, 0.0000000000000000000 ) ) ;
#1962 = CARTESIAN_POINT ( 'NONE',  ( 16.61070205229485500, 8.845142070418203800, 1.092283404460640200 ) ) ;
#1963 = AXIS2_PLACEMENT_3D ( 'NONE', #661, #892, #2752 ) ;
#1964 = SHAPE_DEFINITION_REPRESENTATION ( #2004, #2687 ) ;
#1965 = CARTESIAN_POINT ( 'NONE',  ( 170.6514491195343300, 56.50666120389387700, 3.956818135406087400 ) ) ;
#1966 = CARTESIAN_POINT ( 'NONE',  ( 54.50383814553417500, 50.14832393069259800, 4.824849486707523600 ) ) ;
#1967 = CARTESIAN_POINT ( 'NONE',  ( 16.38587117147661900, 9.069972951239107000, -2.142712766577141700 ) ) ;
#1968 = CALENDAR_DATE ( 2021, 1, 6 ) ;
#1969 = CARTESIAN_POINT ( 'NONE',  ( 27.36244251094743500, 40.97279132477061100, -1.564439215619339900 ) ) ;
#1970 = DIRECTION ( 'NONE',  ( 7.406550393246755400E-015, 0.7071067811865515700, -0.7071067811865435800 ) ) ;
#1971 = DIRECTION ( 'NONE',  ( 1.000000000000000000, 0.0000000000000000000, 0.0000000000000000000 ) ) ;
#1972 = CLOSED_SHELL ( 'NONE', ( #1910, #2844, #1413, #2422, #240, #516, #1871, #1709, #2133, #1180, #745, #2149, #1211, #45, #1635, #1697, #283, #1486, #1430, #2573, #2802 ) ) ;
#1973 = AXIS2_PLACEMENT_3D ( 'NONE', #1847, #491, #2797 ) ;
#1974 = CARTESIAN_POINT ( 'NONE',  ( 45.64732914418222300, 40.66802450192359700, 4.490137410437019300 ) ) ;
#1975 = CARTESIAN_POINT ( 'NONE',  ( 30.45111141141598300, 55.83696174102247800, 1.800517121198662600 ) ) ;
#1976 = CIRCLE ( 'NONE', #1710, 2.500000000000001300 ) ;
#1977 = CARTESIAN_POINT ( 'NONE',  ( 21.20181863664214800, 24.71873310335857000, -4.628797076393203400 ) ) ;
#1978 = CARTESIAN_POINT ( 'NONE',  ( 0.0000000000000000000, 0.0000000000000000000, 0.0000000000000000000 ) ) ;
#1979 = CIRCLE ( 'NONE', #2180, 18.00000000000000000 ) ;
#1980 = CARTESIAN_POINT ( 'NONE',  ( 13.50398241508749900, 11.95186170762523400, 5.517419855254249900 ) ) ;
#1981 = CIRCLE ( 'NONE', #422, 20.50000000000000000 ) ;
#1982 = APPROVAL ( #672, 'UNSPECIFIED' ) ;
#1983 = EDGE_CURVE ( 'NONE', #2390, #557, #2203, .T. ) ;
#1984 = ORIENTED_EDGE ( 'NONE', *, *, #2772, .T. ) ;
#1985 = CARTESIAN_POINT ( 'NONE',  ( 105.7537394398100600, 56.10333575262324500, 3.560465533480210400 ) ) ;
#1986 = CARTESIAN_POINT ( 'NONE',  ( 63.39447692673120800, 53.68819081357769100, 4.319916137832610300 ) ) ;
#1987 = CARTESIAN_POINT ( 'NONE',  ( 21.20181868665734000, 24.71873313223479200, 4.628797076393198900 ) ) ;
#1988 = CARTESIAN_POINT ( 'NONE',  ( 20.82432998051893200, 25.43995718762979400, -4.039131485089946200 ) ) ;
#1989 = CARTESIAN_POINT ( 'NONE',  ( 35.00850589682898600, 53.90294695506900500, 3.701192382764040300 ) ) ;
#1990 = DIRECTION ( 'NONE',  ( 0.0000000000000000000, 0.0000000000000000000, -1.000000000000000000 ) ) ;
#1991 = DIRECTION ( 'NONE',  ( -2.468850131082279100E-015, -0.7071067811865435800, 0.7071067811865514600 ) ) ;
#1992 = EDGE_CURVE ( 'NONE', #2928, #1879, #262, .T. ) ;
#1993 = CARTESIAN_POINT ( 'NONE',  ( 8.775195154524958200, 16.68064896819071700, 0.0000000000000000000 ) ) ;
#1994 = CARTESIAN_POINT ( 'NONE',  ( 170.6514491195345900, 55.70306893635568500, 4.199754337915623000 ) ) ;
#1995 = EDGE_CURVE ( 'NONE', #1466, #2928, #1343, .T. ) ;
#1996 = CARTESIAN_POINT ( 'NONE',  ( 27.06710665313259100, 41.52639950274520700, -0.1470203360972077700 ) ) ;
#1997 = CARTESIAN_POINT ( 'NONE',  ( 33.61887324025283200, 26.66543553774550200, 3.066326186298971000 ) ) ;
#1998 = CARTESIAN_POINT ( 'NONE',  ( 29.96400818488285700, 56.68064891166476800, -2.904983875822346700 ) ) ;
#1999 = CALENDAR_DATE ( 2021, 1, 6 ) ;
#2000 = CALENDAR_DATE ( 2021, 1, 6 ) ;
#2001 = CARTESIAN_POINT ( 'NONE',  ( 60.23514680495615200, 59.08509006083007600, 0.4551643113800255500 ) ) ;
#2002 = ORIENTED_EDGE ( 'NONE', *, *, #501, .T. ) ;
#2003 = CARTESIAN_POINT ( 'NONE',  ( 23.23471414826117600, 20.86220552089608700, 5.059520985013554300 ) ) ;
#2004 = PRODUCT_DEFINITION_SHAPE ( 'NONE', 'NONE',  #241 ) ;
#2005 = DIRECTION ( 'NONE',  ( 7.406550393246837400E-015, -0.7071067811865435800, -0.7071067811865514600 ) ) ;
#2006 = DIRECTION ( 'NONE',  ( -1.224646799147353500E-016, 0.0000000000000000000, -1.000000000000000000 ) ) ;
#2007 = EDGE_LOOP ( 'NONE', ( #360, #2167, #2817, #1951 ) ) ;
#2008 = AXIS2_PLACEMENT_3D ( 'NONE', #895, #2756, #1796 ) ;
#2009 = LINE ( 'NONE', #2859, #1242 ) ;
#2010 = CARTESIAN_POINT ( 'NONE',  ( 32.54269680522654800, 58.22739548364705100, 0.5170729331462256000 ) ) ;
#2011 = CARTESIAN_POINT ( 'NONE',  ( 19.84364007884888200, 27.30025662907448600, 1.328361310040008000 ) ) ;
#2012 = FACE_OUTER_BOUND ( 'NONE', #2606, .T. ) ;
#2013 = CARTESIAN_POINT ( 'NONE',  ( 28.91737003188882600, 37.72025306163477900, 4.099681056684909600 ) ) ;
#2014 = FACE_OUTER_BOUND ( 'NONE', #2883, .T. ) ;
#2015 =( NAMED_UNIT ( * ) SI_UNIT ( $, .STERADIAN. ) SOLID_ANGLE_UNIT ( ) );
#2016 = ORIENTED_EDGE ( 'NONE', *, *, #327, .T. ) ;
#2017 = ORIENTED_EDGE ( 'NONE', *, *, #50, .F. ) ;
#2018 = DIRECTION ( 'NONE',  ( -0.0000000000000000000, -0.0000000000000000000, -1.000000000000000000 ) ) ;
#2019 = PRODUCT_RELATED_PRODUCT_CATEGORY ( 'detail', '', ( #857 ) ) ;
#2020 = CARTESIAN_POINT ( 'NONE',  ( 16.51648740810784900, 8.939356714609171900, -1.625328840279430600 ) ) ;
#2021 = CARTESIAN_POINT ( 'NONE',  ( 35.92854339950237400, 58.30567995275944800, 1.759221753437079800 ) ) ;
#2022 = CARTESIAN_POINT ( 'NONE',  ( 36.46646206333505100, 45.41806902992927800, 4.927375648881087100 ) ) ;
#2023 = CARTESIAN_POINT ( 'NONE',  ( 21.59577326709482000, 23.96828187292042500, 5.059520985013555200 ) ) ;
#2024 = CARTESIAN_POINT ( 'NONE',  ( 35.46284780127955100, 59.12266932062509300, -0.1703156280785906300 ) ) ;
#2025 = DIRECTION ( 'NONE',  ( -0.4999999999999984500, -0.7071067811865435800, -0.5000000000000071100 ) ) ;
#2026 = COORDINATED_UNIVERSAL_TIME_OFFSET ( 5, 30, .AHEAD. ) ;
#2027 = DIRECTION ( 'NONE',  ( 0.0000000000000000000, -0.0000000000000000000, 1.000000000000000000 ) ) ;
#2028 = DIRECTION ( 'NONE',  ( 0.0000000000000000000, 0.0000000000000000000, -1.000000000000000000 ) ) ;
#2029 = CARTESIAN_POINT ( 'NONE',  ( 50.10728742777931200, 57.79924306878144300, 2.233980342750917700 ) ) ;
#2030 = CARTESIAN_POINT ( 'NONE',  ( 38.93490463224186000, 46.93328925744619800, -4.911872646065043000 ) ) ;
#2031 = CARTESIAN_POINT ( 'NONE',  ( 21.20181868665734000, 24.71873313223479200, 4.628797076393198900 ) ) ;
#2032 = APPROVAL_PERSON_ORGANIZATION ( #2648, #2809, #2767 ) ;
#2033 = APPROVAL_PERSON_ORGANIZATION ( #2590, #1941, #198 ) ;
#2034 = DIRECTION ( 'NONE',  ( 0.5000000000000055500, 0.7071067811865436900, -0.5000000000000002200 ) ) ;
#2035 = CARTESIAN_POINT ( 'NONE',  ( 30.45111153902643500, 55.83696151999455300, 1.800517341877582800 ) ) ;
#2036 = VERTEX_POINT ( 'NONE', #1632 ) ;
#2037 = CARTESIAN_POINT ( 'NONE',  ( 39.61055771345388600, 39.97233486435275300, -4.782048280539805200 ) ) ;
#2038 = CARTESIAN_POINT ( 'NONE',  ( 31.36015852421093800, 31.86034158468119400, 5.124057051005467000 ) ) ;
#2039 = DIRECTION ( 'NONE',  ( 0.5000000000000027800, 0.7071067811865513500, -0.4999999999999916700 ) ) ;
#2040 = CARTESIAN_POINT ( 'NONE',  ( 104.6886051058428300, 58.33988959747980400, 1.782614134666794700 ) ) ;
#2041 = CARTESIAN_POINT ( 'NONE',  ( 0.0000000000000000000, 0.0000000000000000000, 0.0000000000000000000 ) ) ;
#2042 = VECTOR ( 'NONE', #2259, 1000.000000000000000 ) ;
#2043 = EDGE_CURVE ( 'NONE', #2702, #322, #46, .T. ) ;
#2044 = CARTESIAN_POINT ( 'NONE',  ( 8.923494974687887500, 16.15526152290445700, 8.923494974688040300 ) ) ;
#2045 = CARTESIAN_POINT ( 'NONE',  ( 59.73166483768288500, 41.02853334697535800, -3.100792442550226900 ) ) ;
#2046 = CIRCLE ( 'NONE', #366, 23.47871376374779100 ) ;
#2047 = CARTESIAN_POINT ( 'NONE',  ( 29.96400828278872200, 56.68064896819075200, -7.568864066638364500E-016 ) ) ;
#2048 = AXIS2_PLACEMENT_3D ( 'NONE', #1076, #2691, #2675 ) ;
#2049 = FACE_OUTER_BOUND ( 'NONE', #2460, .T. ) ;
#2050 = CARTESIAN_POINT ( 'NONE',  ( 36.78725814100469900, 56.78600570677227900, -2.826996059485928000 ) ) ;
#2051 = CARTESIAN_POINT ( 'NONE',  ( 68.38500409053274600, 45.15886033574285800, -3.913619107855551800 ) ) ;
#2052 = EDGE_LOOP ( 'NONE', ( #2198, #2786, #584, #757, #2431, #2094, #1848 ) ) ;
#2053 = CARTESIAN_POINT ( 'NONE',  ( 10.43332144554805100, 18.29047859482459900, -10.43332144554793900 ) ) ;
#2054 = CARTESIAN_POINT ( 'NONE',  ( 60.21329306981477500, 59.12266932610936700, 0.1518805467036808100 ) ) ;
#2055 =( NAMED_UNIT ( * ) SI_UNIT ( $, .STERADIAN. ) SOLID_ANGLE_UNIT ( ) );
#2056 = CARTESIAN_POINT ( 'NONE',  ( 12.61972761697188800, 16.15526152290445300, -1.545470903223607600E-015 ) ) ;
#2057 = DIRECTION ( 'NONE',  ( 0.5000000000000034400, 0.7071067811865513500, -0.4999999999999909500 ) ) ;
#2058 = CARTESIAN_POINT ( 'NONE',  ( 66.24063061561362500, 48.82145582336285400, -4.768832669255875300 ) ) ;
#2059 = AXIS2_PLACEMENT_3D ( 'NONE', #2986, #1149, #2547 ) ;
#2060 = CARTESIAN_POINT ( 'NONE',  ( 50.10728697233187000, 57.79924355517788100, -2.233980108552473100 ) ) ;
#2061 =( BOUNDED_CURVE ( )  B_SPLINE_CURVE ( 3, ( #1450, #62, #1701, #2866 ),
 .UNSPECIFIED., .F., .F. ) 
 B_SPLINE_CURVE_WITH_KNOTS ( ( 4, 4 ),
 ( 0.0000000000000000000, 3.141592646851042200 ),
 .UNSPECIFIED. ) 
 CURVE ( )  GEOMETRIC_REPRESENTATION_ITEM ( )  RATIONAL_B_SPLINE_CURVE ( ( 1.000000000000000000, 0.3333333355795836700, 0.3333333355795836700, 1.000000000000000000 ) ) 
 REPRESENTATION_ITEM ( '' )  );
#2062 = CARTESIAN_POINT ( 'NONE',  ( 35.41991482671344500, 47.23074126056437200, -4.782048280539817700 ) ) ;
#2063 = CARTESIAN_POINT ( 'NONE',  ( 45.06646457971460500, 30.52242734282697300, 6.683651952743043000E-008 ) ) ;
#2064 = CARTESIAN_POINT ( 'NONE',  ( 170.6514491195347300, 59.12266932379793600, 0.06962226082667533100 ) ) ;
#2065 = APPROVAL_STATUS ( 'not_yet_approved' ) ;
#2066 = CARTESIAN_POINT ( 'NONE',  ( 0.0000000000000000000, 0.0000000000000000000, 0.0000000000000000000 ) ) ;
#2067 = AXIS2_PLACEMENT_3D ( 'NONE', #2629, #1232, #2407 ) ;
#2068 = CARTESIAN_POINT ( 'NONE',  ( 44.94020796638862000, 36.25809371836963600, -3.701192183077008500 ) ) ;
#2069 = CARTESIAN_POINT ( 'NONE',  ( 70.70862806896865000, 41.18936700168105600, 1.012133782927232600 ) ) ;
#2070 = CARTESIAN_POINT ( 'NONE',  ( 60.58204841005373700, 58.48935978894656500, -1.589361485146650200 ) ) ;
#2071 = SHAPE_REPRESENTATION_RELATIONSHIP ( 'NONE' , 'NONE' ,  #722, #2608 ) ;
#2072 = CARTESIAN_POINT ( 'NONE',  ( 106.6148835599111200, 54.07900707408114000, -4.344743180864409000 ) ) ;
#2073 = CARTESIAN_POINT ( 'NONE',  ( 25.14558745135277100, 17.24013363768711600, 0.0000000000000000000 ) ) ;
#2074 = PERSON_AND_ORGANIZATION ( #2725, #3031 ) ;
#2075 = MECHANICAL_CONTEXT ( 'NONE', #445, 'mechanical' ) ;
#2076 = CARTESIAN_POINT ( 'NONE',  ( 20.52740502358673100, 26.00838613151927000, -3.420897085891364800 ) ) ;
#2077 = AXIS2_PLACEMENT_3D ( 'NONE', #1330, #2966, #2710 ) ;
#2078 = ORIENTED_EDGE ( 'NONE', *, *, #885, .F. ) ;
#2079 = EDGE_CURVE ( 'NONE', #849, #2322, #1452, .T. ) ;
#2080 = DIRECTION ( 'NONE',  ( 0.7071067811865514600, 0.7071067811865435800, -0.0000000000000000000 ) ) ;
#2081 = CARTESIAN_POINT ( 'NONE',  ( 0.0000000000000000000, 0.0000000000000000000, 0.0000000000000000000 ) ) ;
#2082 = CARTESIAN_POINT ( 'NONE',  ( 170.6514491195347900, 50.93001319601389600, -1.631014553251575600 ) ) ;
#2083 = CARTESIAN_POINT ( 'NONE',  ( 49.83160371788955000, 33.18188584201764300, 0.5103631075679206900 ) ) ;
#2084 = CARTESIAN_POINT ( 'NONE',  ( 49.36649665722006800, 59.08093308605860700, -0.4794087563600557000 ) ) ;
#2085 = CARTESIAN_POINT ( 'NONE',  ( 140.6518042736387900, 47.72240321515587900, -0.2828823603211006500 ) ) ;
#2086 = CARTESIAN_POINT ( 'NONE',  ( 16.68064896819065600, 8.775195154525079000, 0.09146616038243675400 ) ) ;
#2087 = FACE_OUTER_BOUND ( 'NONE', #2052, .T. ) ;
#2088 = PERSON_AND_ORGANIZATION_ROLE ( 'classification_officer' ) ;
#2089 = CARTESIAN_POINT ( 'NONE',  ( 23.62866867773533400, 20.11175423215781100, -4.628797076393204300 ) ) ;
#2090 = LINE ( 'NONE', #1124, #332 ) ;
#2091 = CIRCLE ( 'NONE', #2435, 23.50000000000000000 ) ;
#2092 = B_SPLINE_CURVE_WITH_KNOTS ( 'NONE', 3,
 ( #570, #1483, #1494, #1690, #89, #2414, #559, #320 ),
 .UNSPECIFIED., .F., .F.,
 ( 4, 2, 2, 4 ),
 ( 0.0000000000000000000, 0.7051213994299125900, 0.9360805031624335200, 1.000000000000000000 ),
 .UNSPECIFIED. ) ;
#2093 = CARTESIAN_POINT ( 'NONE',  ( 60.21329306581608900, 59.12266932378945200, -5.575094648438152600E-006 ) ) ;
#2094 = ORIENTED_EDGE ( 'NONE', *, *, #2667, .F. ) ;
#2095 = CARTESIAN_POINT ( 'NONE',  ( 40.65220737395135600, 38.16814474818352900, -4.531520659313303900 ) ) ;
#2096 = ORIENTED_EDGE ( 'NONE', *, *, #2945, .F. ) ;
#2097 = DIRECTION ( 'NONE',  ( 0.0000000000000000000, 0.0000000000000000000, -1.000000000000000000 ) ) ;
#2098 = CARTESIAN_POINT ( 'NONE',  ( 70.47937419326697700, 41.58286007995278100, 1.589361668857576700 ) ) ;
#2099 = CARTESIAN_POINT ( 'NONE',  ( 37.89804011490255700, 48.77981788487881000, -4.764465583047379700 ) ) ;
#2100 = CARTESIAN_POINT ( 'NONE',  ( 109.8316418897142600, 46.42965775383000700, -2.606389784496272500 ) ) ;
#2101 = CARTESIAN_POINT ( 'NONE',  ( 110.0435796679153700, 45.99637944106186900, 2.218246302006743800 ) ) ;
#2102 = CARTESIAN_POINT ( 'NONE',  ( 104.3571396095069900, 58.96892296792488300, -0.8024978596747200900 ) ) ;
#2103 = APPLICATION_PROTOCOL_DEFINITION ( 'international standard', 'config_control_design', 1994, #1586 ) ;
#2104 = CARTESIAN_POINT ( 'NONE',  ( 31.83515538166267000, 53.43972686922339200, -3.279871937474486000 ) ) ;
#2105 = CARTESIAN_POINT ( 'NONE',  ( 170.6514491195347300, 59.12266932363134900, -2.560673383820360300E-006 ) ) ;
#2106 = ORIENTED_EDGE ( 'NONE', *, *, #1983, .T. ) ;
#2107 = CARTESIAN_POINT ( 'NONE',  ( 61.24713148247109700, 38.40519973331670700, -0.4794087563600635300 ) ) ;
#2108 = LOCAL_TIME ( 20, 22, 1.000000000000000000, #2252 ) ;
#2109 = CARTESIAN_POINT ( 'NONE',  ( 5.023366880364627300E-014, 14.38749456993807900, -14.38749456993823900 ) ) ;
#2110 = CARTESIAN_POINT ( 'NONE',  ( 36.46646163094816000, 45.41806901181923500, -4.927375642739444400 ) ) ;
#2111 = CARTESIAN_POINT ( 'NONE',  ( 170.6514491195347300, 51.10903333682295400, -2.008956943195538500 ) ) ;
#2112 = DESIGN_CONTEXT ( 'detailed design', #429, 'design' ) ;
#2113 = CARTESIAN_POINT ( 'NONE',  ( 140.0983646765794200, 49.21429391267341200, 2.778750006265322500 ) ) ;
#2114 = EDGE_CURVE ( 'NONE', #1431, #1047, #2821, .T. ) ;
#2115 = DATE_TIME_ROLE ( 'classification_date' ) ;
#2116 = CARTESIAN_POINT ( 'NONE',  ( 29.91189072872995800, 35.39424385517644800, -4.920784649256326300 ) ) ;
#2117 = ADVANCED_FACE ( 'NONE', ( #2778 ), #844, .T. ) ;
#2118 = AXIS2_PLACEMENT_3D ( 'NONE', #649, #2287, #2508 ) ;
#2119 = CARTESIAN_POINT ( 'NONE',  ( 110.5814478979720000, 44.95845896432604100, -0.8024978596747218700 ) ) ;
#2120 = APPROVAL_DATE_TIME ( #551, #83 ) ;
#2121 = CARTESIAN_POINT ( 'NONE',  ( 110.4436562703307100, 45.21540344578309600, 1.286981843030349900 ) ) ;
#2122 = DIRECTION ( 'NONE',  ( 0.4999999999999960000, 0.7071067811865515700, 0.4999999999999981100 ) ) ;
#2123 = CARTESIAN_POINT ( 'NONE',  ( 62.67641853687386100, 54.91335909665540500, -3.913619107855566400 ) ) ;
#2124 = CARTESIAN_POINT ( 'NONE',  ( 45.03778772937866400, 30.57209706384229600, -0.5237826322873416800 ) ) ;
#2125 = CARTESIAN_POINT ( 'NONE',  ( 44.14697081598514900, 32.11503744545178300, 2.397471379797566600 ) ) ;
#2126 = VERTEX_POINT ( 'NONE', #24 ) ;
#2127 = APPROVAL_ROLE ( '' ) ;
#2128 = CARTESIAN_POINT ( 'NONE',  ( 30.87858525242188200, 33.03942266050718500, -5.192177014671267800 ) ) ;
#2129 = AXIS2_PLACEMENT_3D ( 'NONE', #2041, #651, #2510 ) ;
#2130 = CARTESIAN_POINT ( 'NONE',  ( 0.0000000000000000000, 0.0000000000000000000, 0.0000000000000000000 ) ) ;
#2131 = CARTESIAN_POINT ( 'NONE',  ( 10.17349497468787000, 14.38749456993807900, 10.17349497468804700 ) ) ;
#2132 = CIRCLE ( 'NONE', #521, 23.50000000000000000 ) ;
#2133 = ADVANCED_FACE ( 'NONE', ( #1134, #2856, #1529, #2087 ), #1458, .T. ) ;
#2134 = CARTESIAN_POINT ( 'NONE',  ( 170.6514491195348700, 56.50666091654828400, -3.956818243939863100 ) ) ;
#2135 = VECTOR ( 'NONE', #947, 1000.000000000000000 ) ;
#2136 = CARTESIAN_POINT ( 'NONE',  ( 69.81373797131114100, 42.72156805276645700, -2.608034737943801100 ) ) ;
#2137 = FACE_OUTER_BOUND ( 'NONE', #2389, .T. ) ;
#2138 = AXIS2_PLACEMENT_3D ( 'NONE', #2081, #1150, #242 ) ;
#2139 = CARTESIAN_POINT ( 'NONE',  ( 45.06646457382344600, 30.52242733942571500, -0.1747974239545930200 ) ) ;
#2140 = CARTESIAN_POINT ( 'NONE',  ( 110.6652944645145700, 44.80471262164384400, -0.1190631294497143700 ) ) ;
#2141 = EDGE_LOOP ( 'NONE', ( #1527, #741, #600, #2879 ) ) ;
#2142 = CARTESIAN_POINT ( 'NONE',  ( 110.0435796679153700, 45.99637944106186900, 2.218246302006743800 ) ) ;
#2143 = CARTESIAN_POINT ( 'NONE',  ( 38.69060191920992500, 53.37311388222367000, -4.112000975220636800 ) ) ;
#2144 = ITEM_DEFINED_TRANSFORMATION ( 'NONE', 'NONE', #830,  #1963 ) ;
#2145 = CC_DESIGN_APPROVAL ( #1824, ( #884 ) ) ;
#2146 = CARTESIAN_POINT ( 'NONE',  ( 43.65914147640322100, 44.29894562320105700, 4.896369465382468500 ) ) ;
#2147 = DATE_TIME_ROLE ( 'creation_date' ) ;
#2148 = CARTESIAN_POINT ( 'NONE',  ( -8.923494974687953300, 16.15526152290446000, -8.923494974687981700 ) ) ;
#2149 = ADVANCED_FACE ( 'NONE', ( #778, #2959, #1655, #1940 ), #2170, .T. ) ;
#2150 = CARTESIAN_POINT ( 'NONE',  ( 22.41524365641970100, 22.41524366731417900, -5.409381626234210900 ) ) ;
#2151 = CARTESIAN_POINT ( 'NONE',  ( 49.83160370632689500, 33.18188578607655600, -0.5103630537966997700 ) ) ;
#2152 = B_SPLINE_CURVE_WITH_KNOTS ( 'NONE', 3,
 ( #172, #1377, #421, #2047 ),
 .UNSPECIFIED., .F., .F.,
 ( 4, 4 ),
 ( 0.0000000000000000000, 1.000000000000000000 ),
 .UNSPECIFIED. ) ;
#2153 = LOCAL_TIME ( 20, 22, 1.000000000000000000, #282 ) ;
#2154 = ORIENTED_EDGE ( 'NONE', *, *, #1100, .T. ) ;
#2155 = EDGE_CURVE ( 'NONE', #1647, #2247, #1303, .T. ) ;
#2156 = CARTESIAN_POINT ( 'NONE',  ( 140.2415454001212800, 48.76934561549637000, 2.307673112706154100 ) ) ;
#2157 = CARTESIAN_POINT ( 'NONE',  ( 0.0000000000000000000, 2.265596578422603400E-015, 0.0000000000000000000 ) ) ;
#2158 = CARTESIAN_POINT ( 'NONE',  ( -18.50000000000000000, 2.265596578422603800E-015, 0.0000000000000000000 ) ) ;
#2159 = CALENDAR_DATE ( 2021, 1, 6 ) ;
#2160 = ORIENTED_EDGE ( 'NONE', *, *, #2945, .T. ) ;
#2161 = CARTESIAN_POINT ( 'NONE',  ( 30.39701214396606200, 34.21850383063378600, -5.124057051005467900 ) ) ;
#2162 = AXIS2_PLACEMENT_3D ( 'NONE', #3016, #935, #204 ) ;
#2163 = ORIENTED_EDGE ( 'NONE', *, *, #1015, .T. ) ;
#2164 = ADVANCED_FACE ( 'NONE', ( #2362 ), #2238, .T. ) ;
#2165 = VERTEX_POINT ( 'NONE', #1139 ) ;
#2166 = CARTESIAN_POINT ( 'NONE',  ( 61.24768470522594300, 57.35065140799734000, -2.608034737943804700 ) ) ;
#2167 = ORIENTED_EDGE ( 'NONE', *, *, #2079, .T. ) ;
#2168 = APPROVAL_STATUS ( 'not_yet_approved' ) ;
#2169 = DIRECTION ( 'NONE',  ( -0.5000000000000055500, -0.7071067811865436900, 0.5000000000000002200 ) ) ;
#2170 = SPHERICAL_SURFACE ( 'NONE', #1229, 23.50000000000000000 ) ;
#2171 = CIRCLE ( 'NONE', #2048, 18.00000000000000400 ) ;
#2172 = LINE ( 'NONE', #473, #1425 ) ;
#2173 = CARTESIAN_POINT ( 'NONE',  ( 16.68064896818932400, 8.775195154523746800, 0.09146616038243239600 ) ) ;
#2174 = ADVANCED_FACE ( 'NONE', ( #3001 ), #1727, .T. ) ;
#2175 = ORIENTED_EDGE ( 'NONE', *, *, #1477, .F. ) ;
#2176 = CARTESIAN_POINT ( 'NONE',  ( 30.88350166161441700, 55.08803953223900900, -2.397470917352692200 ) ) ;
#2177 = EDGE_LOOP ( 'NONE', ( #2729, #143 ) ) ;
#2178 = CARTESIAN_POINT ( 'NONE',  ( 43.08193041544149100, 39.54792422985890000, 4.510829076338677800 ) ) ;
#2179 = CARTESIAN_POINT ( 'NONE',  ( 47.43415017224656800, 31.88466343945867700, 0.1725564767460574000 ) ) ;
#2180 = AXIS2_PLACEMENT_3D ( 'NONE', #956, #1873, #945 ) ;
#2181 = CARTESIAN_POINT ( 'NONE',  ( 43.19531748084064300, 33.76334944179429700, 3.279871937474482000 ) ) ;
#2182 = CARTESIAN_POINT ( 'NONE',  ( 44.57936145108743600, 31.36611456999534300, -1.800517121198657000 ) ) ;
#2183 = VERTEX_POINT ( 'NONE', #2053 ) ;
#2184 = CARTESIAN_POINT ( 'NONE',  ( 8.775195154524958200, 16.68064896819071700, 0.0000000000000000000 ) ) ;
#2185 = LOCAL_TIME ( 20, 22, 1.000000000000000000, #2026 ) ;
#2186 = CARTESIAN_POINT ( 'NONE',  ( 105.3933070042283200, 56.89471883126812200, -3.070299105220684500 ) ) ;
#2187 = APPROVAL ( #474, 'UNSPECIFIED' ) ;
#2188 = CARTESIAN_POINT ( 'NONE',  ( 138.0223782290815100, 57.61706639594929400, 2.778750006265320800 ) ) ;
#2189 = CARTESIAN_POINT ( 'NONE',  ( 110.5814478664709400, 44.95845906717556100, 0.8024978767645905000 ) ) ;
#2190 = CARTESIAN_POINT ( 'NONE',  ( 45.03778771821284700, 30.57209708318209700, -0.5237827289241598900 ) ) ;
#2191 = CARTESIAN_POINT ( 'NONE',  ( 24.69160970173847500, 18.08321402167535700, 2.388551504639371700 ) ) ;
#2192 = CARTESIAN_POINT ( 'NONE',  ( 27.08481446235066800, 41.49372940905689700, 0.4406529793512346500 ) ) ;
#2193 = PERSON_AND_ORGANIZATION ( #2725, #3031 ) ;
#2194 = PERSON_AND_ORGANIZATION ( #2725, #3031 ) ;
#2195 = CARTESIAN_POINT ( 'NONE',  ( 55.30681420707779200, 48.74306648891915500, 4.877447714656294200 ) ) ;
#2196 = CARTESIAN_POINT ( 'NONE',  ( 52.89366840053779800, 52.96112289276556600, 4.394680941183989600 ) ) ;
#2197 = CARTESIAN_POINT ( 'NONE',  ( 45.06646458560574300, 30.52242734622822300, 0.1747974239545943300 ) ) ;
#2198 = ORIENTED_EDGE ( 'NONE', *, *, #1640, .F. ) ;
#2199 = CARTESIAN_POINT ( 'NONE',  ( 21.59577321613154100, 23.96828184349673000, -5.059520985013557800 ) ) ;
#2200 = CARTESIAN_POINT ( 'NONE',  ( 16.67743713198114000, 8.778406990731923500, 0.2743934802053575300 ) ) ;
#2201 = CIRCLE ( 'NONE', #1760, 2.500000000000002200 ) ;
#2202 = EDGE_CURVE ( 'NONE', #59, #983, #2201, .T. ) ;
#2203 = CIRCLE ( 'NONE', #1973, 23.49999999999999600 ) ;
#2204 = CARTESIAN_POINT ( 'NONE',  ( 34.37826600984178800, 49.03493065993369300, 4.531520809076861900 ) ) ;
#2205 = CARTESIAN_POINT ( 'NONE',  ( 16.21956682308985600, 9.236277299625872000, -2.639234683947956100 ) ) ;
#2206 = CARTESIAN_POINT ( 'NONE',  ( 44.88304684919008000, 30.84011626127579900, 1.158525039789621400 ) ) ;
#2207 = CIRCLE ( 'NONE', #1004, 2.500000000000000900 ) ;
#2208 = CARTESIAN_POINT ( 'NONE',  ( 33.34553649778024500, 50.82366996879421400, -4.160230628279868400 ) ) ;
#2209 = B_SPLINE_CURVE_WITH_KNOTS ( 'NONE', 3,
 ( #1931, #1207, #2783, #1956 ),
 .UNSPECIFIED., .F., .F.,
 ( 4, 4 ),
 ( 0.0000000000000000000, 1.000000000000000000 ),
 .UNSPECIFIED. ) ;
#2210 = CARTESIAN_POINT ( 'NONE',  ( 14.25049050763125900, 11.20535361508152900, 5.198257320770804500 ) ) ;
#2211 = ORIENTED_EDGE ( 'NONE', *, *, #1795, .F. ) ;
#2212 = EDGE_CURVE ( 'NONE', #2789, #2967, #995, .T. ) ;
#2213 = CARTESIAN_POINT ( 'NONE',  ( 65.53071150345495300, 50.03610982575269600, 4.824163444503845700 ) ) ;
#2214 = CARTESIAN_POINT ( 'NONE',  ( 55.30681420707779200, 48.74306648891915500, 4.877447714656294200 ) ) ;
#2215 = AXIS2_PLACEMENT_3D ( 'NONE', #1293, #1786, #387 ) ;
#2216 = CARTESIAN_POINT ( 'NONE',  ( 28.91737003188882600, 37.72025306163477900, 4.099681056684909600 ) ) ;
#2217 = DATE_AND_TIME ( #2440, #1850 ) ;
#2218 = CARTESIAN_POINT ( 'NONE',  ( 8.797559094534646500, 16.65828502818103700, -0.6393613661824996100 ) ) ;
#2219 = DIRECTION ( 'NONE',  ( 0.0000000000000000000, 0.0000000000000000000, 1.000000000000000000 ) ) ;
#2220 = CARTESIAN_POINT ( 'NONE',  ( 18.50000000000000000, 2.265596578422603800E-015, -2.265596578422603800E-015 ) ) ;
#2221 = ORIENTED_EDGE ( 'NONE', *, *, #2512, .T. ) ;
#2222 = CARTESIAN_POINT ( 'NONE',  ( 41.66273456160784100, 47.95762468903241400, 4.896369465382472100 ) ) ;
#2223 = CARTESIAN_POINT ( 'NONE',  ( 43.08193041544149100, 39.54792422985890000, 4.510829076338677800 ) ) ;
#2224 = CONTEXT_DEPENDENT_SHAPE_REPRESENTATION ( #2842, #136 ) ;
#2225 = CARTESIAN_POINT ( 'NONE',  ( 34.37826574919689200, 49.03493111138393300, 4.531520734195068700 ) ) ;
#2226 = CARTESIAN_POINT ( 'NONE',  ( 27.87486863388531000, 39.95851229466696700, -2.634390242701617300 ) ) ;
#2227 = DIRECTION ( 'NONE',  ( 0.5000000000000088800, -0.7071067811865436900, -0.4999999999999967200 ) ) ;
#2228 = CALENDAR_DATE ( 2021, 1, 6 ) ;
#2229 = EDGE_LOOP ( 'NONE', ( #2514, #2488 ) ) ;
#2230 = EDGE_LOOP ( 'NONE', ( #453, #40, #2233, #1417, #568, #2832, #1817 ) ) ;
#2231 = CARTESIAN_POINT ( 'NONE',  ( 170.6514491195346200, 58.94593533306989700, 1.237186249581660800 ) ) ;
#2232 = CARTESIAN_POINT ( 'NONE',  ( 35.41991533952747100, 47.23074111674751700, 4.782048313499099200 ) ) ;
#2233 = ORIENTED_EDGE ( 'NONE', *, *, #1505, .F. ) ;
#2234 = CARTESIAN_POINT ( 'NONE',  ( 24.69160970173847500, 18.08321402167535700, 2.388551504639371700 ) ) ;
#2235 = ORIENTED_EDGE ( 'NONE', *, *, #1570, .T. ) ;
#2236 = CARTESIAN_POINT ( 'NONE',  ( 33.87702355871322600, 55.89418469924348900, 2.853612739349304500 ) ) ;
#2237 = CARTESIAN_POINT ( 'NONE',  ( -10.43332144554798000, 18.29047859482459900, -10.43332144554801400 ) ) ;
#2238 = SPHERICAL_SURFACE ( 'NONE', #822, 18.00000000000000000 ) ;
#2239 = CARTESIAN_POINT ( 'NONE',  ( -10.43332144554812200, 18.29047859482459200, 10.43332144554786500 ) ) ;
#2240 = VECTOR ( 'NONE', #117, 1000.000000000000000 ) ;
#2241 = CC_DESIGN_DATE_AND_TIME_ASSIGNMENT ( #128, #2115, ( #1025 ) ) ;
#2242 = CARTESIAN_POINT ( 'NONE',  ( 8.775195154525786000, 16.68064896819154100, -0.09146616038234452200 ) ) ;
#2243 = EDGE_CURVE ( 'NONE', #2183, #875, #919, .T. ) ;
#2244 = ORIENTED_EDGE ( 'NONE', *, *, #1684, .T. ) ;
#2245 = CARTESIAN_POINT ( 'NONE',  ( 31.83515587735814700, 53.43972652121905000, 3.279872142402648900 ) ) ;
#2246 = CARTESIAN_POINT ( 'NONE',  ( 27.17978494315904200, 41.31755880803677200, 0.9854704819205780700 ) ) ;
#2247 = VERTEX_POINT ( 'NONE', #872 ) ;
#2248 = CARTESIAN_POINT ( 'NONE',  ( 16.38587117147663400, 9.069972951239110500, 2.142712766577133300 ) ) ;
#2249 = DIRECTION ( 'NONE',  ( 1.000000000000000000, 0.0000000000000000000, 0.0000000000000000000 ) ) ;
#2250 = DIRECTION ( 'NONE',  ( 1.000000000000000000, 0.0000000000000000000, 0.0000000000000000000 ) ) ;
#2251 = VERTEX_POINT ( 'NONE', #890 ) ;
#2252 = COORDINATED_UNIVERSAL_TIME_OFFSET ( 5, 30, .AHEAD. ) ;
#2253 = CARTESIAN_POINT ( 'NONE',  ( 104.2864281161298700, 59.09870291715509400, 0.3569010706752745500 ) ) ;
#2254 = AXIS2_PLACEMENT_3D ( 'NONE', #105, #1750, #1464 ) ;
#2255 = CARTESIAN_POINT ( 'NONE',  ( 27.87486873702342600, 39.95851235421375200, 2.634390242701610200 ) ) ;
#2256 = CARTESIAN_POINT ( 'NONE',  ( 24.84553945611972700, 17.79336696142669500, 1.882709609711295400 ) ) ;
#2257 = DESIGN_CONTEXT ( 'detailed design', #3010, 'design' ) ;
#2258 = CARTESIAN_POINT ( 'NONE',  ( 50.88196380163045500, 56.45759870206726600, 3.100792621600340300 ) ) ;
#2259 = DIRECTION ( 'NONE',  ( -0.4999999999999984500, -0.7071067811865435800, -0.5000000000000071100 ) ) ;
#2260 = CC_DESIGN_PERSON_AND_ORGANIZATION_ASSIGNMENT ( #2377, #1408, ( #618 ) ) ;
#2261 = PLANE ( 'NONE',  #1937 ) ;
#2262 = APPROVAL_DATE_TIME ( #1296, #1137 ) ;
#2263 = CARTESIAN_POINT ( 'NONE',  ( 32.99272923883952300, 57.44273799909636600, 1.779869514239072400 ) ) ;
#2264 = CARTESIAN_POINT ( 'NONE',  ( 31.36015852421093800, 31.86034158468119400, 5.124057051005467000 ) ) ;
#2265 = CARTESIAN_POINT ( 'NONE',  ( 49.34237108804119000, 59.12266932112365900, -0.1599776591045193600 ) ) ;
#2266 = CARTESIAN_POINT ( 'NONE',  ( 55.91941943072134800, 189.1593777652249500, 177.6779348857608300 ) ) ;
#2267 = ORIENTED_EDGE ( 'NONE', *, *, #157, .T. ) ;
#2268 = EDGE_CURVE ( 'NONE', #1467, #1309, #1564, .T. ) ;
#2269 = DIRECTION ( 'NONE',  ( -1.000000000000000000, 0.0000000000000000000, 1.224646799147353500E-016 ) ) ;
#2270 = DIRECTION ( 'NONE',  ( 7.406550393246837400E-015, -0.7071067811865435800, -0.7071067811865514600 ) ) ;
#2271 = EDGE_LOOP ( 'NONE', ( #1173, #1791, #2450 ) ) ;
#2272 = CARTESIAN_POINT ( 'NONE',  ( 0.0000000000000000000, 2.265596578422603400E-015, 0.0000000000000000000 ) ) ;
#2273 = FACE_OUTER_BOUND ( 'NONE', #986, .T. ) ;
#2274 = CARTESIAN_POINT ( 'NONE',  ( 52.08609820743927800, 54.36749504665263500, 4.000752698364723700 ) ) ;
#2275 = CARTESIAN_POINT ( 'NONE',  ( 37.51523626358157800, 43.60153805870456300, -4.974972406183408900 ) ) ;
#2276 = CARTESIAN_POINT ( 'NONE',  ( 30.87858541575524300, 33.03942275480794400, 5.192177014671272200 ) ) ;
#2277 = CARTESIAN_POINT ( 'NONE',  ( 39.61055784531195900, 39.97233538037123400, 4.782048313499098300 ) ) ;
#2278 = CARTESIAN_POINT ( 'NONE',  ( 30.88350220812084900, 55.08803895886742200, 2.397471379797568400 ) ) ;
#2279 = DIRECTION ( 'NONE',  ( 0.0000000000000000000, 0.0000000000000000000, -1.000000000000000000 ) ) ;
#2280 = CIRCLE ( 'NONE', #1900, 18.50000000000000000 ) ;
#2281 = CARTESIAN_POINT ( 'NONE',  ( 1.250000000000008900, 1.767766952966379800, -1.249999999999978500 ) ) ;
#2282 = DIRECTION ( 'NONE',  ( 0.5000000000000033300, 0.7071067811865515700, -0.4999999999999911200 ) ) ;
#2283 = CC_DESIGN_PERSON_AND_ORGANIZATION_ASSIGNMENT ( #2683, #723, ( #857 ) ) ;
#2284 = CARTESIAN_POINT ( 'NONE',  ( 60.90427745731025100, 57.93761350098125000, -2.144654027453512400 ) ) ;
#2285 = CARTESIAN_POINT ( 'NONE',  ( 44.65539586310710300, 42.47636175411832200, -4.746882818718411600 ) ) ;
#2286 = CARTESIAN_POINT ( 'NONE',  ( 12.72792206135781800, 12.72792206135788500, 5.626586237797162900 ) ) ;
#2287 = DIRECTION ( 'NONE',  ( 0.7071067811865449100, 0.7071067811865501300, 0.0000000000000000000 ) ) ;
#2288 = CARTESIAN_POINT ( 'NONE',  ( 32.99272923883952300, 57.44273799909636600, 1.779869514239072400 ) ) ;
#2289 = DATE_AND_TIME ( #577, #2108 ) ;
#2290 = DIRECTION ( 'NONE',  ( -2.468850131082251100E-015, 0.7071067811865515700, 0.7071067811865435800 ) ) ;
#2291 = DIRECTION ( 'NONE',  ( -0.5000000000000054400, -0.7071067811865435800, 0.5000000000000001100 ) ) ;
#2292 = AXIS2_PLACEMENT_3D ( 'NONE', #228, #1620, #1400 ) ;
#2293 = CARTESIAN_POINT ( 'NONE',  ( 110.2499826073056100, 45.58749208942895600, -1.782614161566774100 ) ) ;
#2294 = CARTESIAN_POINT ( 'NONE',  ( 33.87702289929864500, 55.89418540634162700, -2.853612442041498600 ) ) ;
#2295 = CARTESIAN_POINT ( 'NONE',  ( 46.63127355657304200, 38.88345610540733300, -4.112000975220622600 ) ) ;
#2296 = CALENDAR_DATE ( 2021, 1, 6 ) ;
#2297 = CARTESIAN_POINT ( 'NONE',  ( 35.63823915809216900, 58.81553627162300300, 1.129895517375856900 ) ) ;
#2298 = CARTESIAN_POINT ( 'NONE',  ( -12.72792206135780700, -12.72792206135790300, 0.0000000000000000000 ) ) ;
#2299 = VERTEX_POINT ( 'NONE', #880 ) ;
#2300 = CC_DESIGN_APPROVAL ( #1732, ( #2569 ) ) ;
#2301 = CARTESIAN_POINT ( 'NONE',  ( 2.877919977996279500E-015, -2.000000000000004400, 23.49999999999999600 ) ) ;
#2302 = CARTESIAN_POINT ( 'NONE',  ( 107.8959862498776100, 50.90034301863162400, -4.541795283014546500 ) ) ;
#2303 = COORDINATED_UNIVERSAL_TIME_OFFSET ( 5, 30, .AHEAD. ) ;
#2304 = ORIENTED_EDGE ( 'NONE', *, *, #1341, .F. ) ;
#2305 = CARTESIAN_POINT ( 'NONE',  ( 46.95598415360844800, 32.71830375402737400, 1.779869514239091000 ) ) ;
#2306 = CARTESIAN_POINT ( 'NONE',  ( 170.6514491195347900, 58.80532545158202900, -1.631014553251576700 ) ) ;
#2307 = ORIENTED_EDGE ( 'NONE', *, *, #1505, .T. ) ;
#2308 = CARTESIAN_POINT ( 'NONE',  ( 42.66093771333799400, 46.12828497963948100, -4.945478900961973100 ) ) ;
#2309 = CARTESIAN_POINT ( 'NONE',  ( 140.6583717937152500, 47.70869097369723700, 0.09434267237537805100 ) ) ;
#2310 = CARTESIAN_POINT ( 'NONE',  ( 170.6514491195347300, 59.12266932379793600, -0.06962228744783774400 ) ) ;
#2311 = PERSON_AND_ORGANIZATION_ROLE ( 'design_supplier' ) ;
#2312 = EDGE_LOOP ( 'NONE', ( #1984, #598 ) ) ;
#2313 = EDGE_CURVE ( 'NONE', #1047, #1431, #1761, .T. ) ;
#2314 = CARTESIAN_POINT ( 'NONE',  ( -16.52271164185840000, 16.52271164185821600, 0.0000000000000000000 ) ) ;
#2315 = CARTESIAN_POINT ( 'NONE',  ( 42.53250508835321100, 34.91137363605387400, -3.727621118473927600 ) ) ;
#2316 = FACE_BOUND ( 'NONE', #3007, .T. ) ;
#2317 = AXIS2_PLACEMENT_3D ( 'NONE', #2575, #1162, #1623 ) ;
#2318 = CIRCLE ( 'NONE', #2464, 20.50000000000000000 ) ;
#2319 = CARTESIAN_POINT ( 'NONE',  ( 44.14697081598514900, 32.11503744545178300, 2.397471379797566600 ) ) ;
#2320 = CARTESIAN_POINT ( 'NONE',  ( 30.45111116244094200, 55.83696189198009600, -1.800516900519857800 ) ) ;
#2321 = CARTESIAN_POINT ( 'NONE',  ( 108.3237039006897400, 49.84837483110426600, -4.344743180864403700 ) ) ;
#2322 = VERTEX_POINT ( 'NONE', #1820 ) ;
#2323 = CARTESIAN_POINT ( 'NONE',  ( -1.250000000000000200, 1.767766952966379800, 1.249999999999987100 ) ) ;
#2324 = ORIENTED_EDGE ( 'NONE', *, *, #743, .F. ) ;
#2325 = APPROVAL_ROLE ( '' ) ;
#2326 = CARTESIAN_POINT ( 'NONE',  ( 32.49796782322521000, 52.29170200969852500, -3.727621291750256900 ) ) ;
#2327 = EDGE_LOOP ( 'NONE', ( #376, #535 ) ) ;
#2328 = CARTESIAN_POINT ( 'NONE',  ( 12.72792206135780700, 12.72792206135790100, 0.0000000000000000000 ) ) ;
#2329 = DIRECTION ( 'NONE',  ( 1.000000000000000000, 0.0000000000000000000, 0.0000000000000000000 ) ) ;
#2330 = CARTESIAN_POINT ( 'NONE',  ( 170.6514491195350200, 53.22867773104764000, -3.956818243939864900 ) ) ;
#2331 = CARTESIAN_POINT ( 'NONE',  ( 61.24713149106937500, 38.40519978222420900, 0.4794087966848203400 ) ) ;
#2332 = CARTESIAN_POINT ( 'NONE',  ( 170.6514491195347300, 59.09859128574490200, -0.4866731490825726400 ) ) ;
#2333 = CARTESIAN_POINT ( 'NONE',  ( 70.82627601544032800, 40.98712944321661700, -0.4551642815870081100 ) ) ;
#2334 = PERSON_AND_ORGANIZATION ( #770, #2940 ) ;
#2335 = CARTESIAN_POINT ( 'NONE',  ( 140.5475526927173700, 47.95168954055651500, 1.059208179091886800 ) ) ;
#2336 = EDGE_CURVE ( 'NONE', #1221, #2768, #2427, .T. ) ;
#2337 = CARTESIAN_POINT ( 'NONE',  ( 170.6514491195347300, 59.09859128574490200, -0.4866731490825726400 ) ) ;
#2338 = CARTESIAN_POINT ( 'NONE',  ( 27.61326801435507900, 40.48410935556959300, -2.140090379143193100 ) ) ;
#2339 = CARTESIAN_POINT ( 'NONE',  ( 32.51456310879272100, 58.27637824932871500, -6.334048099600653900E-006 ) ) ;
#2340 = AXIS2_PLACEMENT_3D ( 'NONE', #316, #788, #1258 ) ;
#2341 = CARTESIAN_POINT ( 'NONE',  ( 170.6514491195348200, 50.78940341599080500, -1.237186591991217500 ) ) ;
#2342 = CARTESIAN_POINT ( 'NONE',  ( 46.53092403482016000, 33.46168929784959500, 2.372749700481263400 ) ) ;
#2343 = CARTESIAN_POINT ( 'NONE',  ( 35.41991482671344500, 47.23074126056437200, -4.782048280539817700 ) ) ;
#2344 = LOCAL_TIME ( 20, 22, 1.000000000000000000, #835 ) ;
#2345 = CARTESIAN_POINT ( 'NONE',  ( 44.14697103928627800, 32.11503668547753400, -2.397470917352692200 ) ) ;
#2346 = CARTESIAN_POINT ( 'NONE',  ( 170.6514491195346500, 51.10903311770254500, 2.008956530031214400 ) ) ;
#2347 = CALENDAR_DATE ( 2021, 1, 6 ) ;
#2348 = CARTESIAN_POINT ( 'NONE',  ( 0.0000000000000000000, 0.0000000000000000000, 0.0000000000000000000 ) ) ;
#2349 = APPLICATION_PROTOCOL_DEFINITION ( 'international standard', 'config_control_design', 1994, #1384 ) ;
#2350 = CARTESIAN_POINT ( 'NONE',  ( 31.84527978103848200, 30.68460146868124000, -4.920784649256328100 ) ) ;
#2351 = CC_DESIGN_PERSON_AND_ORGANIZATION_ASSIGNMENT ( #2193, #189, ( #980 ) ) ;
#2352 = CARTESIAN_POINT ( 'NONE',  ( 0.0000000000000000000, 0.0000000000000000000, 0.0000000000000000000 ) ) ;
#2353 = CARTESIAN_POINT ( 'NONE',  ( 61.11719379273209500, 38.63000448554765900, -1.063857071290742900 ) ) ;
#2354 = ORIENTED_EDGE ( 'NONE', *, *, #2202, .T. ) ;
#2355 = ORIENTED_EDGE ( 'NONE', *, *, #501, .F. ) ;
#2356 = CARTESIAN_POINT ( 'NONE',  ( 61.27125707943310600, 38.36346351429239100, 0.1599775979345797500 ) ) ;
#2357 = ADVANCED_FACE ( 'NONE', ( #1028 ), #2712, .T. ) ;
#2358 = CARTESIAN_POINT ( 'NONE',  ( 107.4692937298927400, 51.96369095235739600, -4.608201605864679500 ) ) ;
#2359 = CARTESIAN_POINT ( 'NONE',  ( 110.5814478979720000, 44.95845896432604100, -0.8024978596747218700 ) ) ;
#2360 = VERTEX_POINT ( 'NONE', #2605 ) ;
#2361 = CARTESIAN_POINT ( 'NONE',  ( 59.73166453399695500, 41.02853423043244200, 3.100792621600349600 ) ) ;
#2362 = FACE_OUTER_BOUND ( 'NONE', #2271, .T. ) ;
#2363 = CARTESIAN_POINT ( 'NONE',  ( 104.4949311419074000, 58.71197868283488900, -1.286981836852812500 ) ) ;
#2364 = APPROVAL_STATUS ( 'not_yet_approved' ) ;
#2365 = CARTESIAN_POINT ( 'NONE',  ( 8.939356714608381400, 16.51648740810730200, -1.625328840279408200 ) ) ;
#2366 = CYLINDRICAL_SURFACE ( 'NONE', #2684, 2.500000000000001300 ) ;
#2367 = DIRECTION ( 'NONE',  ( 0.0000000000000000000, 0.0000000000000000000, -1.000000000000000000 ) ) ;
#2368 = CIRCLE ( 'NONE', #2420, 1.999999999999998200 ) ;
#2369 = CARTESIAN_POINT ( 'NONE',  ( 70.47937431162431200, 41.58285969787944200, -1.589361485146636400 ) ) ;
#2370 = CARTESIAN_POINT ( 'NONE',  ( 39.67454609051237200, 51.58854648402454800, -4.490137404818462100 ) ) ;
#2371 = CARTESIAN_POINT ( 'NONE',  ( 46.95598428628509400, 32.71830325481297300, -1.779869218677089000 ) ) ;
#2372 = CARTESIAN_POINT ( 'NONE',  ( 139.9181486327716500, 49.83165030182787100, 3.294445511520203600 ) ) ;
#2373 = EDGE_CURVE ( 'NONE', #983, #59, #1216, .T. ) ;
#2374 = CARTESIAN_POINT ( 'NONE',  ( 32.33720347958691100, 29.51605354796216600, -4.580158905294139200 ) ) ;
#2375 = ADVANCED_FACE ( 'NONE', ( #561 ), #139, .T. ) ;
#2376 = CARTESIAN_POINT ( 'NONE',  ( 104.2732930658142200, 59.12266932379233000, -4.370460729523387700E-006 ) ) ;
#2377 = PERSON_AND_ORGANIZATION ( #538, #2412 ) ;
#2378 = CARTESIAN_POINT ( 'NONE',  ( 62.07674152097217000, 55.93576978925045800, -3.457343355140677600 ) ) ;
#2379 = EDGE_CURVE ( 'NONE', #2930, #515, #294, .T. ) ;
#2380 = CARTESIAN_POINT ( 'NONE',  ( 139.7023565988091000, 50.65411287359706400, 3.788635337360975400 ) ) ;
#2381 = CARTESIAN_POINT ( 'NONE',  ( 0.0000000000000000000, 0.0000000000000000000, 0.0000000000000000000 ) ) ;
#2382 = ORIENTED_EDGE ( 'NONE', *, *, #2658, .F. ) ;
#2383 = PERSON_AND_ORGANIZATION ( #2725, #3031 ) ;
#2384 = CARTESIAN_POINT ( 'NONE',  ( 14.25049050763267600, 11.20535361508303800, -5.198257320770791200 ) ) ;
#2385 = AXIS2_PLACEMENT_3D ( 'NONE', #906, #191, #2743 ) ;
#2386 = ADVANCED_FACE ( 'NONE', ( #2273 ), #493, .T. ) ;
#2387 = CALENDAR_DATE ( 2021, 1, 6 ) ;
#2389 = EDGE_LOOP ( 'NONE', ( #439, #1521, #688, #658 ) ) ;
#2388 = CARTESIAN_POINT ( 'NONE',  ( 33.34553619716165000, 50.82367048948101000, -4.160230501050889100 ) ) ;
#2390 = VERTEX_POINT ( 'NONE', #1679 ) ;
#2391 = CARTESIAN_POINT ( 'NONE',  ( 41.68493606410457600, 36.37940686291031500, 4.160230755508901100 ) ) ;
#2392 = DATE_TIME_ROLE ( 'classification_date' ) ;
#2393 = CARTESIAN_POINT ( 'NONE',  ( 47.43415016655485800, 31.88466343617257000, 0.0000000000000000000 ) ) ;
#2394 = CARTESIAN_POINT ( 'NONE',  ( 24.00615733564772100, 19.39053014891950600, -4.039131485089951600 ) ) ;
#2395 = CARTESIAN_POINT ( 'NONE',  ( 44.14697103928627800, 32.11503668547753400, -2.397470917352692200 ) ) ;
#2396 = VECTOR ( 'NONE', #1774, 1000.000000000000000 ) ;
#2397 = CARTESIAN_POINT ( 'NONE',  ( 33.41778886381857200, 56.69935303796943100, -2.372749386009950900 ) ) ;
#2398 = FACE_OUTER_BOUND ( 'NONE', #200, .T. ) ;
#2399 = MANIFOLD_SOLID_BREP ( 'Loft2', #1024 ) ;
#2400 = CARTESIAN_POINT ( 'NONE',  ( 109.8316416906464800, 46.42965811902732300, 2.606389695381093700 ) ) ;
#2401 =( REPRESENTATION_RELATIONSHIP ('NONE','NONE', #680, #2687 ) REPRESENTATION_RELATIONSHIP_WITH_TRANSFORMATION ( #1775 )SHAPE_REPRESENTATION_RELATIONSHIP( ) );
#2402 = DIRECTION ( 'NONE',  ( 0.0000000000000000000, 0.0000000000000000000, -1.000000000000000000 ) ) ;
#2403 = DIRECTION ( 'NONE',  ( 0.7071067811865449100, 0.7071067811865502400, -0.0000000000000000000 ) ) ;
#2404 = AXIS2_PLACEMENT_3D ( 'NONE', #2314, #1322, #2968 ) ;
#2405 = ORIENTED_EDGE ( 'NONE', *, *, #1733, .T. ) ;
#2406 = CARTESIAN_POINT ( 'NONE',  ( 13.50398241508895400, 11.95186170762674600, -5.517419855254215300 ) ) ;
#2407 = DIRECTION ( 'NONE',  ( -0.4999999999999925600, 0.7071067811865515700, -0.5000000000000015500 ) ) ;
#2408 = CARTESIAN_POINT ( 'NONE',  ( 104.6886048778589900, 58.33988982993862700, -1.782614161566773400 ) ) ;
#2409 = CC_DESIGN_APPROVAL ( #83, ( #1025 ) ) ;
#2410 = CARTESIAN_POINT ( 'NONE',  ( 60.12460378410286700, 40.34772448677964700, 2.704207420400675400 ) ) ;
#2411 = EDGE_CURVE ( 'NONE', #2126, #1205, #704, .T. ) ;
#2412 = ORGANIZATION ( 'NAUO-ORG1', 'UNSPECIFIED', 'UNSPECIFIED' ) ;
#2413 = CARTESIAN_POINT ( 'NONE',  ( 25.14558745001316700, 17.24013363691369300, -0.1192432482398219400 ) ) ;
#2414 = CARTESIAN_POINT ( 'NONE',  ( 49.85902792699561600, 33.13390081278274100, 0.0000000000000000000 ) ) ;
#2415 = CARTESIAN_POINT ( 'NONE',  ( 36.34165830748139600, 57.57645564899411300, -2.348027787830691900 ) ) ;
#2416 = CARTESIAN_POINT ( 'NONE',  ( 140.4507157932695000, 48.18844784351909300, 1.509900192124231200 ) ) ;
#2417 = CARTESIAN_POINT ( 'NONE',  ( -1.689112206942688800E-013, 12.61972761697170000, 16.15526152290459900 ) ) ;
#2418 = APPROVAL_DATE_TIME ( #1552, #1113 ) ;
#2419 = CARTESIAN_POINT ( 'NONE',  ( 24.84553942269182900, 17.79336694212701500, -1.882709609711300700 ) ) ;
#2420 = AXIS2_PLACEMENT_3D ( 'NONE', #1362, #1605, #158 ) ;
#2421 = DIRECTION ( 'NONE',  ( 0.7071067811865500200, -0.7071067811865449100, 0.0000000000000000000 ) ) ;
#2422 = ADVANCED_FACE ( 'NONE', ( #75 ), #2886, .F. ) ;
#2423 = CC_DESIGN_DATE_AND_TIME_ASSIGNMENT ( #151, #2392, ( #618 ) ) ;
#2424 = ORIENTED_EDGE ( 'NONE', *, *, #1835, .T. ) ;
#2425 = CARTESIAN_POINT ( 'NONE',  ( 42.66093802043295100, 46.12828515694096900, 4.945478767604739400 ) ) ;
#2426 = CARTESIAN_POINT ( 'NONE',  ( 44.57936145108743600, 31.36611456999534300, -1.800517121198657000 ) ) ;
#2427 = CIRCLE ( 'NONE', #2118, 6.000000000000000900 ) ;
#2428 = CARTESIAN_POINT ( 'NONE',  ( 30.45111141141598300, 55.83696174102247800, 1.800517121198662600 ) ) ;
#2429 = CIRCLE ( 'NONE', #596, 18.50000000000000000 ) ;
#2430 = CIRCLE ( 'NONE', #1957, 18.00000000000000400 ) ;
#2431 = ORIENTED_EDGE ( 'NONE', *, *, #2754, .T. ) ;
#2432 = EDGE_CURVE ( 'NONE', #485, #2930, #2694, .T. ) ;
#2433 = CARTESIAN_POINT ( 'NONE',  ( 36.86678315270603400, 50.61311762470496200, 4.510829076338687600 ) ) ;
#2434 = CARTESIAN_POINT ( 'NONE',  ( 25.14558745001316700, 17.24013363691369300, -0.1192432482398219400 ) ) ;
#2435 = AXIS2_PLACEMENT_3D ( 'NONE', #2779, #1707, #1027 ) ;
#2436 = CARTESIAN_POINT ( 'NONE',  ( 33.26925091489400900, 27.40912629906458900, 3.574259188820802600 ) ) ;
#2437 = ADVANCED_FACE ( 'NONE', ( #4 ), #443, .T. ) ;
#2438 = ORIENTED_EDGE ( 'NONE', *, *, #1409, .F. ) ;
#2439 = CARTESIAN_POINT ( 'NONE',  ( 19.69423496044089500, 27.57343301128482300, -0.3575232297783062000 ) ) ;
#2440 = CALENDAR_DATE ( 2021, 1, 6 ) ;
#2441 = CC_DESIGN_SECURITY_CLASSIFICATION ( #1488, ( #2736 ) ) ;
#2442 = CARTESIAN_POINT ( 'NONE',  ( 39.97435679820202400, 45.08052093543893300, 4.960225550400735100 ) ) ;
#2443 = CARTESIAN_POINT ( 'NONE',  ( 138.6331664562071400, 55.29283407559147200, 4.150780613453148900 ) ) ;
#2444 = CARTESIAN_POINT ( 'NONE',  ( 33.61887312453908500, 26.66543547093797200, -3.066326186298971900 ) ) ;
#2445 = CARTESIAN_POINT ( 'NONE',  ( 16.51648740810723100, 8.939356714608511100, 1.625328840279405100 ) ) ;
#2446 = CARTESIAN_POINT ( 'NONE',  ( 27.06710665313259100, 41.52639950274520700, -0.1470203360972077700 ) ) ;
#2447 = CARTESIAN_POINT ( 'NONE',  ( 36.86678315270603400, 50.61311762470496200, 4.510829076338687600 ) ) ;
#2448 = CARTESIAN_POINT ( 'NONE',  ( 170.6514491195349000, 54.86766932379800500, 4.282846290646467900 ) ) ;
#2449 = CARTESIAN_POINT ( 'NONE',  ( 19.74468826717702200, 27.48176566491110900, 0.8124159240515392800 ) ) ;
#2450 = ORIENTED_EDGE ( 'NONE', *, *, #1733, .F. ) ;
#2451 = CARTESIAN_POINT ( 'NONE',  ( 30.14742601331315100, 56.36296004974185100, -1.158525039789617000 ) ) ;
#2452 = DIRECTION ( 'NONE',  ( 0.0000000000000000000, -1.000000000000000000, -0.0000000000000000000 ) ) ;
#2453 = CARTESIAN_POINT ( 'NONE',  ( 15.54120081754875600, 9.914643305168308300, -3.978581913494992200 ) ) ;
#2454 = VECTOR ( 'NONE', #2548, 1000.000000000000000 ) ;
#2455 = CARTESIAN_POINT ( 'NONE',  ( 108.3237037932220200, 49.84837503035593200, 4.344743091500217400 ) ) ;
#2456 = CARTESIAN_POINT ( 'NONE',  ( 8.845142070419445400, 16.61070205229622900, 1.092283404460681100 ) ) ;
#2457 = FACE_OUTER_BOUND ( 'NONE', #2230, .T. ) ;
#2458 = CARTESIAN_POINT ( 'NONE',  ( 32.33720363141838300, 29.51605363562229200, 4.580158905294133800 ) ) ;
#2459 = DIRECTION ( 'NONE',  ( -0.0000000000000000000, 1.000000000000000000, 0.0000000000000000000 ) ) ;
#2460 = EDGE_LOOP ( 'NONE', ( #1616, #1283, #1597, #2628 ) ) ;
#2461 = EDGE_CURVE ( 'NONE', #2036, #526, #1061, .T. ) ;
#2462 = CARTESIAN_POINT ( 'NONE',  ( 12.93332144554805100, 14.75494468889183800, -12.93332144554791400 ) ) ;
#2463 = CARTESIAN_POINT ( 'NONE',  ( 38.69060275281463400, 53.37311304915827000, 4.112001076108772900 ) ) ;
#2464 = AXIS2_PLACEMENT_3D ( 'NONE', #653, #2755, #635 ) ;
#2465 = CARTESIAN_POINT ( 'NONE',  ( 30.39701230609688300, 34.21850392424010300, 5.124057051005464400 ) ) ;
#2466 = DIRECTION ( 'NONE',  ( 0.7071067811865433500, 0.7071067811865517900, 0.0000000000000000000 ) ) ;
#2467 = APPROVAL_PERSON_ORGANIZATION ( #1448, #1824, #32 ) ;
#2468 = DIRECTION ( 'NONE',  ( 0.7071067811865433500, 0.7071067811865517900, 0.0000000000000000000 ) ) ;
#2469 = CARTESIAN_POINT ( 'NONE',  ( 8.845142070420275000, 16.61070205229703600, -1.092283404460696800 ) ) ;
#2470 = CARTESIAN_POINT ( 'NONE',  ( 170.6514491195346700, 58.62630552989329400, 2.008956530031209100 ) ) ;
#2471 = CARTESIAN_POINT ( 'NONE',  ( 33.34553677820240800, 50.82367013069621500, 4.160230628279866700 ) ) ;
#2472 = CARTESIAN_POINT ( 'NONE',  ( 9.914643305167484000, 15.54120081754821000, 3.978581913494994000 ) ) ;
#2473 = DATE_AND_TIME ( #619, #2875 ) ;
#2474 = EDGE_CURVE ( 'NONE', #2846, #2768, #1794, .T. ) ;
#2475 = DIRECTION ( 'NONE',  ( -0.7071067811865514600, -0.7071067811865435800, 0.0000000000000000000 ) ) ;
#2476 = AXIS2_PLACEMENT_3D ( 'NONE', #397, #645, #2282 ) ;
#2477 = CARTESIAN_POINT ( 'NONE',  ( 29.99268515545631400, 56.63097920849588700, 0.5237828255610528200 ) ) ;
#2478 = CARTESIAN_POINT ( 'NONE',  ( 31.84527993944709900, 30.68460156013868500, 4.920784649256326300 ) ) ;
#2479 = EDGE_LOOP ( 'NONE', ( #2543, #224, #1938, #1465 ) ) ;
#2480 = CARTESIAN_POINT ( 'NONE',  ( 44.14697100843703500, 32.11503711211511100, 2.397471148575077000 ) ) ;
#2481 = DIRECTION ( 'NONE',  ( 0.0000000000000000000, 0.0000000000000000000, 1.000000000000000000 ) ) ;
#2482 = VECTOR ( 'NONE', #2881, 1000.000000000000000 ) ;
#2483 = DIRECTION ( 'NONE',  ( 0.0000000000000000000, 0.0000000000000000000, -1.000000000000000000 ) ) ;
#2484 = CC_DESIGN_DATE_AND_TIME_ASSIGNMENT ( #246, #1845, ( #2955 ) ) ;
#2485 = FACE_OUTER_BOUND ( 'NONE', #221, .T. ) ;
#2486 = EDGE_LOOP ( 'NONE', ( #2851, #20, #1525, #1653 ) ) ;
#2487 = CARTESIAN_POINT ( 'NONE',  ( 37.25018737339981100, 55.96086649939057600, 3.225714554103709100 ) ) ;
#2488 = ORIENTED_EDGE ( 'NONE', *, *, #2754, .F. ) ;
#2489 = CARTESIAN_POINT ( 'NONE',  ( 67.66694628390469300, 46.38402809098580800, -4.319916175288179600 ) ) ;
#2490 = CARTESIAN_POINT ( 'NONE',  ( 23.62866872775051200, 20.11175426103417900, 4.628797076393198000 ) ) ;
#2491 = CARTESIAN_POINT ( 'NONE',  ( 33.41778939626006200, 56.69935247757867800, 2.372749700481266500 ) ) ;
#2492 = CARTESIAN_POINT ( 'NONE',  ( 10.17349497468787000, 14.38749456993807900, 10.17349497468804700 ) ) ;
#2493 = DIRECTION ( 'NONE',  ( -0.7071067811865501300, 0.7071067811865448000, 0.0000000000000000000 ) ) ;
#2494 = CARTESIAN_POINT ( 'NONE',  ( 16.65828502818159900, 8.797559094535412100, -0.6393613661825127100 ) ) ;
#2495 = APPROVAL_PERSON_ORGANIZATION ( #2377, #2936, #761 ) ;
#2496 = CARTESIAN_POINT ( 'NONE',  ( 49.49643447751316900, 58.85612817421219500, 1.063857241362587300 ) ) ;
#2497 = CARTESIAN_POINT ( 'NONE',  ( 54.50383772870925700, 50.14832406541437100, -4.824849594149539700 ) ) ;
#2498 = CARTESIAN_POINT ( 'NONE',  ( 38.56401113130025500, 41.78500747284480400, 4.927375648881092500 ) ) ;
#2499 = CARTESIAN_POINT ( 'NONE',  ( 60.35279478684474700, 58.88285256258847500, 1.012133782927221900 ) ) ;
#2500 = CARTESIAN_POINT ( 'NONE',  ( 8.485281374238571300, 2.862293735361731700E-014, 7.347880794884121700E-016 ) ) ;
#2501 = CC_DESIGN_PERSON_AND_ORGANIZATION_ASSIGNMENT ( #2912, #2088, ( #740 ) ) ;
#2502 = CARTESIAN_POINT ( 'NONE',  ( 170.6514491195347300, 50.61266932379794500, -1.931235119739804800E-016 ) ) ;
#2503 = DIRECTION ( 'NONE',  ( 7.406550393246760100E-015, 0.7071067811865517900, -0.7071067811865433500 ) ) ;
#2504 = CARTESIAN_POINT ( 'NONE',  ( 137.4689386074879600, 59.10895707930154000, -0.2828823603210980400 ) ) ;
#2505 = ADVANCED_BREP_SHAPE_REPRESENTATION ( '', ( #2399, #1963 ), #2861 ) ;
#2506 = CARTESIAN_POINT ( 'NONE',  ( 45.64732936282854300, 40.66802349064918300, -4.490137404818471000 ) ) ;
#2507 = CARTESIAN_POINT ( 'NONE',  ( 22.41524370797303700, 22.41524369707858000, 5.409381626234218000 ) ) ;
#2508 = DIRECTION ( 'NONE',  ( -0.7071067811865501300, 0.7071067811865448000, 0.0000000000000000000 ) ) ;
#2509 = CARTESIAN_POINT ( 'NONE',  ( 60.23514676346426500, 59.08509007664940100, -0.4551642815870009500 ) ) ;
#2510 = DIRECTION ( 'NONE',  ( 1.000000000000000000, 0.0000000000000000000, 0.0000000000000000000 ) ) ;
#2511 = ORIENTED_EDGE ( 'NONE', *, *, #2079, .F. ) ;
#2512 = EDGE_CURVE ( 'NONE', #436, #2896, #2092, .T. ) ;
#2513 = DIRECTION ( 'NONE',  ( -0.5000000000000000000, 0.7071067811865513500, 0.4999999999999943900 ) ) ;
#2514 = ORIENTED_EDGE ( 'NONE', *, *, #1218, .F. ) ;
#2515 = CARTESIAN_POINT ( 'NONE',  ( 60.50634107036372500, 39.68688920819686700, -2.233980108552474400 ) ) ;
#2516 = AXIS2_PLACEMENT_3D ( 'NONE', #2381, #1675, #744 ) ;
#2517 = CARTESIAN_POINT ( 'NONE',  ( 29.96400828867987400, 56.68064897159199900, 0.1747974573728646500 ) ) ;
#2518 = CARTESIAN_POINT ( 'NONE',  ( 139.7023567024385200, 50.65411292076539200, -3.788635509256000700 ) ) ;
#2519 = CARTESIAN_POINT ( 'NONE',  ( 110.6652944664008900, 44.80471262273290700, 0.0000000000000000000 ) ) ;
#2520 = CIRCLE ( 'NONE', #1688, 2.500000000000001300 ) ;
#2521 = CARTESIAN_POINT ( 'NONE',  ( 137.6700271094818200, 58.64291246342356300, 1.509900192124227700 ) ) ;
#2522 = DIRECTION ( 'NONE',  ( 1.000000000000000000, 0.0000000000000000000, 0.0000000000000000000 ) ) ;
#2523 = CYLINDRICAL_SURFACE ( 'NONE', #646, 2.500000000000001300 ) ;
#2524 = EDGE_LOOP ( 'NONE', ( #125, #346 ) ) ;
#2525 = CARTESIAN_POINT ( 'NONE',  ( 45.64732936282854300, 40.66802349064918300, -4.490137404818471000 ) ) ;
#2526 = DIRECTION ( 'NONE',  ( -2.468850131082279100E-015, -0.7071067811865435800, 0.7071067811865514600 ) ) ;
#2527 = ORIENTED_EDGE ( 'NONE', *, *, #2379, .F. ) ;
#2528 = CARTESIAN_POINT ( 'NONE',  ( 170.6514491195347900, 58.62630531077294900, -2.008956943195541600 ) ) ;
#2529 = CARTESIAN_POINT ( 'NONE',  ( 170.6514491195345300, 54.86766932379789800, -4.282846278732774800 ) ) ;
#2530 = CARTESIAN_POINT ( 'NONE',  ( 35.92854339950237400, 58.30567995275944800, 1.759221753437079800 ) ) ;
#2531 = APPROVAL_ROLE ( '' ) ;
#2532 = CARTESIAN_POINT ( 'NONE',  ( 1.201616447507226500E-031, -4.011548038196366400E-015, 0.0000000000000000000 ) ) ;
#2533 = ORIENTED_EDGE ( 'NONE', *, *, #260, .F. ) ;
#2534 = AXIS2_PLACEMENT_3D ( 'NONE', #588, #2459, #95 ) ;
#2535 = CARTESIAN_POINT ( 'NONE',  ( 56.91391564072451800, 45.93181567725604700, -4.665768586035193600 ) ) ;
#2536 = DIRECTION ( 'NONE',  ( -0.0000000000000000000, 0.0000000000000000000, 1.000000000000000000 ) ) ;
#2537 = DIRECTION ( 'NONE',  ( 0.0000000000000000000, 0.0000000000000000000, -1.000000000000000000 ) ) ;
#2538 = CARTESIAN_POINT ( 'NONE',  ( 29.96400827689757300, 56.68064896478949100, -0.1747973905363485200 ) ) ;
#2539 = CARTESIAN_POINT ( 'NONE',  ( 60.86363830538261500, 39.06866345446352500, -1.663967603232593400 ) ) ;
#2540 = CARTESIAN_POINT ( 'NONE',  ( 25.13625240395168000, 17.25705435310770100, 0.3575232297783022500 ) ) ;
#2541 = PERSON_AND_ORGANIZATION_ROLE ( 'design_supplier' ) ;
#2542 = CARTESIAN_POINT ( 'NONE',  ( 28.13829742792394100, 39.41340987756947800, -3.066326186298974100 ) ) ;
#2543 = ORIENTED_EDGE ( 'NONE', *, *, #1169, .F. ) ;
#2544 = CC_DESIGN_PERSON_AND_ORGANIZATION_ASSIGNMENT ( #1711, #914, ( #2955 ) ) ;
#2545 = DATE_AND_TIME ( #764, #1368 ) ;
#2546 = EDGE_CURVE ( 'NONE', #1140, #485, #1831, .T. ) ;
#2547 = DIRECTION ( 'NONE',  ( 0.0000000000000000000, 0.0000000000000000000, -1.000000000000000000 ) ) ;
#2548 = DIRECTION ( 'NONE',  ( 7.406550393246837400E-015, -0.7071067811865435800, -0.7071067811865514600 ) ) ;
#2549 = CARTESIAN_POINT ( 'NONE',  ( 108.7532642690896000, 48.81952561259753100, -4.016893450055937000 ) ) ;
#2550 = PERSON_AND_ORGANIZATION ( #2725, #3031 ) ;
#2551 = DIRECTION ( 'NONE',  ( -0.7071067811865449100, -0.7071067811865501300, -0.0000000000000000000 ) ) ;
#2552 = CARTESIAN_POINT ( 'NONE',  ( 70.82627602200082600, 40.98712948677908900, 0.4551643113800297200 ) ) ;
#2553 = CARTESIAN_POINT ( 'NONE',  ( 137.4623710919256900, 59.12266932336645200, -0.09434270844877569500 ) ) ;
#2554 = CARTESIAN_POINT ( 'NONE',  ( 47.25417409255114600, 32.19814249086969200, -1.144210117848685200 ) ) ;
#2555 = CARTESIAN_POINT ( 'NONE',  ( 110.4436562703307100, 45.21540344578309600, 1.286981843030349900 ) ) ;
#2556 = DIRECTION ( 'NONE',  ( 7.406550393246837400E-015, -0.7071067811865435800, -0.7071067811865514600 ) ) ;
#2557 = APPROVAL_STATUS ( 'not_yet_approved' ) ;
#2558 = CARTESIAN_POINT ( 'NONE',  ( 8.845142070419449000, 16.61070205229623700, -1.092283404460679300 ) ) ;
#2559 = DIRECTION ( 'NONE',  ( -0.7071067811865449100, -0.7071067811865501300, -0.0000000000000000000 ) ) ;
#2560 = CARTESIAN_POINT ( 'NONE',  ( 41.01380832506654900, 43.22775224444891500, -4.911872646065041300 ) ) ;
#2561 = LINE ( 'NONE', #1510, #625 ) ;
#2562 = LINE ( 'NONE', #1420, #1386 ) ;
#2563 = DIRECTION ( 'NONE',  ( -0.0000000000000000000, -1.000000000000000000, -0.0000000000000000000 ) ) ;
#2564 = CARTESIAN_POINT ( 'NONE',  ( 53.69971228866674600, 51.55431702070171700, -4.665768586035203400 ) ) ;
#2565 = FACE_BOUND ( 'NONE', #2327, .T. ) ;
#2566 = CARTESIAN_POINT ( 'NONE',  ( 48.53461741298795600, 35.47056432601312500, -2.826996059485923600 ) ) ;
#2567 = ORIENTED_EDGE ( 'NONE', *, *, #2432, .T. ) ;
#2568 = CARTESIAN_POINT ( 'NONE',  ( 170.6514491195347300, 50.61612741450987600, 0.2088635598753538200 ) ) ;
#2569 = SECURITY_CLASSIFICATION ( '', '', #964 ) ;
#2570 = CARTESIAN_POINT ( 'NONE',  ( -1.912764323772344500E-013, 14.75494468889183800, 18.29047859482476200 ) ) ;
#2571 = PERSON_AND_ORGANIZATION_ROLE ( 'classification_officer' ) ;
#2572 = CARTESIAN_POINT ( 'NONE',  ( 11.20535361508292700, 14.25049050763277800, -5.198257320770787600 ) ) ;
#2573 = ADVANCED_FACE ( 'NONE', ( #602 ), #215, .F. ) ;
#2574 = CARTESIAN_POINT ( 'NONE',  ( 49.85902792150011500, 33.13390080960991200, -0.1703156280785918200 ) ) ;
#2575 = CARTESIAN_POINT ( 'NONE',  ( 0.0000000000000000000, 0.0000000000000000000, 0.0000000000000000000 ) ) ;
#2576 = CARTESIAN_POINT ( 'NONE',  ( 45.03778774235285500, 30.57209712290564200, 0.5237828255610598200 ) ) ;
#2577 = CARTESIAN_POINT ( 'NONE',  ( 106.6148835599111200, 54.07900707408114000, -4.344743180864409000 ) ) ;
#2578 = CARTESIAN_POINT ( 'NONE',  ( 44.57936157869784900, 31.36611434896757800, -1.800516900519838900 ) ) ;
#2579 = APPROVAL_PERSON_ORGANIZATION ( #1476, #1732, #1197 ) ;
#2580 = CARTESIAN_POINT ( 'NONE',  ( 44.94020761989352100, 36.25809486980464400, 3.701192382764037200 ) ) ;
#2581 = EDGE_CURVE ( 'NONE', #2322, #2896, #2061, .T. ) ;
#2582 = APPROVAL_STATUS ( 'not_yet_approved' ) ;
#2583 = CARTESIAN_POINT ( 'NONE',  ( 22.41524365641970100, 22.41524366731417900, -5.409381626234210900 ) ) ;
#2584 = CARTESIAN_POINT ( 'NONE',  ( 170.6514491195347300, 50.61266932379794500, -0.06962228744783688400 ) ) ;
#2585 = B_SPLINE_SURFACE_WITH_KNOTS ( 'NONE', 3, 3, ( 
 ( #232, #1378, #1366, #2801, #3037, #687, #479, #718 ),
 ( #1610, #194, #1595, #455, #2356, #675, #205, #1853 ),
 ( #2788, #909, #948, #2552, #2331, #2083, #1154, #2576 ),
 ( #1179, #3028, #1403, #2069, #1624, #217, #1865, #469 ),
 ( #15, #1650, #2121, #2098, #244, #494, #2305, #898 ),
 ( #2760, #1356, #3004, #1840, #700, #437, #2342, #2319 ),
 ( #1453, #1703, #2142, #2854, #2410, #998, #1921, #298 ),
 ( #975, #2156, #2400, #1897, #2598, #278, #528, #989 ),
 ( #1223, #742, #1445, #56, #286, #1214, #2862, #537 ),
 ( #760, #1457, #41, #1913, #1436, #1704, #2828, #2391 ),
 ( #2836, #2380, #1428, #2616, #1932, #544, #2178, #775 ),
 ( #2591, #1663, #1685, #1196, #1672, #969, #1419, #31 ),
 ( #258, #1203, #270, #1905, #519, #2146, #49, #754 ),
 ( #2609, #2841, #801, #2213, #2195, #109, #2442, #1264 ),
 ( #1273, #1043, #1237, #2870, #564, #2222, #1753, #2649 ),
 ( #1965, #1468, #593, #84, #2876, #1255, #1245, #813 ),
 ( #342, #71, #1497, #1742, #2641, #2889, #2447, #823 ),
 ( #2659, #307, #1985, #1944, #334, #91, #2632, #554 ),
 ( #1734, #2188, #785, #2898, #324, #573, #1989, #1773 ),
 ( #2700, #1048, #1301, #608, #2258, #2922, #854, #2674 ),
 ( #377, #137, #1278, #2910, #1517, #358, #2236, #2951 ),
 ( #155, #2521, #2040, #1577, #166, #1349, #2491, #2278 ),
 ( #404, #650, #660, #1832, #891, #2530, #2288, #1121 ),
 ( #428, #188, #1108, #2499, #1822, #2297, #2709, #1308 ),
 ( #1548, #2995, #631, #177, #1329, #414, #148, #1319 ),
 ( #2064, #671, #2742, #2054, #882, #1804, #2751, #1585 ),
 ( #2310, #904, #1792, #394, #2265, #2024, #873, #384 ),
 ( #2733, #2965, #864, #2509, #1556, #1337, #1089, #2721 ),
 ( #2337, #1186, #2102, #6, #1383, #733, #225, #707 ),
 ( #1170, #2806, #2363, #444, #681, #1397, #1641, #1882 ),
 ( #69, #2869, #2408, #759, #1454, #2415, #2397, #2176 ),
 ( #2607, #1670, #1212, #2166, #996, #2623, #1228, #1930 ),
 ( #773, #1426, #1442, #306, #2839, #267, #55, #552 ),
 ( #1693, #63, #2186, #2378, #968, #2597, #2852, #1201 ),
 ( #2833, #39, #1903, #518, #985, #2143, #751, #2388 ),
 ( #974, #1682, #277, #1912, #2614, #1222, #3006, #1106 ),
 ( #413, #1316, #2072, #2971, #1326, #1566, #164, #2062 ),
 ( #1598, #1554, #2993, #1583, #2497, #870, #2030, #174 ),
 ( #2529, #1808, #440, #153, #1819, #2308, #196, #2275 ),
 ( #677, #401, #2961, #2717, #1358, #1802, #392, #1843 ),
 ( #1335, #1346, #2321, #2763, #638, #2285, #1097, #2037 ),
 ( #185, #2518, #879, #2489, #648, #2506, #1087, #668 ),
 ( #1575, #2740, #2980, #2051, #659, #2295, #900, #889 ),
 ( #1117, #2749, #425, #29, #1395, #510, #731, #18 ),
 ( #2111, #498, #2100, #1662, #720, #1183, #2791, #2588 ),
 ( #1146, #2776, #220, #2136, #1415, #2566, #256, #1878 ),
 ( #912, #1193, #1405, #2, #3018, #1855, #739, #2345 ),
 ( #247, #1652, #1895, #1369, #2539, #234, #2371, #2578 ),
 ( #938, #1380, #2359, #1612, #208, #960, #2554, #2815 ),
 ( #458, #2085, #691, #2333, #1887, #1156, #2824, #2124 ),
 ( #925, #1637, #3032, #1626, #1867, #471, #702, #1165 ),
 ( #2804, #482, #950, #58, #1686, #2843, #2393, #512 ) ),
 .UNSPECIFIED., .T., .F., .F.,
 ( 4, 1, 1, 1, 1, 1, 1, 1, 1, 1, 1, 1, 1, 1, 1, 1, 1, 1, 1, 1, 1, 1, 1, 1, 2, 1, 1, 1, 1, 1, 1, 1, 1, 1, 1, 1, 1, 1, 1, 1, 1, 1, 1, 1, 1, 1, 1, 1, 4 ),
 ( 4, 2, 2, 4 ),
 ( 0.0000000000000000000, 0.007812498506384473600, 0.01562499701276894700, 0.03124999402553789400, 0.04687499103830683500, 0.06249998805107577500, 0.07812498506384472900, 0.09374998207661366900, 0.1249999761021515500, 0.1562499701276894600, 0.1874999641532273400, 0.2187499581787653000, 0.2499999522043031000, 0.2812499462298411700, 0.3124999402553788600, 0.3437499342809169400, 0.3749999283064546800, 0.4062499223319927000, 0.4218749193447615100, 0.4374999163575306000, 0.4531249133702995300, 0.4687499103830683500, 0.4843749073958374400, 0.4921874059022217600, 0.4999999044086062000, 0.5078124059022217600, 0.5156249073958372200, 0.5312499103830683500, 0.5468749133702993600, 0.5624999163575303800, 0.5781249193447615100, 0.5937499223319925300, 0.6249999283064546800, 0.6562499342809167100, 0.6874999402553789700, 0.7187499462298410100, 0.7499999522043030400, 0.7812499581787650800, 0.8124999641532273400, 0.8437499701276893700, 0.8749999761021514100, 0.9062499820766136700, 0.9218749850638446900, 0.9374999880510757100, 0.9531249910383068300, 0.9687499940255378500, 0.9843749970127688700, 0.9921874985063845500, 1.000000000000000000 ),
 ( 0.0000000000000000000, 0.7051213994299125900, 0.9360805031624335200, 1.000000000000000000 ),
 .UNSPECIFIED. ) ;
#2586 = CARTESIAN_POINT ( 'NONE',  ( -1.507010064109388100E-013, 14.38749456993807900, 14.38749456993823900 ) ) ;
#2587 = CARTESIAN_POINT ( 'NONE',  ( 63.39447633027105400, 53.68819133377329700, -4.319916175288174300 ) ) ;
#2588 = CARTESIAN_POINT ( 'NONE',  ( 43.19531753437351500, 33.76334883850746800, -3.279871732546384000 ) ) ;
#2589 = CARTESIAN_POINT ( 'NONE',  ( 47.25417405089744000, 32.19814273684644200, 1.144210334953774000 ) ) ;
#2590 = PERSON_AND_ORGANIZATION ( #2725, #3031 ) ;
#2591 = CARTESIAN_POINT ( 'NONE',  ( 170.6514491195347000, 53.22867744370186900, 3.956818135406099400 ) ) ;
#2592 = CARTESIAN_POINT ( 'NONE',  ( 15.95304881861218900, 9.502795304103532500, -3.267534982961925100 ) ) ;
#2593 = CC_DESIGN_APPROVAL ( #2809, ( #2736 ) ) ;
#2594 = CARTESIAN_POINT ( 'NONE',  ( 16.21956682308985600, 9.236277299625872000, -2.639234683947956100 ) ) ;
#2595 = CARTESIAN_POINT ( 'NONE',  ( 49.68363669020791900, 33.44103366729708400, -1.129895308649700600 ) ) ;
#2596 = VERTEX_POINT ( 'NONE', #2638 ) ;
#2597 = CARTESIAN_POINT ( 'NONE',  ( 37.88251918050095000, 54.82877178167596100, -3.674763180843572100 ) ) ;
#2598 = CARTESIAN_POINT ( 'NONE',  ( 59.73166453399695500, 41.02853423043244200, 3.100792621600349600 ) ) ;
#2599 = AXIS2_PLACEMENT_3D ( 'NONE', #1200, #1885, #1667 ) ;
#2600 = ADVANCED_FACE ( 'NONE', ( #1725 ), #396, .T. ) ;
#2601 = CIRCLE ( 'NONE', #1019, 2.500000000000002200 ) ;
#2602 = CARTESIAN_POINT ( 'NONE',  ( 31.84527978103848200, 30.68460146868124000, -4.920784649256328100 ) ) ;
#2603 = CIRCLE ( 'NONE', #804, 18.50000000000000000 ) ;
#2604 = DIRECTION ( 'NONE',  ( -1.000000000000000000, 0.0000000000000000000, 1.224646799147353200E-016 ) ) ;
#2605 = CARTESIAN_POINT ( 'NONE',  ( 11.42349497468801400, 12.61972761697170000, -11.42349497468789300 ) ) ;
#2606 = EDGE_LOOP ( 'NONE', ( #1289, #2636, #1006, #134, #2757 ) ) ;
#2607 = CARTESIAN_POINT ( 'NONE',  ( 170.6514491195347900, 58.80532545158202900, -1.631014553251576700 ) ) ;
#2608 = ADVANCED_BREP_SHAPE_REPRESENTATION ( '', ( #1424, #1963 ), #1769 ) ;
#2609 = CARTESIAN_POINT ( 'NONE',  ( 170.6514491195349000, 54.86766932379800500, 4.282846290646467900 ) ) ;
#2610 = APPROVAL_STATUS ( 'not_yet_approved' ) ;
#2611 = DIRECTION ( 'NONE',  ( -0.5000000000000000000, 0.7071067811865513500, 0.4999999999999943900 ) ) ;
#2612 = CARTESIAN_POINT ( 'NONE',  ( 45.03778771821284700, 30.57209708318209700, -0.5237827289241598900 ) ) ;
#2613 = CARTESIAN_POINT ( 'NONE',  ( 45.06646457971460500, 30.52242734282697300, 6.683651952743043000E-008 ) ) ;
#2614 = CARTESIAN_POINT ( 'NONE',  ( 52.89366772590644000, 52.96112348771283300, -4.394680959720481000 ) ) ;
#2615 = EDGE_CURVE ( 'NONE', #783, #2251, #328, .T. ) ;
#2616 = CARTESIAN_POINT ( 'NONE',  ( 67.66694606495538300, 46.38402882913843000, 4.319916137832605000 ) ) ;
#2617 = DIRECTION ( 'NONE',  ( 1.000000000000000000, 0.0000000000000000000, 0.0000000000000000000 ) ) ;
#2618 = CARTESIAN_POINT ( 'NONE',  ( 44.14697100843703500, 32.11503711211511100, 2.397471148575077000 ) ) ;
#2619 = CARTESIAN_POINT ( 'NONE',  ( 15.54120081754812200, 9.914643305167596000, -3.978581913494990000 ) ) ;
#2620 = AXIS2_PLACEMENT_3D ( 'NONE', #1287, #2452, #610 ) ;
#2621 = APPROVAL_DATE_TIME ( #2874, #1272 ) ;
#2622 = APPROVAL_PERSON_ORGANIZATION ( #352, #1137, #1617 ) ;
#2623 = CARTESIAN_POINT ( 'NONE',  ( 36.78725814100469900, 56.78600570677227900, -2.826996059485928000 ) ) ;
#2624 = ORIENTED_EDGE ( 'NONE', *, *, #269, .T. ) ;
#2625 = DIRECTION ( 'NONE',  ( 0.7071067811865514600, -0.7071067811865435800, -0.0000000000000000000 ) ) ;
#2626 = CARTESIAN_POINT ( 'NONE',  ( 33.61887324025283200, 26.66543553774550200, 3.066326186298971000 ) ) ;
#2627 = CARTESIAN_POINT ( 'NONE',  ( 34.57738572501766300, 24.76128660727805600, -0.9854704819205748500 ) ) ;
#2628 = ORIENTED_EDGE ( 'NONE', *, *, #2243, .F. ) ;
#2629 = CARTESIAN_POINT ( 'NONE',  ( 11.68332144554788600, 16.52271164185821600, 11.68332144554809000 ) ) ;
#2630 = EDGE_CURVE ( 'NONE', #2390, #1689, #2009, .T. ) ;
#2631 = SPHERICAL_SURFACE ( 'NONE', #1839, 20.50000000000000000 ) ;
#2632 = CARTESIAN_POINT ( 'NONE',  ( 35.84547693110494700, 52.42401012068221900, 4.136115882390570600 ) ) ;
#2633 = CARTESIAN_POINT ( 'NONE',  ( 46.53092403482016000, 33.46168929784959500, 2.372749700481263400 ) ) ;
#2634 = DIRECTION ( 'NONE',  ( -0.0000000000000000000, -1.000000000000000000, -0.0000000000000000000 ) ) ;
#2635 = AXIS2_PLACEMENT_3D ( 'NONE', #1411, #933, #2329 ) ;
#2636 = ORIENTED_EDGE ( 'NONE', *, *, #2313, .T. ) ;
#2637 = CARTESIAN_POINT ( 'NONE',  ( 9.914643305167485800, 15.54120081754819600, -3.978581913494984700 ) ) ;
#2638 = CARTESIAN_POINT ( 'NONE',  ( -18.29047859482475900, 14.75494468889183800, 2.239937606602531400E-015 ) ) ;
#2639 = DIRECTION ( 'NONE',  ( 0.0000000000000000000, -0.0000000000000000000, 1.000000000000000000 ) ) ;
#2640 = PRODUCT_DEFINITION_FORMATION_WITH_SPECIFIED_SOURCE ( 'ANY', '', #361, .NOT_KNOWN. ) ;
#2641 = CARTESIAN_POINT ( 'NONE',  ( 52.89366840053779800, 52.96112289276556600, 4.394680941183989600 ) ) ;
#2642 = CARTESIAN_POINT ( 'NONE',  ( 64.82079234413778600, 51.25076347344404600, 4.768832569434444200 ) ) ;
#2643 = CARTESIAN_POINT ( 'NONE',  ( 25.08579909721551400, 17.34872169948134900, -0.8124159240515378400 ) ) ;
#2644 = CARTESIAN_POINT ( 'NONE',  ( 46.63127355657304200, 38.88345610540733300, -4.112000975220622600 ) ) ;
#2645 = CARTESIAN_POINT ( 'NONE',  ( 8.939356714608379700, 16.51648740810729200, 1.625328840279411700 ) ) ;
#2646 = DIRECTION ( 'NONE',  ( 1.224646799147353200E-016, -0.0000000000000000000, 1.000000000000000000 ) ) ;
#2647 = DIRECTION ( 'NONE',  ( 0.4999999999999962800, 0.7071067811865513500, 0.4999999999999980600 ) ) ;
#2648 = PERSON_AND_ORGANIZATION ( #2725, #3031 ) ;
#2649 = CARTESIAN_POINT ( 'NONE',  ( 36.46646216358985300, 45.41806885628269400, 4.927375655022734300 ) ) ;
#2650 = CARTESIAN_POINT ( 'NONE',  ( 170.6514491195349600, 57.89608426879836900, 3.028425489560191400 ) ) ;
#2651 = CARTESIAN_POINT ( 'NONE',  ( 34.69006400843741700, 24.55244590875532400, -0.1470203360972078000 ) ) ;
#2652 = DATE_AND_TIME ( #1412, #2845 ) ;
#2653 = CARTESIAN_POINT ( 'NONE',  ( 29.99268510898471300, 56.63097920745190100, -0.5237827289241783200 ) ) ;
#2654 = DIRECTION ( 'NONE',  ( 0.5000000000000088800, -0.7071067811865435800, -0.4999999999999966700 ) ) ;
#2655 = CARTESIAN_POINT ( 'NONE',  ( 8.845142070417711700, 16.61070205229455300, 1.092283404460644000 ) ) ;
#2656 = CC_DESIGN_PERSON_AND_ORGANIZATION_ASSIGNMENT ( #2812, #1630, ( #1805 ) ) ;
#2657 = EDGE_LOOP ( 'NONE', ( #2913, #2567, #456, #2853 ) ) ;
#2658 = EDGE_CURVE ( 'NONE', #2967, #2789, #962, .T. ) ;
#2659 = CARTESIAN_POINT ( 'NONE',  ( 170.6514491195349600, 57.89608426879836900, 3.028425489560191400 ) ) ;
#2660 = CARTESIAN_POINT ( 'NONE',  ( 138.2025942725732600, 56.99971000661247400, 3.294445511520200900 ) ) ;
#2661 = CARTESIAN_POINT ( 'NONE',  ( 27.61326810165060800, 40.48410940596968300, 2.140090379143190900 ) ) ;
#2662 = LINE ( 'NONE', #874, #2042 ) ;
#2663 = CARTESIAN_POINT ( 'NONE',  ( 19.74468826717702200, 27.48176566491110900, 0.8124159240515392800 ) ) ;
#2664 = CARTESIAN_POINT ( 'NONE',  ( -12.93332144554796400, 14.75494468889183800, -12.93332144554800500 ) ) ;
#2665 = CYLINDRICAL_SURFACE ( 'NONE', #2476, 2.500000000000001300 ) ;
#2666 = CIRCLE ( 'NONE', #2931, 1.999999999999998200 ) ;
#2667 = EDGE_CURVE ( 'NONE', #2036, #2849, #2132, .T. ) ;
#2668 = ORIENTED_EDGE ( 'NONE', *, *, #487, .F. ) ;
#2669 = CARTESIAN_POINT ( 'NONE',  ( 170.6514491195346700, 52.48869986620265100, 3.560377338800849500 ) ) ;
#2670 = AXIS2_PLACEMENT_3D ( 'NONE', #2157, #2634, #1000 ) ;
#2671 = CARTESIAN_POINT ( 'NONE',  ( 30.88350201566884600, 55.08803929220387400, 2.397471148575080600 ) ) ;
#2672 = ORIENTED_EDGE ( 'NONE', *, *, #1511, .T. ) ;
#2673 = CARTESIAN_POINT ( 'NONE',  ( 31.83515538166267000, 53.43972686922339200, -3.279871937474486000 ) ) ;
#2674 = CARTESIAN_POINT ( 'NONE',  ( 31.83515587735814700, 53.43972652121905000, 3.279872142402648900 ) ) ;
#2675 = DIRECTION ( 'NONE',  ( -0.7071067811865500200, 0.7071067811865449100, 0.0000000000000000000 ) ) ;
#2676 = CARTESIAN_POINT ( 'NONE',  ( 16.38587117147724500, 9.069972951239783800, -2.142712766577159900 ) ) ;
#2677 = CARTESIAN_POINT ( 'NONE',  ( 68.38500379582521300, 45.15886117493871400, 3.913619126902482500 ) ) ;
#2678 = CARTESIAN_POINT ( 'NONE',  ( 8.775195154524958200, 16.68064896819071700, -0.09146616038243604600 ) ) ;
#2679 = CARTESIAN_POINT ( 'NONE',  ( 40.65220741875561600, 38.16814537598487100, 4.531520734195069600 ) ) ;
#2680 = DIRECTION ( 'NONE',  ( -0.0000000000000000000, 0.0000000000000000000, 1.000000000000000000 ) ) ;
#2681 = CARTESIAN_POINT ( 'NONE',  ( -16.52271164185840000, 16.52271164185821600, 0.0000000000000000000 ) ) ;
#2682 = ORIENTED_EDGE ( 'NONE', *, *, #1213, .T. ) ;
#2683 = PERSON_AND_ORGANIZATION ( #2725, #3031 ) ;
#2684 = AXIS2_PLACEMENT_3D ( 'NONE', #349, #1991, #289 ) ;
#2685 = COORDINATED_UNIVERSAL_TIME_OFFSET ( 5, 30, .AHEAD. ) ;
#2686 = CARTESIAN_POINT ( 'NONE',  ( 51.41411414411150800, 55.53471937200148300, 3.552838892508570500 ) ) ;
#2687 = SHAPE_REPRESENTATION ( 'plastic liner', ( #1963 ), #171 ) ;
#2688 = ORIENTED_EDGE ( 'NONE', *, *, #2772, .F. ) ;
#2689 = CARTESIAN_POINT ( 'NONE',  ( 20.52740506911391800, 26.00838615780437000, 3.420897085891368300 ) ) ;
#2690 = CARTESIAN_POINT ( 'NONE',  ( -14.38749456993823900, 14.38749456993807900, 0.0000000000000000000 ) ) ;
#2691 = DIRECTION ( 'NONE',  ( -0.7071067811865449100, -0.7071067811865501300, -0.0000000000000000000 ) ) ;
#2692 = ORIENTED_EDGE ( 'NONE', *, *, #323, .F. ) ;
#2693 = CC_DESIGN_SECURITY_CLASSIFICATION ( #1025, ( #2640 ) ) ;
#2694 = LINE ( 'NONE', #280, #2482 ) ;
#2695 = CARTESIAN_POINT ( 'NONE',  ( 35.00850589682898600, 53.90294695506900500, 3.701192382764040300 ) ) ;
#2696 = CARTESIAN_POINT ( 'NONE',  ( 30.39701230609688300, 34.21850392424010300, 5.124057051005464400 ) ) ;
#2697 = VECTOR ( 'NONE', #1084, 1000.000000000000200 ) ;
#2698 = CARTESIAN_POINT ( 'NONE',  ( 20.82433002874494200, 25.43995721547312200, 4.039131485089952500 ) ) ;
#2699 = CYLINDRICAL_SURFACE ( 'NONE', #2340, 2.500000000000001300 ) ;
#2700 = CARTESIAN_POINT ( 'NONE',  ( 170.6514491195346700, 58.62630552989329400, 2.008956530031209100 ) ) ;
#2701 = CARTESIAN_POINT ( 'NONE',  ( -30.27582913795773900, 1.000000000000000000, -23.50000000000000000 ) ) ;
#2702 = VERTEX_POINT ( 'NONE', #2911 ) ;
#2703 = CARTESIAN_POINT ( 'NONE',  ( 33.09182924094533000, 51.26310376570128800, -4.959117670193333700 ) ) ;
#2704 = CARTESIAN_POINT ( 'NONE',  ( 13.50398241508965600, 11.95186170762747600, -5.517419855254200200 ) ) ;
#2705 = CARTESIAN_POINT ( 'NONE',  ( 170.6514491195347300, 59.12266932379793600, 0.06962226082667533100 ) ) ;
#2706 = AXIS2_PLACEMENT_3D ( 'NONE', #1579, #2034, #2513 ) ;
#2707 = CARTESIAN_POINT ( 'NONE',  ( 27.87486873702342600, 39.95851235421375200, 2.634390242701610200 ) ) ;
#2708 = ORIENTED_EDGE ( 'NONE', *, *, #2615, .F. ) ;
#2709 = CARTESIAN_POINT ( 'NONE',  ( 32.69453929986855900, 57.96289899221239500, 1.144210334953761300 ) ) ;
#2710 = DIRECTION ( 'NONE',  ( 1.047444401652940000E-014, -1.000000000000000000, 0.0000000000000000000 ) ) ;
#2711 = DATE_AND_TIME ( #339, #90 ) ;
#2712 = B_SPLINE_SURFACE_WITH_KNOTS ( 'NONE', 3, 3, ( 
 ( #2741, #1576, #2519, #1118, #2750, #1348, #1830, #2063 ),
 ( #670, #2309, #901, #308, #1381, #1654, #2179, #72 ),
 ( #2568, #1945, #3033, #222, #927, #1889, #1712, #1008 ),
 ( #555, #1157, #2189, #1868, #500, #2826, #2589, #1880 ),
 ( #299, #2335, #2555, #776, #941, #1195, #1933, #961 ),
 ( #1185, #2416, #2793, #1628, #732, #483, #2633, #2125 ),
 ( #472, #1396, #2101, #703, #1416, #1469, #1238, #545 ),
 ( #2346, #3, #1638, #1166, #2361, #2805, #19, #64 ),
 ( #237, #2113, #721, #248, #2871, #951, #2580, #2816 ),
 ( #1406, #2372, #1705, #2677, #1478, #802, #594, #92 ),
 ( #2669, #1762, #1054, #1017, #1284, #1974, #2223, #795 ),
 ( #814, #574, #2455, #1489, #1955, #1512, #343, #2877 ),
 ( #118, #2899, #606, #2890, #2919, #585, #353, #1735 ),
 ( #2448, #2906, #314, #325, #2214, #2425, #99, #786 ),
 ( #1994, #1256, #1743, #2642, #1966, #110, #1026, #1044 ),
 ( #1754, #2443, #1034, #335, #1246, #85, #1721, #1274 ),
 ( #565, #1506, #1498, #1986, #2196, #824, #2433, #2204 ),
 ( #2650, #2660, #1265, #123, #2274, #2463, #1062, #1535 ),
 ( #2728, #850, #1325, #144, #2686, #1807, #2695, #1070 ),
 ( #2470, #1801, #133, #2970, #152, #2487, #2716, #2245 ),
 ( #390, #2949, #382, #620, #1565, #1085, #1297, #839 ),
 ( #2231, #637, #2941, #1315, #2029, #861, #614, #1080 ),
 ( #400, #163, #626, #373, #869, #2021, #2263, #2035 ),
 ( #832, #1290, #2960, #2929, #2496, #1096, #1770, #1523 ),
 ( #1778, #365, #2253, #2001, #1545, #1553, #2010, #2477 ),
 ( #2705, #1788, #1304, #1379, #412, #888, #218, #2517 ),
 ( #878, #2553, #1333, #667, #457, #2991, #470, #2538 ),
 ( #923, #2504, #1155, #1842, #2084, #657, #1116, #438 ),
 ( #2332, #1345, #1818, #3030, #206, #2739, #2762, #1625 ),
 ( #647, #2748, #2790, #2070, #1866, #1582, #1357, #2320 ),
 ( #173, #184, #676, #2284, #2060, #1829, #424, #689 ),
 ( #2306, #1105, #2979, #3005, #1574, #2050, #2294, #899 ),
 ( #2528, #1133, #1596, #195, #910, #1145, #2775, #1367 ),
 ( #3017, #1611, #1854, #701, #255, #245, #2822, #1 ),
 ( #1886, #1651, #496, #2123, #1192, #1414, #959, #1894 ),
 ( #949, #730, #509, #2587, #28, #2370, #1661, #1394 ),
 ( #2134, #1404, #2577, #1636, #2564, #738, #2099, #2343 ),
 ( #937, #1164, #1181, #2803, #233, #1876, #481, #2110 ),
 ( #2814, #719, #2358, #17, #2770, #1806, #1471, #1151 ),
 ( #1816, #664, #2302, #2058, #1376, #1128, #2560, #2785 ),
 ( #2330, #1827, #183, #3026, #2535, #3015, #193, #934 ),
 ( #420, #674, #2549, #410, #896, #2525, #1838, #2095 ),
 ( #2798, #1390, #1590, #2746, #3000, #2644, #1141, #1849 ),
 ( #2758, #1342, #1114, #435, #214, #1353, #2068, #2315 ),
 ( #907, #2771, #452, #1364, #2045, #1861, #1607, #685 ),
 ( #2082, #202, #918, #465, #1633, #1160, #1621, #696 ),
 ( #2341, #656, #2293, #886, #2515, #2988, #1581, #2395 ),
 ( #1208, #2811, #230, #2369, #957, #476, #252, #1401 ),
 ( #514, #275, #2119, #1220, #2353, #2595, #44, #982 ),
 ( #492, #2848, #728, #716, #2107, #2151, #946, #1893 ),
 ( #2584, #54, #2140, #1441, #524, #2574, #758, #1423 ),
 ( #1874, #748, #266, #26, #1909, #1190, #13, #2613 ) ),
 .UNSPECIFIED., .T., .F., .F.,
 ( 4, 1, 1, 1, 1, 1, 1, 1, 1, 1, 1, 1, 1, 1, 1, 1, 1, 1, 1, 1, 1, 1, 1, 1, 2, 1, 1, 1, 1, 1, 1, 1, 1, 1, 1, 1, 1, 1, 1, 1, 1, 1, 1, 1, 1, 1, 1, 1, 4 ),
 ( 4, 2, 2, 4 ),
 ( 0.0000000000000000000, 0.007812498506384473600, 0.01562499701276894700, 0.03124999402553789400, 0.04687499103830683500, 0.06249998805107577500, 0.07812498506384472900, 0.09374998207661366900, 0.1249999761021515500, 0.1562499701276894600, 0.1874999641532273400, 0.2187499581787653000, 0.2499999522043031000, 0.2812499462298411700, 0.3124999402553788600, 0.3437499342809169400, 0.3749999283064546800, 0.4062499223319927000, 0.4218749193447615100, 0.4374999163575306000, 0.4531249133702995300, 0.4687499103830683500, 0.4843749073958374400, 0.4921874059022217600, 0.4999999044086062000, 0.5078124059022217600, 0.5156249073958372200, 0.5312499103830683500, 0.5468749133702993600, 0.5624999163575303800, 0.5781249193447615100, 0.5937499223319925300, 0.6249999283064546800, 0.6562499342809167100, 0.6874999402553789700, 0.7187499462298410100, 0.7499999522043030400, 0.7812499581787650800, 0.8124999641532273400, 0.8437499701276893700, 0.8749999761021514100, 0.9062499820766136700, 0.9218749850638446900, 0.9374999880510757100, 0.9531249910383068300, 0.9687499940255378500, 0.9843749970127688700, 0.9921874985063845500, 1.000000000000000000 ),
 ( 0.0000000000000000000, 0.7051213994299125900, 0.9360805031624335200, 1.000000000000000000 ),
 .UNSPECIFIED. ) ;
#2713 = CARTESIAN_POINT ( 'NONE',  ( 2.510525938252074100E-015, -3.794707603699265500E-015, 20.49999999999999600 ) ) ;
#2714 = CARTESIAN_POINT ( 'NONE',  ( 0.0000000000000000000, 0.0000000000000000000, 0.0000000000000000000 ) ) ;
#2715 = CARTESIAN_POINT ( 'NONE',  ( 2.510525938252074100E-015, -2.000000000000003600, 20.49999999999999600 ) ) ;
#2716 = CARTESIAN_POINT ( 'NONE',  ( 34.35486418785019700, 55.05434997589133400, 3.252793314834920400 ) ) ;
#2717 = CARTESIAN_POINT ( 'NONE',  ( 66.24063061561362500, 48.82145582336285400, -4.768832669255875300 ) ) ;
#2718 = CARTESIAN_POINT ( 'NONE',  ( 32.83980077798824500, 28.35859243549098400, 4.099681056684919300 ) ) ;
#2719 = CARTESIAN_POINT ( 'NONE',  ( 24.52904468638071500, 18.39147551492534700, 2.852780435123459100 ) ) ;
#2720 = PERSON_AND_ORGANIZATION ( #2725, #3031 ) ;
#2721 = CARTESIAN_POINT ( 'NONE',  ( 29.99268509781894600, 56.63097922679158800, -0.5237826322873345700 ) ) ;
#2722 = DIRECTION ( 'NONE',  ( -0.03414787623937631800, -0.03414787623937728900, 0.9988332418860921300 ) ) ;
#2723 = DATE_AND_TIME ( #2228, #1020 ) ;
#2724 = EDGE_CURVE ( 'NONE', #983, #322, #2561, .T. ) ;
#2725 = PERSON ( 'UNSPECIFIED', 'UNSPECIFIED', 'UNSPECIFIED', ('UNSPECIFIED'), ('UNSPECIFIED'), ('UNSPECIFIED') ) ;
#2726 = CARTESIAN_POINT ( 'NONE',  ( 0.0000000000000000000, 0.0000000000000000000, 0.0000000000000000000 ) ) ;
#2727 = DIRECTION ( 'NONE',  ( 0.4999999999999962800, 0.7071067811865513500, 0.4999999999999980600 ) ) ;
#2728 = CARTESIAN_POINT ( 'NONE',  ( 170.6514491195348200, 58.33941426651134800, 2.487201022547054200 ) ) ;
#2729 = ORIENTED_EDGE ( 'NONE', *, *, #2043, .F. ) ;
#2730 = CARTESIAN_POINT ( 'NONE',  ( 14.25049050763267500, 11.20535361508304800, 5.198257320770781400 ) ) ;
#2731 = CARTESIAN_POINT ( 'NONE',  ( 24.98684731187809000, 17.53023075052225700, 1.328361310040004900 ) ) ;
#2732 = DIRECTION ( 'NONE',  ( 0.7071067811865449100, 0.7071067811865501300, 0.0000000000000000000 ) ) ;
#2733 = CARTESIAN_POINT ( 'NONE',  ( 170.6514491195347300, 59.11921123051276800, -0.2088636370746745400 ) ) ;
#2734 = CIRCLE ( 'NONE', #2534, 23.47871376374779100 ) ;
#2735 = DIRECTION ( 'NONE',  ( -0.0000000000000000000, -1.000000000000000000, -0.0000000000000000000 ) ) ;
#2736 = PRODUCT_DEFINITION_FORMATION_WITH_SPECIFIED_SOURCE ( 'ANY', '', #857, .NOT_KNOWN. ) ;
#2737 = CIRCLE ( 'NONE', #1355, 20.47559522944326800 ) ;
#2738 = CIRCLE ( 'NONE', #2385, 2.500000000000001300 ) ;
#2739 = CARTESIAN_POINT ( 'NONE',  ( 35.63823897076081000, 58.81553642725140200, -1.129895308649697000 ) ) ;
#2740 = CARTESIAN_POINT ( 'NONE',  ( 139.9181487543820300, 49.83165031464339700, -3.294445747909478000 ) ) ;
#2741 = CARTESIAN_POINT ( 'NONE',  ( 170.6514491195347300, 50.61266932379794500, -3.862470239479609500E-016 ) ) ;
#2742 = CARTESIAN_POINT ( 'NONE',  ( 104.2732930676976500, 59.12266932488682200, 0.1190630839240797400 ) ) ;
#2743 = DIRECTION ( 'NONE',  ( 0.4999999999999960000, 0.7071067811865515700, 0.4999999999999981100 ) ) ;
#2744 = DIRECTION ( 'NONE',  ( -0.7071067811865449100, -0.7071067811865501300, -0.0000000000000000000 ) ) ;
#2745 = AXIS2_PLACEMENT_3D ( 'NONE', #1176, #506, #1901 ) ;
#2746 = CARTESIAN_POINT ( 'NONE',  ( 68.38500409053274600, 45.15886033574285800, -3.913619107855551800 ) ) ;
#2747 = CALENDAR_DATE ( 2021, 1, 6 ) ;
#2748 = CARTESIAN_POINT ( 'NONE',  ( 137.5731901329363000, 58.87967082328809500, -1.059208306644932900 ) ) ;
#2749 = CARTESIAN_POINT ( 'NONE',  ( 140.0983647977414800, 49.21429387765342500, -2.778750267035412100 ) ) ;
#2750 = CARTESIAN_POINT ( 'NONE',  ( 61.27125707480115600, 38.36346351161812900, 0.0000000000000000000 ) ) ;
#2751 = CARTESIAN_POINT ( 'NONE',  ( 32.51456311447832800, 58.27637825262596000, 0.1725564767460577000 ) ) ;
#2752 = DIRECTION ( 'NONE',  ( 1.000000000000000000, 0.0000000000000000000, 0.0000000000000000000 ) ) ;
#2753 = PERSON_AND_ORGANIZATION ( #903, #902 ) ;
#2754 = EDGE_CURVE ( 'NONE', #434, #2849, #2734, .T. ) ;
#2755 = DIRECTION ( 'NONE',  ( -1.224646799147353200E-016, 0.0000000000000000000, -1.000000000000000000 ) ) ;
#2756 = DIRECTION ( 'NONE',  ( 1.224646799147353200E-016, -0.0000000000000000000, 1.000000000000000000 ) ) ;
#2757 = ORIENTED_EDGE ( 'NONE', *, *, #1015, .F. ) ;
#2758 = CARTESIAN_POINT ( 'NONE',  ( 170.6514491195346200, 51.39592467008650800, -2.487201428850146700 ) ) ;
#2759 = DIRECTION ( 'NONE',  ( 0.0000000000000000000, 0.0000000000000000000, 1.000000000000000000 ) ) ;
#2760 = CARTESIAN_POINT ( 'NONE',  ( 170.6514491195346700, 50.78940331452591300, 1.237186249581666600 ) ) ;
#2761 = ORIENTED_EDGE ( 'NONE', *, *, #50, .T. ) ;
#2762 = CARTESIAN_POINT ( 'NONE',  ( 32.69453910736569900, 57.96289915109635900, -1.144210117848681200 ) ) ;
#2763 = CARTESIAN_POINT ( 'NONE',  ( 66.95225551761127700, 47.60462242630710300, -4.602237117680934000 ) ) ;
#2764 = DATE_AND_TIME ( #1276, #749 ) ;
#2765 = CARTESIAN_POINT ( 'NONE',  ( 6.355470299255359200E-014, 14.75494468889183800, -18.29047859482476200 ) ) ;
#2766 = ORIENTED_EDGE ( 'NONE', *, *, #1741, .T. ) ;
#2767 = APPROVAL_ROLE ( '' ) ;
#2768 = VERTEX_POINT ( 'NONE', #359 ) ;
#2769 = EDGE_CURVE ( 'NONE', #2789, #784, #1177, .T. ) ;
#2770 = CARTESIAN_POINT ( 'NONE',  ( 55.30681396039698000, 48.74306634649701700, -4.877447833098873500 ) ) ;
#2771 = CARTESIAN_POINT ( 'NONE',  ( 140.2415455095932700, 48.76934554819559500, -2.307673363845904800 ) ) ;
#2772 = EDGE_CURVE ( 'NONE', #669, #1689, #1608, .T. ) ;
#2773 = ORIENTED_EDGE ( 'NONE', *, *, #2667, .T. ) ;
#2774 = DIRECTION ( 'NONE',  ( -0.0000000000000000000, -1.000000000000000000, -0.0000000000000000000 ) ) ;
#2775 = CARTESIAN_POINT ( 'NONE',  ( 34.35486343770456600, 55.05435077948920500, -3.252793053339281000 ) ) ;
#2776 = CARTESIAN_POINT ( 'NONE',  ( 140.3475144842957400, 48.46319615142448400, -1.924630458317891700 ) ) ;
#2777 = DIRECTION ( 'NONE',  ( 0.4999999999999965600, 0.7071067811865513500, 0.4999999999999979500 ) ) ;
#2778 = FACE_OUTER_BOUND ( 'NONE', #168, .T. ) ;
#2779 = CARTESIAN_POINT ( 'NONE',  ( 0.0000000000000000000, 0.0000000000000000000, 0.0000000000000000000 ) ) ;
#2780 = SECURITY_CLASSIFICATION_LEVEL ( 'unclassified' ) ;
#2781 = CARTESIAN_POINT ( 'NONE',  ( 22.82810557105173300, 21.63356199448569200, -5.320738453129841600 ) ) ;
#2782 = CIRCLE ( 'NONE', #111, 2.500000000000000900 ) ;
#2783 = CARTESIAN_POINT ( 'NONE',  ( 34.69006401174073800, 24.55244591066249500, 0.0000000000000000000 ) ) ;
#2784 = ORIENTED_EDGE ( 'NONE', *, *, #2917, .T. ) ;
#2785 = CARTESIAN_POINT ( 'NONE',  ( 38.56401089942316000, 41.78500710744175000, -4.927375642739441700 ) ) ;
#2786 = ORIENTED_EDGE ( 'NONE', *, *, #2411, .T. ) ;
#2787 = DIRECTION ( 'NONE',  ( -0.4999999999999984500, -0.7071067811865435800, -0.5000000000000071100 ) ) ;
#2788 = CARTESIAN_POINT ( 'NONE',  ( 170.6514491195347300, 50.61612741450987600, 0.2088635598753538200 ) ) ;
#2789 = VERTEX_POINT ( 'NONE', #2237 ) ;
#2790 = CARTESIAN_POINT ( 'NONE',  ( 104.4949311419074000, 58.71197868283488900, -1.286981836852812500 ) ) ;
#2791 = CARTESIAN_POINT ( 'NONE',  ( 45.59384962501757600, 35.10669078326711900, -3.252793053339276200 ) ) ;
#2792 = PRODUCT_DEFINITION_SHAPE ( 'NONE', 'NONE',  #3039 ) ;
#2793 = CARTESIAN_POINT ( 'NONE',  ( 110.2499824734177900, 45.58749237621428600, 1.782614134666796100 ) ) ;
#2794 = EDGE_CURVE ( 'NONE', #81, #1647, #531, .T. ) ;
#2795 = PERSON_AND_ORGANIZATION_ROLE ( 'design_owner' ) ;
#2796 = CARTESIAN_POINT ( 'NONE',  ( 38.56401079916825100, 41.78500728108829800, -4.927375648881090700 ) ) ;
#2797 = DIRECTION ( 'NONE',  ( 0.0000000000000000000, 0.0000000000000000000, -1.000000000000000000 ) ) ;
#2798 = CARTESIAN_POINT ( 'NONE',  ( 170.6514491195345300, 51.83925473039403900, -3.028425835694363400 ) ) ;
#2799 = APPROVAL_DATE_TIME ( #411, #1732 ) ;
#2800 = CARTESIAN_POINT ( 'NONE',  ( 5.768873936463478300E-014, 16.52271164185821600, -16.52271164185840000 ) ) ;
#2801 = CARTESIAN_POINT ( 'NONE',  ( 70.84812973711937900, 40.94955020993960900, 0.0000000000000000000 ) ) ;
#2802 = ADVANCED_FACE ( 'NONE', ( #1382, #2316 ), #1279, .F. ) ;
#2803 = CARTESIAN_POINT ( 'NONE',  ( 64.82079198494228900, 51.25076359353270300, -4.768832669255877100 ) ) ;
#2804 = CARTESIAN_POINT ( 'NONE',  ( 170.6514491195347300, 50.61266932379794500, -3.862470239479609500E-016 ) ) ;
#2805 = CARTESIAN_POINT ( 'NONE',  ( 48.07168856469212400, 36.29570375515490400, 3.225714554103718900 ) ) ;
#2806 = CARTESIAN_POINT ( 'NONE',  ( 137.5731901329363000, 58.87967082328809500, -1.059208306644932900 ) ) ;
#2807 = PERSON_AND_ORGANIZATION_ROLE ( 'design_supplier' ) ;
#2808 = CARTESIAN_POINT ( 'NONE',  ( 27.87486863388531000, 39.95851229466696700, -2.634390242701617300 ) ) ;
#2809 = APPROVAL ( #2364, 'UNSPECIFIED' ) ;
#2810 = DIRECTION ( 'NONE',  ( 1.000000000000000000, 0.0000000000000000000, 0.0000000000000000000 ) ) ;
#2811 = CARTESIAN_POINT ( 'NONE',  ( 140.5475527385985100, 47.95168946563137500, -1.059208306644929400 ) ) ;
#2812 = PERSON_AND_ORGANIZATION ( #2725, #3031 ) ;
#2813 = DIRECTION ( 'NONE',  ( -2.468850131082250700E-015, 0.7071067811865517900, 0.7071067811865433500 ) ) ;
#2814 = CARTESIAN_POINT ( 'NONE',  ( 170.6514491195345300, 54.86766932379789800, -4.282846278732774800 ) ) ;
#2815 = CARTESIAN_POINT ( 'NONE',  ( 44.88304683091272600, 30.84011611259002100, -1.158524860211149800 ) ) ;
#2816 = CARTESIAN_POINT ( 'NONE',  ( 42.53250473894078700, 34.91137482151844300, 3.727621465026612000 ) ) ;
#2817 = ORIENTED_EDGE ( 'NONE', *, *, #2581, .T. ) ;
#2818 = APPLICATION_CONTEXT ( 'configuration controlled 3d designs of mechanical parts and assemblies' ) ;
#2819 = CARTESIAN_POINT ( 'NONE',  ( 23.23471409729785400, 20.86220549147229900, -5.059520985013560500 ) ) ;
#2820 = DIRECTION ( 'NONE',  ( -1.000000000000000000, 0.0000000000000000000, 0.0000000000000000000 ) ) ;
#2821 = CIRCLE ( 'NONE', #1664, 20.49999999999999600 ) ;
#2822 = CARTESIAN_POINT ( 'NONE',  ( 35.00850506757197400, 53.90294782778101300, -3.701192183077011100 ) ) ;
#2823 = CYLINDRICAL_SURFACE ( 'NONE', #1815, 2.500000000000001300 ) ;
#2824 = CARTESIAN_POINT ( 'NONE',  ( 47.40601649197077400, 31.93364616406475800, -0.5170728764602804400 ) ) ;
#2825 = FACE_OUTER_BOUND ( 'NONE', #678, .T. ) ;
#2826 = CARTESIAN_POINT ( 'NONE',  ( 49.68363664848034500, 33.44103390698984400, 1.129895517375869600 ) ) ;
#2827 = PRODUCT_DEFINITION_FORMATION_WITH_SPECIFIED_SOURCE ( 'ANY', '', #980, .NOT_KNOWN. ) ;
#2828 = CARTESIAN_POINT ( 'NONE',  ( 44.10323661332520800, 37.73703172018842600, 4.136115882390583900 ) ) ;
#2829 = EDGE_CURVE ( 'NONE', #2981, #1927, #364, .T. ) ;
#2830 = CARTESIAN_POINT ( 'NONE',  ( 33.26925078561293200, 27.40912622442396400, -3.574259188820805300 ) ) ;
#2831 = CARTESIAN_POINT ( 'NONE',  ( 34.67235620582602700, 24.58511600625803300, -0.4406529793512304300 ) ) ;
#2832 = ORIENTED_EDGE ( 'NONE', *, *, #300, .F. ) ;
#2833 = CARTESIAN_POINT ( 'NONE',  ( 170.6514491195347300, 57.89608391720180000, -3.028425835694373600 ) ) ;
#2834 = CALENDAR_DATE ( 2021, 1, 6 ) ;
#2835 = EDGE_CURVE ( 'NONE', #1689, #669, #1692, .T. ) ;
#2836 = CARTESIAN_POINT ( 'NONE',  ( 170.6514491195346700, 52.48869986620265100, 3.560377338800849500 ) ) ;
#2837 = CARTESIAN_POINT ( 'NONE',  ( 16.51648740810722400, 8.939356714608505800, -1.625328840279411700 ) ) ;
#2838 = AXIS2_PLACEMENT_3D ( 'NONE', #1447, #2169, #766 ) ;
#2839 = CARTESIAN_POINT ( 'NONE',  ( 50.88196316163885100, 56.45759939135718500, -3.100792442550230900 ) ) ;
#2840 = DATE_AND_TIME ( #1677, #2153 ) ;
#2841 = CARTESIAN_POINT ( 'NONE',  ( 139.0603714514784900, 53.41568015353089300, 4.445523918548111000 ) ) ;
#2842 =( REPRESENTATION_RELATIONSHIP ('NONE','NONE', #680, #722 ) REPRESENTATION_RELATIONSHIP_WITH_TRANSFORMATION ( #2144 )SHAPE_REPRESENTATION_RELATIONSHIP( ) );
#2843 = CARTESIAN_POINT ( 'NONE',  ( 49.85902792699561600, 33.13390081278274100, 0.0000000000000000000 ) ) ;
#2844 = ADVANCED_FACE ( 'NONE', ( #2924 ), #1495, .F. ) ;
#2845 = LOCAL_TIME ( 20, 22, 1.000000000000000000, #2303 ) ;
#2846 = VERTEX_POINT ( 'NONE', #808 ) ;
#2847 = CARTESIAN_POINT ( 'NONE',  ( 37.51523626358164900, 43.60153805870450600, -4.974972403108326400 ) ) ;
#2848 = CARTESIAN_POINT ( 'NONE',  ( 140.6518042736387900, 47.72240321515587900, -0.2828823603211006500 ) ) ;
#2849 = VERTEX_POINT ( 'NONE', #1502 ) ;
#2850 = CARTESIAN_POINT ( 'NONE',  ( 0.0000000000000000000, 0.0000000000000000000, 0.0000000000000000000 ) ) ;
#2851 = ORIENTED_EDGE ( 'NONE', *, *, #2724, .F. ) ;
#2852 = CARTESIAN_POINT ( 'NONE',  ( 35.00850506757197400, 53.90294782778101300, -3.701192183077011100 ) ) ;
#2853 = ORIENTED_EDGE ( 'NONE', *, *, #2985, .F. ) ;
#2854 = CARTESIAN_POINT ( 'NONE',  ( 69.81373772009665400, 42.72156874469130400, 2.608034896614840100 ) ) ;
#2855 = AXIS2_PLACEMENT_3D ( 'NONE', #993, #2654, #304 ) ;
#2856 = FACE_BOUND ( 'NONE', #1562, .T. ) ;
#2857 = CARTESIAN_POINT ( 'NONE',  ( 25.08579909721551400, 17.34872169948134900, -0.8124159240515378400 ) ) ;
#2858 = FACE_OUTER_BOUND ( 'NONE', #1691, .T. ) ;
#2859 = CARTESIAN_POINT ( 'NONE',  ( 2.877919977996279500E-015, 0.0000000000000000000, 23.49999999999999600 ) ) ;
#2860 = ORIENTED_EDGE ( 'NONE', *, *, #1674, .F. ) ;
#2861 =( GEOMETRIC_REPRESENTATION_CONTEXT ( 3 ) GLOBAL_UNCERTAINTY_ASSIGNED_CONTEXT ( ( #30 ) ) GLOBAL_UNIT_ASSIGNED_CONTEXT ( ( #632, #1090, #178 ) ) REPRESENTATION_CONTEXT ( 'NONE', 'WORKASPACE' ) );
#2862 = CARTESIAN_POINT ( 'NONE',  ( 44.94020761989352100, 36.25809486980464400, 3.701192382764037200 ) ) ;
#2863 = DIRECTION ( 'NONE',  ( -0.7071067811865514600, -0.7071067811865435800, 0.0000000000000000000 ) ) ;
#2864 = CARTESIAN_POINT ( 'NONE',  ( 45.06646457971459800, 30.52242734282696900, 6.369687763352338500E-016 ) ) ;
#2865 = CARTESIAN_POINT ( 'NONE',  ( 43.19531725975944200, 33.76334931415296800, -3.279871937474478500 ) ) ;
#2866 = CARTESIAN_POINT ( 'NONE',  ( 45.06646457971459800, 30.52242734282697300, 3.341826008219960300E-008 ) ) ;
#2867 = ORIENTED_EDGE ( 'NONE', *, *, #2985, .T. ) ;
#2868 = COORDINATED_UNIVERSAL_TIME_OFFSET ( 5, 30, .AHEAD. ) ;
#2869 = CARTESIAN_POINT ( 'NONE',  ( 137.6700270019034900, 58.64291253262327800, -1.509900376778994900 ) ) ;
#2870 = CARTESIAN_POINT ( 'NONE',  ( 64.82079234413778600, 51.25076347344404600, 4.768832569434444200 ) ) ;
#2871 = CARTESIAN_POINT ( 'NONE',  ( 59.19951421293831100, 41.95141357286645000, 3.552838892508567900 ) ) ;
#2872 = CARTESIAN_POINT ( 'NONE',  ( 28.91736989018868100, 37.72025297982403200, -4.099681056684906900 ) ) ;
#2873 = AXIS2_PLACEMENT_3D ( 'NONE', #747, #448, #2604 ) ;
#2874 = DATE_AND_TIME ( #690, #2344 ) ;
#2875 = LOCAL_TIME ( 20, 22, 1.000000000000000000, #1929 ) ;
#2876 = CARTESIAN_POINT ( 'NONE',  ( 53.69971285402739600, 51.55431663178809700, 4.665768512534695500 ) ) ;
#2877 = CARTESIAN_POINT ( 'NONE',  ( 39.61055765483391200, 39.97233571028889500, 4.782048346458395800 ) ) ;
#2878 = CARTESIAN_POINT ( 'NONE',  ( 34.57738572501766300, 24.76128660727805600, -0.9854704819205748500 ) ) ;
#2879 = ORIENTED_EDGE ( 'NONE', *, *, #2336, .F. ) ;
#2880 = CARTESIAN_POINT ( 'NONE',  ( 19.98494794170073900, 27.03712042226546700, 1.882709609711301600 ) ) ;
#2881 = DIRECTION ( 'NONE',  ( -0.4999999999999984500, -0.7071067811865435800, -0.5000000000000071100 ) ) ;
#2882 = ORIENTED_EDGE ( 'NONE', *, *, #530, .F. ) ;
#2883 = EDGE_LOOP ( 'NONE', ( #207, #2016, #116, #363, #2154, #1058, #3029 ) ) ;
#2884 = ORIENTED_EDGE ( 'NONE', *, *, #2114, .F. ) ;
#2885 = CARTESIAN_POINT ( 'NONE',  ( 16.38587117147533300, 9.069972951237689400, 2.142712766577095500 ) ) ;
#2886 = CYLINDRICAL_SURFACE ( 'NONE', #1314, 2.500000000000001300 ) ;
#2887 = EDGE_CURVE ( 'NONE', #783, #2165, #1904, .T. ) ;
#2888 = CYLINDRICAL_SURFACE ( 'NONE', #714, 2.500000000000001300 ) ;
#2889 = CARTESIAN_POINT ( 'NONE',  ( 39.67454687001846000, 51.58854579656308900, 4.490137410437028200 ) ) ;
#2890 = CARTESIAN_POINT ( 'NONE',  ( 66.24063066116873700, 48.82145617713548800, 4.768832569434443300 ) ) ;
#2891 = CARTESIAN_POINT ( 'NONE',  ( 34.69006401174073800, 24.55244591066249500, 0.0000000000000000000 ) ) ;
#2892 = CARTESIAN_POINT ( 'NONE',  ( 24.52904468638071500, 18.39147551492534700, 2.852780435123459100 ) ) ;
#2893 = FACE_OUTER_BOUND ( 'NONE', #838, .T. ) ;
#2894 = CARTESIAN_POINT ( 'NONE',  ( 19.98494790827282600, 27.03712040296588600, -1.882709609711301200 ) ) ;
#2895 = DIRECTION ( 'NONE',  ( 0.7071067811865514600, 0.7071067811865435800, -0.0000000000000000000 ) ) ;
#2896 = VERTEX_POINT ( 'NONE', #1270 ) ;
#2897 = CC_DESIGN_PERSON_AND_ORGANIZATION_ASSIGNMENT ( #1295, #1883, ( #2736 ) ) ;
#2898 = CARTESIAN_POINT ( 'NONE',  ( 62.07674215027808600, 55.93576913061365000, 3.457343433105211500 ) ) ;
#2899 = CARTESIAN_POINT ( 'NONE',  ( 139.2737176643979600, 52.46630641986534700, 4.370774775997544400 ) ) ;
#2900 = CARTESIAN_POINT ( 'NONE',  ( 34.14390256652621500, 25.59473600934518000, -2.140090379143188200 ) ) ;
#2901 = DATE_AND_TIME ( #1578, #236 ) ;
#2902 = CARTESIAN_POINT ( 'NONE',  ( 8.939356714608381400, 16.51648740810730200, -1.625328840279408200 ) ) ;
#2903 = DIRECTION ( 'NONE',  ( 0.5000000000000020000, -0.7071067811865435800, 0.5000000000000036600 ) ) ;
#2904 = AXIS2_PLACEMENT_3D ( 'NONE', #550, #1728, #1261 ) ;
#2905 = PERSON_AND_ORGANIZATION ( #2725, #3031 ) ;
#2906 = CARTESIAN_POINT ( 'NONE',  ( 139.0603714514784900, 53.41568015353089300, 4.445523918548111000 ) ) ;
#2907 = CARTESIAN_POINT ( 'NONE',  ( 19.68489991437936500, 27.59035372747878900, 0.1192432482398219200 ) ) ;
#2908 = ORIENTED_EDGE ( 'NONE', *, *, #2411, .F. ) ;
#2909 = CARTESIAN_POINT ( 'NONE',  ( 27.61326801435507900, 40.48410935556959300, -2.140090379143193100 ) ) ;
#2910 = CARTESIAN_POINT ( 'NONE',  ( 61.24768520922818700, 57.35065086202003200, 2.608034896614829000 ) ) ;
#2911 = CARTESIAN_POINT ( 'NONE',  ( -8.923494974688074100, 16.15526152290446000, 8.923494974687857400 ) ) ;
#2912 = PERSON_AND_ORGANIZATION ( #2725, #3031 ) ;
#2913 = ORIENTED_EDGE ( 'NONE', *, *, #2546, .T. ) ;
#2914 = SECURITY_CLASSIFICATION ( '', '', #1437 ) ;
#2915 = EDGE_LOOP ( 'NONE', ( #633, #82, #772, #2163 ) ) ;
#2916 = CARTESIAN_POINT ( 'NONE',  ( 15.95304881861281400, 9.502795304104234100, -3.267534982961937100 ) ) ;
#2917 = EDGE_CURVE ( 'NONE', #515, #2930, #1976, .T. ) ;
#2918 = ORIENTED_EDGE ( 'NONE', *, *, #1896, .F. ) ;
#2919 = CARTESIAN_POINT ( 'NONE',  ( 56.10979026650861800, 47.33780904592568100, 4.824849486707520900 ) ) ;
#2920 = ORIENTED_EDGE ( 'NONE', *, *, #1995, .T. ) ;
#2921 = CARTESIAN_POINT ( 'NONE',  ( 14.93789407780154800, 10.51795004491417100, 4.677435247492261400 ) ) ;
#2922 = CARTESIAN_POINT ( 'NONE',  ( 37.25018737339981100, 55.96086649939057600, 3.225714554103709100 ) ) ;
#2923 = DIRECTION ( 'NONE',  ( 0.0000000000000000000, 0.0000000000000000000, -1.000000000000000000 ) ) ;
#2924 = FACE_OUTER_BOUND ( 'NONE', #1374, .T. ) ;
#2925 = CARTESIAN_POINT ( 'NONE',  ( 14.38749456993823900, 14.38749456993807900, 0.0000000000000000000 ) ) ;
#2926 = CYLINDRICAL_SURFACE ( 'NONE', #2215, 2.500000000000001300 ) ;
#2927 = EDGE_CURVE ( 'NONE', #849, #436, #877, .T. ) ;
#2928 = VERTEX_POINT ( 'NONE', #2984 ) ;
#2929 = CARTESIAN_POINT ( 'NONE',  ( 60.35279478684474700, 58.88285256258847500, 1.012133782927221900 ) ) ;
#2930 = VERTEX_POINT ( 'NONE', #623 ) ;
#2931 = AXIS2_PLACEMENT_3D ( 'NONE', #2713, #1312, #2006 ) ;
#2932 = CARTESIAN_POINT ( 'NONE',  ( 9.502795304103415200, 15.95304881861226900, 3.267534982961928200 ) ) ;
#2933 = ORIENTED_EDGE ( 'NONE', *, *, #1418, .T. ) ;
#2934 = CARTESIAN_POINT ( 'NONE',  ( 20.30144272003201800, 26.43901187372761200, 2.852780435123462700 ) ) ;
#2935 = DIRECTION ( 'NONE',  ( 0.7071067811865514600, -0.7071067811865435800, -0.0000000000000000000 ) ) ;
#2936 = APPROVAL ( #755, 'UNKNOWN' ) ;
#2937 = CARTESIAN_POINT ( 'NONE',  ( -12.61972761697188800, 16.15526152290445300, 0.0000000000000000000 ) ) ;
#2938 = CARTESIAN_POINT ( 'NONE',  ( 11.95186170762740100, 13.50398241508978400, -5.517419855254198400 ) ) ;
#2939 = EDGE_LOOP ( 'NONE', ( #2438, #2761, #2235, #391 ) ) ;
#2940 = ORGANIZATION ( 'NAUO-ORG2', 'UNSPECIFIED', 'UNSPECIFIED' ) ;
#2941 = CARTESIAN_POINT ( 'NONE',  ( 104.6886051058428300, 58.33988959747980400, 1.782614134666794700 ) ) ;
#2942 = CARTESIAN_POINT ( 'NONE',  ( 28.13829754363787200, 39.41340994437696600, 3.066326186298967000 ) ) ;
#2943 = CARTESIAN_POINT ( 'NONE',  ( 16.51648740810723100, 8.939356714608511100, 1.625328840279405100 ) ) ;
#2944 = CARTESIAN_POINT ( 'NONE',  ( 0.0000000000000000000, 0.0000000000000000000, 0.0000000000000000000 ) ) ;
#2945 = EDGE_CURVE ( 'NONE', #2165, #2251, #809, .T. ) ;
#2946 = CARTESIAN_POINT ( 'NONE',  ( 1.250000000000000000, -1.767766952966379800, -1.249999999999987300 ) ) ;
#2947 = AXIS2_PLACEMENT_3D ( 'NONE', #736, #463, #201 ) ;
#2948 = CALENDAR_DATE ( 2021, 1, 6 ) ;
#2949 = CARTESIAN_POINT ( 'NONE',  ( 137.7732285148242700, 58.36816407226445600, 1.924630231184474100 ) ) ;
#2950 = CARTESIAN_POINT ( 'NONE',  ( 22.00238179334095200, 23.19692536990695000, 5.320738453129840700 ) ) ;
#2951 = CARTESIAN_POINT ( 'NONE',  ( 31.35013514449891400, 54.27980704214977700, 2.880229203767225200 ) ) ;
#2952 = DIRECTION ( 'NONE',  ( -1.224646799147353200E-016, 0.0000000000000000000, -1.000000000000000000 ) ) ;
#2953 = ORIENTED_EDGE ( 'NONE', *, *, #1418, .F. ) ;
#2954 = CARTESIAN_POINT ( 'NONE',  ( 0.0000000000000000000, 0.0000000000000000000, -23.49999999999999600 ) ) ;
#2955 = PRODUCT_DEFINITION ( 'UNKNOWN', '', #2736, #186 ) ;
#2956 = EDGE_LOOP ( 'NONE', ( #2668, #1037, #12, #1594 ) ) ;
#2957 = ORIENTED_EDGE ( 'NONE', *, *, #553, .T. ) ;
#2958 = ORIENTED_EDGE ( 'NONE', *, *, #2212, .T. ) ;
#2959 = FACE_BOUND ( 'NONE', #842, .T. ) ;
#2960 = CARTESIAN_POINT ( 'NONE',  ( 104.3571396904747400, 58.96892289363498900, 0.8024978767645829500 ) ) ;
#2961 = CARTESIAN_POINT ( 'NONE',  ( 107.8959862498776100, 50.90034301863162400, -4.541795283014546500 ) ) ;
#2962 = CARTESIAN_POINT ( 'NONE',  ( 41.68493636472315700, 36.37940634222349000, 4.160230628279883500 ) ) ;
#2963 = CARTESIAN_POINT ( 'NONE',  ( 34.14390265382157700, 25.59473605974528700, 2.140090379143186000 ) ) ;
#2964 = CYLINDRICAL_SURFACE ( 'NONE', #2317, 2.500000000000001300 ) ;
#2965 = CARTESIAN_POINT ( 'NONE',  ( 137.4689386074879600, 59.10895707930154000, -0.2828823603210980400 ) ) ;
#2966 = DIRECTION ( 'NONE',  ( 0.0000000000000000000, 0.0000000000000000000, 1.000000000000000000 ) ) ;
#2967 = VERTEX_POINT ( 'NONE', #2664 ) ;
#2968 = DIRECTION ( 'NONE',  ( 0.7071067811865433500, 0.7071067811865517900, 0.0000000000000000000 ) ) ;
#2969 = ORIENTED_EDGE ( 'NONE', *, *, #1570, .F. ) ;
#2970 = CARTESIAN_POINT ( 'NONE',  ( 61.60030181691805500, 56.74860230691430700, 3.002949449828181500 ) ) ;
#2971 = CARTESIAN_POINT ( 'NONE',  ( 64.10916708788786900, 52.46759699344276100, -4.602237117680942000 ) ) ;
#2972 = CARTESIAN_POINT ( 'NONE',  ( 13.50398241508896100, 11.95186170762675300, 5.517419855254216200 ) ) ;
#2973 = DIRECTION ( 'NONE',  ( -0.0000000000000000000, -1.000000000000000000, -0.0000000000000000000 ) ) ;
#2974 = LOCAL_TIME ( 20, 22, 1.000000000000000000, #378 ) ;
#2975 = CC_DESIGN_APPROVAL ( #1941, ( #740 ) ) ;
#2976 = EDGE_CURVE ( 'NONE', #268, #1221, #662, .T. ) ;
#2977 = DIRECTION ( 'NONE',  ( 0.7071067811865514600, -0.7071067811865435800, -0.0000000000000000000 ) ) ;
#2978 = CARTESIAN_POINT ( 'NONE',  ( -4.415885040048101300E-014, -4.415885040048134700E-014, 0.0000000000000000000 ) ) ;
#2979 = CARTESIAN_POINT ( 'NONE',  ( 104.8950076373382000, 57.93100281324339600, -2.218246363384210900 ) ) ;
#2980 = CARTESIAN_POINT ( 'NONE',  ( 109.1848483750329800, 47.82404589069557900, -3.560465660124593900 ) ) ;
#2981 = VERTEX_POINT ( 'NONE', #2298 ) ;
#2982 = CARTESIAN_POINT ( 'NONE',  ( 16.65828502818096600, 8.797559094534767300, 0.6393613661824993900 ) ) ;
#2983 = DATE_AND_TIME ( #2296, #1676 ) ;
#2984 = CARTESIAN_POINT ( 'NONE',  ( -1.545498421107874500E-013, 18.29047859482459200, 14.75494468889203700 ) ) ;
#2985 = EDGE_CURVE ( 'NONE', #1140, #515, #2662, .T. ) ;
#2986 = CARTESIAN_POINT ( 'NONE',  ( 0.0000000000000000000, 0.0000000000000000000, 0.0000000000000000000 ) ) ;
#2987 = DIRECTION ( 'NONE',  ( 0.5000000000000088800, -0.7071067811865435800, -0.4999999999999966700 ) ) ;
#2988 = CARTESIAN_POINT ( 'NONE',  ( 48.98021727630926800, 34.68011440099547100, -2.348027787830693200 ) ) ;
#2989 = COORDINATED_UNIVERSAL_TIME_OFFSET ( 5, 30, .AHEAD. ) ;
#2990 = AXIS2_PLACEMENT_3D ( 'NONE', #970, #1239, #762 ) ;
#2991 = CARTESIAN_POINT ( 'NONE',  ( 35.46284780127955100, 59.12266932062509300, -0.1703156280785906300 ) ) ;
#2992 = EDGE_LOOP ( 'NONE', ( #1074, #423, #1127, #1132 ) ) ;
#2993 = CARTESIAN_POINT ( 'NONE',  ( 107.0426012100916600, 53.02703888618900400, -4.541795283014547400 ) ) ;
#2994 = CARTESIAN_POINT ( 'NONE',  ( 16.68064896819065600, 8.775195154525079000, 6.979551485375434800E-016 ) ) ;
#2995 = CARTESIAN_POINT ( 'NONE',  ( 137.4689386172509000, 59.10895707478498200, 0.2828823152753137700 ) ) ;
#2996 = APPLICATION_PROTOCOL_DEFINITION ( 'international standard', 'config_control_design', 1994, #3010 ) ;
#2997 = ORIENTED_EDGE ( 'NONE', *, *, #487, .T. ) ;
#2998 = DIRECTION ( 'NONE',  ( 0.0000000000000000000, 1.000000000000000000, 0.0000000000000000000 ) ) ;
#2999 = DIRECTION ( 'NONE',  ( 0.7071067811865502400, -0.7071067811865449100, 0.0000000000000000000 ) ) ;
#3000 = CARTESIAN_POINT ( 'NONE',  ( 58.52753047655478000, 43.11863694366756100, -4.000752643371393800 ) ) ;
#3001 = FACE_OUTER_BOUND ( 'NONE', #698, .T. ) ;
#3002 = CARTESIAN_POINT ( 'NONE',  ( 14.38749456993823900, 14.38749456993807900, 0.0000000000000000000 ) ) ;
#3003 = FACE_OUTER_BOUND ( 'NONE', #2992, .T. ) ;
#3004 = CARTESIAN_POINT ( 'NONE',  ( 110.2499824734177900, 45.58749237621428600, 1.782614134666796100 ) ) ;
#3005 = CARTESIAN_POINT ( 'NONE',  ( 61.24768470522594300, 57.35065140799734000, -2.608034737943804700 ) ) ;
#3006 = CARTESIAN_POINT ( 'NONE',  ( 36.86678234971709900, 50.61311833178727000, -4.510829065484140100 ) ) ;
#3007 = EDGE_LOOP ( 'NONE', ( #1756, #988 ) ) ;
#3008 = CARTESIAN_POINT ( 'NONE',  ( 45.06646458560574300, 30.52242734622822300, 0.1747974239545943300 ) ) ;
#3009 = PLANE ( 'NONE',  #1533 ) ;
#3010 = APPLICATION_CONTEXT ( 'configuration controlled 3d designs of mechanical parts and assemblies' ) ;
#3011 = CARTESIAN_POINT ( 'NONE',  ( 43.19531725975944200, 33.76334931415296800, -3.279871937474478500 ) ) ;
#3012 = CARTESIAN_POINT ( 'NONE',  ( -11.42349497468809200, 12.61972761697170000, 11.42349497468781500 ) ) ;
#3013 = CARTESIAN_POINT ( 'NONE',  ( 137.4623710926744900, 59.12266932379482400, -3.463046087467332800E-006 ) ) ;
#3014 = AXIS2_PLACEMENT_3D ( 'NONE', #2690, #2935, #2466 ) ;
#3015 = CARTESIAN_POINT ( 'NONE',  ( 44.65539586310710300, 42.47636175411832200, -4.746882818718411600 ) ) ;
#3016 = CARTESIAN_POINT ( 'NONE',  ( -1.730662180939043600E-013, 16.52271164185821600, 16.52271164185840000 ) ) ;
#3017 = CARTESIAN_POINT ( 'NONE',  ( 170.6514491195347600, 58.33941397750936600, -2.487201428850153800 ) ) ;
#3018 = CARTESIAN_POINT ( 'NONE',  ( 60.50634107036372500, 39.68688920819686700, -2.233980108552474400 ) ) ;
#3019 = ORIENTED_EDGE ( 'NONE', *, *, #591, .F. ) ;
#3020 = LOCAL_TIME ( 20, 22, 1.000000000000000000, #27 ) ;
#3021 = DIRECTION ( 'NONE',  ( -2.468850131082250700E-015, 0.7071067811865517900, 0.7071067811865433500 ) ) ;
#3022 = APPROVAL_ROLE ( '' ) ;
#3023 = CARTESIAN_POINT ( 'NONE',  ( 36.46646173120302600, 45.41806883817282200, -4.927375648881094200 ) ) ;
#3024 = AXIS2_PLACEMENT_3D ( 'NONE', #855, #2481, #1082 ) ;
#3025 = CARTESIAN_POINT ( 'NONE',  ( 49.34237109267840500, 59.12266932378845800, -5.872313925303636800E-006 ) ) ;
#3026 = CARTESIAN_POINT ( 'NONE',  ( 66.95225551761127700, 47.60462242630710300, -4.602237117680934000 ) ) ;
#3027 = DIRECTION ( 'NONE',  ( 0.0000000000000000000, -0.0000000000000000000, -1.000000000000000000 ) ) ;
#3028 = CARTESIAN_POINT ( 'NONE',  ( 140.6164484916749000, 47.79760320541438300, 0.6445854290373143100 ) ) ;
#3029 = ORIENTED_EDGE ( 'NONE', *, *, #2794, .F. ) ;
#3030 = CARTESIAN_POINT ( 'NONE',  ( 60.35279464040083000, 58.88285269047833700, -1.012133643130766600 ) ) ;
#3031 = ORGANIZATION ( 'UNSPECIFIED', 'UNSPECIFIED', '' ) ;
#3032 = CARTESIAN_POINT ( 'NONE',  ( 110.6652944645145700, 44.80471262164384400, -0.1190631294497143700 ) ) ;
#3033 = CARTESIAN_POINT ( 'NONE',  ( 110.6521594274362000, 44.82867903593069800, 0.3569010706752775400 ) ) ;
#3034 = COORDINATED_UNIVERSAL_TIME_OFFSET ( 5, 30, .AHEAD. ) ;
#3035 = APPROVAL_ROLE ( '' ) ;
#3036 = CARTESIAN_POINT ( 'NONE',  ( 28.91736989018868100, 37.72025297982403200, -4.099681056684906900 ) ) ;
#3037 = CARTESIAN_POINT ( 'NONE',  ( 61.27125707480115600, 38.36346351161812900, 0.0000000000000000000 ) ) ;
#3038 = NEXT_ASSEMBLY_USAGE_OCCURRENCE ( 'NAUO1', ' ', ' ', #2955, #884, $ ) ;
#3039 = NEXT_ASSEMBLY_USAGE_OCCURRENCE ( 'NAUO2', ' ', ' ', #2955, #241, $ ) ;
#3040 = NEXT_ASSEMBLY_USAGE_OCCURRENCE ( 'NAUO3', ' ', ' ', #2955, #296, $ ) ;
ENDSEC;
END-ISO-10303-21;
